sample_id,source_sample,q1,q2,r1,theta_q1,theta_q2,theta_r,p_trace,spec_cost_old,spec_cost_new,spec_improvement_ratio
0,sample_000000,0.01,0.01,0.001,-2.0,-2.0,-3.0,0.03424829471677154,0.5175122223861979,0.06837585752848727,7.568639591402389
1,sample_000001,0.01,0.01,0.001,-2.0,-2.0,-3.0,0.03424829471677154,0.5638463958455973,0.11451172291470527,4.923918542956354
2,sample_000002,0.01,0.01,0.001,-2.0,-2.0,-3.0,0.03424829471677154,0.6255889820736187,0.3259669780839523,1.919179009330507
3,sample_000003,0.01,0.01,0.001,-2.0,-2.0,-3.0,0.03424829471677154,0.44050998108438855,0.051242470569473786,8.596579676757615
4,sample_000004,0.1,0.1,0.01,-1.0,-1.0,-2.0,0.3424829471677156,0.752336469716308,0.02991378399262053,25.150160538095175
5,sample_000005,0.01,0.01,0.001,-2.0,-2.0,-3.0,0.03424829471677154,0.5104574568503903,0.0614134161671505,8.311823192851948
6,sample_000006,0.15703835256527957,0.1234870786239134,0.993664779319859,-0.8039942694164637,-0.9083784835048734,-0.0027601035764135418,0.48574562242456165,0.800894776157901,0.23047678689098602,3.474947681116011
7,sample_000007,0.01,0.01,0.001,-2.0,-2.0,-3.0,0.03424829471677154,0.34344907162673244,0.0375010366526856,9.158388734892123
8,sample_000008,0.01,0.01,0.001,-2.0,-2.0,-3.0,0.03424829471677154,0.36555228968910614,0.06650566137235911,5.496558971760499
9,sample_000009,0.1,0.1,0.01,-1.0,-1.0,-2.0,0.3424829471677156,0.5773915209292166,0.02408804990714313,23.97004004703575
10,sample_000010,0.01,0.01,0.001,-2.0,-2.0,-3.0,0.03424829471677154,0.6829651588069862,0.08717363548436367,7.834537988604245
11,sample_000011,0.06398238947947223,0.07263362065402722,0.006643805449587342,-1.1939395448337882,-1.1388623065081234,-2.1775830934704548,0.23270976507191213,0.8114684794323521,0.08587827180355073,9.449054602409932
12,sample_000012,0.01,0.01,0.001,-2.0,-2.0,-3.0,0.03424829471677154,0.37643402494337025,0.0763607556742012,4.929679147616792
13,sample_000013,0.1,0.1,0.01,-1.0,-1.0,-2.0,0.3424829471677156,0.7201936028335651,0.3667626954368508,1.9636500979897724
14,sample_000014,0.01,0.01,0.001,-2.0,-2.0,-3.0,0.03424829471677154,0.46064235380326046,0.16168776149474348,2.8489624047286726
15,sample_000015,0.01,0.01,0.001,-2.0,-2.0,-3.0,0.026558938717694193,0.327177925102898,0.0034007767109155086,96.2068235920199
16,sample_000016,3.4963092466787846,0.18409320658078066,0.21864874967139333,0.54360983877541,-0.7349622375628861,-0.6602530017966775,4.259057664140457,0.9714888053494064,0.17894882851426386,5.428863733924751
17,sample_000017,0.7601195532148909,0.02874473331508738,0.009156321164567624,-0.11911809559004993,-1.5414417162517244,-2.038278982538201,0.8916703794139201,0.09111380990567383,0.053900268759682984,1.6904147604886584
18,sample_000018,0.7652508894057454,0.17389871708106952,0.0013657615886825047,-0.1161961569756027,-0.7597036219459214,-2.8646251057469243,1.2146647491061704,0.4036087251871421,0.26906034423195335,1.5000676756705416
19,sample_000019,0.1,0.1,0.01,-1.0,-1.0,-2.0,0.26558938717694186,0.917210134608112,0.07319470318845028,12.531099856319146
20,sample_000020,0.01,0.01,0.001,-2.0,-2.0,-3.0,0.026558938717694193,0.5245878689058562,0.07538673914993096,6.958622628079763
21,sample_000021,0.01,0.01,0.001,-2.0,-2.0,-3.0,0.026558938717694193,0.32221514927920486,0.022251319138279244,14.4807212227204
22,sample_000022,0.6782705043989696,0.01787058776609642,0.05240313270746739,-0.16859706846540679,-1.7478611632540395,-1.2806427497166704,0.7688665392730549,0.1469991042404462,0.05642973819983131,2.604993553574304
23,sample_000023,3.7482253762724453,0.018674537140373884,0.005099308492066062,0.5738256966044073,-1.7287501536289045,-2.2924887137926078,3.882385237576554,0.9063820557157571,0.2454662479855765,3.69249158755633
24,sample_000024,0.01,0.01,0.001,-2.0,-2.0,-3.0,0.026558938717694193,0.7186147405715639,0.1332210391944411,5.394153542990449
25,sample_000025,0.01,0.01,0.001,-2.0,-2.0,-3.0,0.026558938717694193,0.5174877226113827,0.06836634823427233,7.569333977560087
26,sample_000026,0.01,0.01,0.001,-2.0,-2.0,-3.0,0.026558938717694193,0.13974210973803458,0.06269964936924298,2.2287542457388034
27,sample_000027,0.023831200655874275,0.005374150631833082,0.0008924917891190505,-1.6228540766176573,-2.269690164911207,-3.049395770685451,0.03775471502532099,5.898614120773485,5.177152870039851,1.139354828579377
28,sample_000028,0.7322384772080653,18.81086468089132,0.14342021140063063,-0.13534745382093227,1.2744087592669473,-0.8433896416860671,20.387561655552666,8.861247511819554,8.483892936020316,1.0444789412885083
29,sample_000029,0.01,0.01,0.001,-2.0,-2.0,-3.0,0.026558938717694193,0.14854862628751977,0.04916893151618619,3.0211888220230745
30,sample_000030,0.01,0.01,0.001,-2.0,-2.0,-3.0,0.026603993052767054,0.2803685553696024,0.07102489887053415,3.947468561421887
31,sample_000031,0.10884129611624745,0.023486231642499245,0.004884489481438437,-0.9632062951467582,-1.629186660027651,-2.311180821296375,0.17093890370794007,0.6460753407284349,0.22321516128417848,2.8944061730014248
32,sample_000032,0.01,0.01,0.001,-2.0,-2.0,-3.0,0.026603993052767054,0.38062623998214706,0.3759830684497607,1.0123494165615778
33,sample_000033,0.01,0.01,0.001,-2.0,-2.0,-3.0,0.026603993052767054,0.5392849451782425,0.09018386314355771,5.97983859174219
34,sample_000034,3.8739754516494918,0.003333653892106359,0.002850621383702599,0.5881568643833646,-2.4770794916558825,-2.5450604613604817,3.9027302941491686,4.928708699388016,4.448970841464871,1.1078311984991986
35,sample_000035,0.1,0.1,0.01,-1.0,-1.0,-2.0,0.26603993052767066,0.7646254983125181,0.04086095498271044,18.71286411773918
36,sample_000036,0.01,0.01,0.001,-2.0,-2.0,-3.0,0.026603993052767054,0.21751269149303493,0.025863873561107253,8.409903914010746
37,sample_000037,0.01,0.01,0.001,-2.0,-2.0,-3.0,0.026603993052767054,0.5240839852232151,0.07499439407400528,6.988308815536843
38,sample_000038,0.01,0.01,0.001,-2.0,-2.0,-3.0,0.026603993052767054,0.14802969588925977,0.023841009263201943,6.209036465488071
39,sample_000039,1.007225300441961,0.01705660401148575,0.012295389187587704,0.0031266262581963744,-1.768107433068005,-1.9102577199267525,1.1059743022689477,0.8557609553982395,0.3310022119229079,2.5853632530937602
40,sample_000040,0.001000186683307589,13.203135445936223,0.00010000000065510054,-2.999918932036433,1.1206770785670863,-3.9999999971549345,13.205357681039484,2.1141591962448887,2.1141591962448887,1.0
41,sample_000041,0.01,0.01,0.001,-2.0,-2.0,-3.0,0.026603993052767054,0.19151116137133806,0.024853177426933062,7.705701290483684
42,sample_000042,0.01,0.01,0.001,-2.0,-2.0,-3.0,0.026603993052767054,0.6317982623352874,0.18257941693250304,3.460402453628461
43,sample_000043,0.01,0.01,0.001,-2.0,-2.0,-3.0,0.026603993052767054,0.41233050833564366,0.04906722279013229,8.403379789788424
44,sample_000044,0.01,0.01,0.001,-2.0,-2.0,-3.0,0.026603993052767054,0.21712994773578148,0.10622459045598179,2.044064814029644
45,sample_000045,0.1,0.1,0.01,-1.0,-1.0,-2.0,0.2922703432087707,0.7967275114362565,0.2905345799436114,2.742281182470224
46,sample_000046,1.8604159136518132,0.03158394859176374,0.0007396628811993514,0.2696100457296158,-1.5005335758978529,-3.130966175126374,2.07928046650701,1.4269532673635743,0.15640447578530295,9.123481026990294
47,sample_000047,0.1,0.1,0.01,-1.0,-1.0,-2.0,0.2922703432087707,0.4419032974933948,0.017151117527461752,25.76527720632986
48,sample_000048,2.85446085642183,0.009915317901367867,0.000608100071484744,0.4555240918490737,-2.003693357041475,-3.2160249455341665,2.9444749658579155,0.507810180441545,0.2392774246967838,2.122265320621242
49,sample_000049,0.011784770055456348,10.67563830006129,0.00017386847552132006,-1.9286788870149834,1.0283938510888184,-3.7597791537547627,10.711360143536764,3.209862106172949,1.3094388028654453,2.451326552374045
50,sample_000050,0.01,0.01,0.001,-2.0,-2.0,-3.0,0.029227034320877046,0.329087388228845,0.08704068561564804,3.7808455425319187
51,sample_000051,0.01,0.01,0.001,-2.0,-2.0,-3.0,0.029227034320877046,0.5453812476309176,0.12732831602183187,4.283267576847603
52,sample_000052,0.1,0.1,0.01,-1.0,-1.0,-2.0,0.2922703432087707,0.6944276157586293,0.13349813442400316,5.201777678428518
53,sample_000053,14.225476490171676,15.405691432894871,3.3517311168656776,1.1530668222436617,1.1876811949445591,0.5252691713110617,43.15908786233178,2.3085624494447976,2.3085624494447976,1.0
54,sample_000054,0.1,0.1,0.01,-1.0,-1.0,-2.0,0.2922703432087707,0.7599792570005038,0.1967890200785301,3.8618986806135247
55,sample_000055,0.06666953683287277,0.05452099068399075,0.0022825349248037116,-1.176072561997974,-1.2634362613355021,-2.641582568653031,0.17809376718217235,0.6931744558169923,0.3037044945237201,2.282397752802613
56,sample_000056,1.4661669985631907,0.0051975217377662674,0.02020602002478139,0.1661834398984805,-2.284203685628586,-1.6945192209475195,1.5132779674448165,0.6662177036975274,0.25115466622840177,2.652619255306467
57,sample_000057,0.7534923155414751,0.07053121902271865,0.036160869560673145,-0.12292117246010115,-1.1516186099840535,-1.4417611345887824,1.0504579560848477,0.9299721811875449,0.21219409477280374,4.382648735740108
58,sample_000058,0.1,0.1,0.01,-1.0,-1.0,-2.0,0.2922703432087707,0.7677539167532538,0.2612103704460581,2.939216829110545
59,sample_000059,2.134837784887225,0.0036597327110909,0.003307052145094564,0.3293648808576135,-2.4365506321840664,-2.48055895714306,2.1700699274137434,0.7626126438366972,0.23804438277966883,3.203657380743837
60,sample_000060,0.09771729251692568,0.0030464126243605473,0.020595867916733655,-1.0100285746626678,-2.516211273571761,-1.686219902007828,0.11400525089899992,0.4982920703826622,0.3155587978168525,1.579078364571114
61,sample_000061,0.10894382444385434,0.021098159254911666,0.061264824952511655,-0.962797383003509,-1.675755433816386,-1.2127888030283884,0.17245920344138482,0.7363320932197011,0.06395810639301512,11.512725043718868
62,sample_000062,7.905169556320595,0.20922323404668028,0.30694553004951325,0.8979111894592062,-0.6793900891260876,-0.5129386867305508,9.074534428515872,0.7655588875200916,0.23217516485099948,3.2973332354965526
63,sample_000063,0.01,0.01,0.001,-2.0,-2.0,-3.0,0.027930048897705492,0.4964180587949022,0.047300447890057926,10.49499700190459
64,sample_000064,0.34251754284128105,0.05276503338554621,0.8924853198117417,-0.46531718018891155,-1.2776537827370804,-0.04939891871962132,0.5141056373209868,0.774911920280954,0.18427344422477102,4.205228395990366
65,sample_000065,0.01,0.01,0.001,-2.0,-2.0,-3.0,0.027930048897705492,1.837338944205762,0.4233331693040127,4.340172416034554
66,sample_000066,0.01,0.01,0.001,-2.0,-2.0,-3.0,0.027930048897705492,0.24398106435692105,0.0352613600843974,6.919218764476384
67,sample_000067,0.01,0.01,0.001,-2.0,-2.0,-3.0,0.027930048897705492,0.22301980555142611,0.07657512205667505,2.9124316039139173
68,sample_000068,0.01,0.01,0.001,-2.0,-2.0,-3.0,0.027930048897705492,0.4705129375341029,0.021388551506900097,21.998354464644887
69,sample_000069,0.01,0.01,0.001,-2.0,-2.0,-3.0,0.027930048897705492,1.010714054209807,0.03134350281757571,32.2463657011256
70,sample_000070,0.1,0.1,0.01,-1.0,-1.0,-2.0,0.27930048897705506,0.8548051793633256,0.17130067705321242,4.99008640285637
71,sample_000071,0.01,0.01,0.001,-2.0,-2.0,-3.0,0.027930048897705492,0.0915914318708797,0.018067152253204932,5.069500195009001
72,sample_000072,3.336955812795152,0.16881318818722826,0.005781623258641868,0.5233504558647741,-0.7725936280112711,-2.2379502111820697,4.121117307790303,0.7671833777547425,0.20618437651726274,3.7208608659565936
73,sample_000073,0.11050966485646249,0.033120961062867715,0.0009483838786967549,-0.9565997381754432,-1.479897069887019,-3.0230158370773874,0.1967511602195141,0.80477127443604,0.07502624548483725,10.726530019400794
74,sample_000074,0.01,0.01,0.001,-2.0,-2.0,-3.0,0.027930048897705492,0.32457798404098775,0.022967025472475318,14.132347457443982
75,sample_000075,0.01,0.01,0.001,-2.0,-2.0,-3.0,0.026568997535989146,0.5906417467523477,0.016877817175206894,34.995150179727396
76,sample_000076,7.257958355233957,0.07456642323225302,0.0030639506640075414,0.8608144719736615,-1.1274566884468387,-2.5137182320295732,7.752776326816662,1.0555708792977134,0.23521196589718124,4.487743109800535
77,sample_000077,1.3313139173793136,0.03791526742479271,0.0022705997517435696,0.12428047208704474,-1.4211858764912861,-2.6438594139655347,1.5245476871211305,0.8786103287939042,0.3689420632178424,2.3814317107971705
78,sample_000078,0.09958803427305034,0.011007938028505327,0.004898036696863533,-1.0017928399032918,-1.9582940240535067,-2.309977965396353,0.13598900247256046,0.7796142768857861,0.20697112296112927,3.766778020681675
79,sample_000079,0.01,0.01,0.001,-2.0,-2.0,-3.0,0.026568997535989146,4.743709386671609,4.294542041067862,1.1045902779175167
80,sample_000080,0.1,0.1,0.01,-1.0,-1.0,-2.0,0.2656899753598916,1.1483720003799307,0.10804840724252557,10.62831030727083
81,sample_000081,0.01,0.01,0.001,-2.0,-2.0,-3.0,0.026568997535989146,0.35908393011893786,0.02210591926943047,16.243790893396724
82,sample_000082,0.01,0.01,0.001,-2.0,-2.0,-3.0,0.026568997535989146,0.4521984560863767,0.002786439861853581,162.28538152822992
83,sample_000083,0.01,0.01,0.001,-2.0,-2.0,-3.0,0.026568997535989146,0.6144511517541309,0.06461615463576761,9.509249741302428
84,sample_000084,0.01,0.01,0.001,-2.0,-2.0,-3.0,0.026568997535989146,0.5777817158570431,0.12832693422858596,4.502419693342421
85,sample_000085,4.189804377555702,0.015453196428188478,0.002623600275053833,0.6221937461807565,-1.8109816749741996,-2.5811023322392983,4.312815340334301,0.48097927612950897,0.2656792935247519,1.8103754709235507
86,sample_000086,0.01,0.01,0.001,-2.0,-2.0,-3.0,0.026568997535989146,0.5576789655955379,0.035100960858910527,15.887854689709119
87,sample_000087,0.01,0.01,0.001,-2.0,-2.0,-3.0,0.026568997535989146,0.2192482914307796,0.09779838369152809,2.241839621013821
88,sample_000088,0.12358286843989172,0.05746804635642569,0.006199493675859845,-0.9080417287430684,-1.2405735665872966,-2.2076437786887535,0.24230150640652517,0.04514850941341064,0.032223105713949464,1.401122220005806
89,sample_000089,9.660657275195843,0.12977789895240166,0.048969799534404765,0.985006675202234,-0.8867992611586519,-1.3100716738310778,10.470002383693133,0.603060294488416,0.2689316393881525,2.242429696485103
90,sample_000090,0.01,0.01,0.001,-2.0,-2.0,-3.0,0.025341040556583098,0.2027852219025961,0.03325419629137874,6.098034068415265
91,sample_000091,0.01,0.01,0.001,-2.0,-2.0,-3.0,0.025341040556583098,0.5507719314470043,0.10170258020897244,5.415515814006987
92,sample_000092,0.01,0.01,0.001,-2.0,-2.0,-3.0,0.025341040556583098,0.5047756595831405,0.05560546805272823,9.077806144972719
93,sample_000093,0.01,0.01,0.001,-2.0,-2.0,-3.0,0.025341040556583098,0.40251602995411445,0.0629109740631689,6.398184672040656
94,sample_000094,0.01,0.01,0.001,-2.0,-2.0,-3.0,0.025341040556583098,0.41380403253085896,0.05627741014184536,7.352933112733502
95,sample_000095,0.5743653991791592,0.0037987415454806043,0.10895134603948968,-0.24081173067065986,-2.4203602534813213,-0.9627673998930657,0.599479810840645,0.7652459919227286,0.27649643769271093,2.7676522645590027
96,sample_000096,3.132397491631642,0.05260101644174669,0.03715224171310682,0.49587686752024585,-1.279005863626172,-1.4300149764051557,3.411555000875873,0.7397142115809423,0.3674845655401639,2.0129123259738533
97,sample_000097,0.1,0.1,0.01,-1.0,-1.0,-2.0,0.2534104055658311,0.8113357345855172,0.0882080815920745,9.197975060126643
98,sample_000098,0.46088763109515407,0.0727500038786134,0.013317997872920075,-0.33640494693992373,-1.138166979187961,-1.875561058806678,0.6527651654510238,0.08422114034163598,0.033116070864232974,2.543210536265613
99,sample_000099,4.92604892681515,0.05638395112007612,0.012754998733625863,0.692498721051666,-1.248844494099,-1.8943195801729154,5.255894042678084,0.49141151171706354,0.25443368703615943,1.9313932735928379
100,sample_000100,0.1,0.1,0.01,-1.0,-1.0,-2.0,0.2534104055658311,1.6268539037889251,0.05795407697303144,28.071431532693914
101,sample_000101,0.1,0.1,0.01,-1.0,-1.0,-2.0,0.2534104055658311,1.0116161038901377,0.13020735118427507,7.769270280742098
102,sample_000102,0.01,0.01,0.001,-2.0,-2.0,-3.0,0.025341040556583098,0.1883066273137917,0.02575656231551894,7.311015538759707
103,sample_000103,0.01,0.01,0.001,-2.0,-2.0,-3.0,0.025341040556583098,0.05529602745686905,0.04658600057211211,1.1869666161033587
104,sample_000104,0.01,0.01,0.001,-2.0,-2.0,-3.0,0.025341040556583098,0.3563693305876052,0.031170882397511902,11.43276362994623
105,sample_000105,0.28568414762604283,0.10256913684371782,0.001794207083552949,-0.5441138575855504,-0.9889832992130758,-2.746127433056658,0.5290701244597109,0.793238606535603,0.07209843579980019,11.00216111120959
106,sample_000106,0.01,0.01,0.001,-2.0,-2.0,-3.0,0.0273237070163308,1.032021614240356,0.041322772135455446,24.974646203730092
107,sample_000107,0.08538743468739446,0.03258603295798703,0.16433643191289835,-1.0686060338476233,-1.4869685075717598,-0.7842661467001193,0.16141585883757062,0.793375469939541,0.07026608030728926,11.291016468684932
108,sample_000108,0.1,0.1,0.01,-1.0,-1.0,-2.0,0.273237070163308,0.8029288523340491,0.11895005136390766,6.7501345575515845
109,sample_000109,0.1,0.1,0.01,-1.0,-1.0,-2.0,0.273237070163308,0.46333397001625015,0.15935559018867645,2.9075476390107458
110,sample_000110,0.46138219460614704,0.0009585353840695868,0.0017004899297132098,-0.3359391695321037,-3.018391850628872,-2.7694259356118436,0.47057945350703195,0.7559062776415333,0.20549235440862682,3.6785129053433994
111,sample_000111,0.07182655745357212,0.036442833613711575,0.0007125654969813419,-1.1437149481949243,-1.4383878618045831,-3.147175210378754,0.14914402458292947,0.11537449917143741,0.11537449917143741,1.0
112,sample_000112,0.01,0.01,0.001,-2.0,-2.0,-3.0,0.0273237070163308,0.9369532412716072,0.48786200948464237,1.9205292132940759
113,sample_000113,0.16401617894076134,0.1646461908237351,0.266227471861582,-0.7851133100124681,-0.78344831246722,-0.5747471319481159,0.449739684307942,0.7481406942131636,0.16471212447360994,4.542110646706098
114,sample_000114,0.17024694485671077,0.06941488415505241,0.001171267945858896,-0.7689206729175391,-1.1585473967882196,-2.9313437419075514,0.3282328840932088,0.7397917814931252,0.016641834552666785,44.45373970951878
115,sample_000115,0.1,0.1,0.01,-1.0,-1.0,-2.0,0.273237070163308,0.6083198198487738,0.16155721311866827,3.765352274317495
116,sample_000116,0.1,0.1,0.01,-1.0,-1.0,-2.0,0.273237070163308,0.8244573341300087,0.10083844627768682,8.176021790931161
117,sample_000117,0.01,0.01,0.001,-2.0,-2.0,-3.0,0.0273237070163308,0.4861814077299295,0.03704189183773599,13.125177565435195
118,sample_000118,7.801930727811629,0.030460144910862432,0.11253590119393662,0.8922020899564549,-1.5162680348857864,-0.9487089068581653,8.071753117045255,0.7603169600260397,0.2678885749041617,2.838183600394479
119,sample_000119,0.01,0.01,0.001,-2.0,-2.0,-3.0,0.0273237070163308,0.6206065413942684,0.021933142547449828,28.295377192377135
120,sample_000120,0.01,0.01,0.001,-2.0,-2.0,-3.0,0.031130433754713492,0.5054773019926914,0.05608022648593208,9.013467556510173
121,sample_000121,0.01,0.01,0.001,-2.0,-2.0,-3.0,0.031130433754713492,0.7495447401034319,0.30048544185012993,2.4944461052368543
122,sample_000122,0.01,0.01,0.001,-2.0,-2.0,-3.0,0.031130433754713492,0.4495665932638998,0.03789066626259552,11.86483737573382
123,sample_000123,0.01,0.01,0.001,-2.0,-2.0,-3.0,0.031130433754713492,0.23827698415008214,0.1388562496649931,1.715997549443782
124,sample_000124,0.01,0.01,0.001,-2.0,-2.0,-3.0,0.031130433754713492,0.362093934242565,0.021771244692425522,16.631751622751352
125,sample_000125,9.455409035718098,0.012276954844562335,0.011434099506245183,0.9756803209243552,-1.9109093415176677,-1.9417980326198085,9.605828216471135,0.7761605246142715,0.23278936403810718,3.334175200922047
126,sample_000126,0.01,0.01,0.001,-2.0,-2.0,-3.0,0.031130433754713492,0.48384267329056746,0.034831463116455054,13.890966097889551
127,sample_000127,0.01,0.01,0.001,-2.0,-2.0,-3.0,0.031130433754713492,0.020162586372774412,0.016979175863302845,1.1874891063677526
128,sample_000128,0.07299870314370635,0.01735079629224323,0.14520073962406327,-1.1366848552567363,-1.760680589034981,-0.8380311714194564,0.1333422011347779,0.5974801806816283,0.08557219816807722,6.982176378221388
129,sample_000129,0.01,0.01,0.001,-2.0,-2.0,-3.0,0.031130433754713492,0.10590767167232815,0.059601569379250555,1.7769275670985671
130,sample_000130,6.10055489278548,0.08944242116115672,0.09839674649006859,0.7853693392590682,-1.0484564531663025,-1.007019261373232,6.867141359165534,1.5664379660412588,0.2806321141342142,5.581820066723011
131,sample_000131,0.11473224001959996,0.013641721361779012,0.015846855161315464,-0.9403145272149054,-1.865130825372065,-1.8000569114651341,0.17544831161484173,1.0258242958588832,0.07106623176418123,14.434764168485415
132,sample_000132,0.01,0.01,0.001,-2.0,-2.0,-3.0,0.031130433754713492,0.30725219518758523,0.015401803567190345,19.9491049114604
133,sample_000133,1.6477378242244745,0.0811637689655155,0.05005116649329665,0.2168881111532599,-1.0906377940324736,-1.300585796392486,2.1365031838419895,0.7595593013203927,0.20445247835855376,3.7150897236292404
134,sample_000134,0.1,0.1,0.01,-1.0,-1.0,-2.0,0.3113043375471348,1.1882776019577768,0.01231220157949384,96.51219518180008
135,sample_000135,0.1,0.1,0.01,-1.0,-1.0,-2.0,0.30639752113980845,0.7064583639197142,0.049185975111847406,14.36300413508626
136,sample_000136,0.1,0.1,0.01,-1.0,-1.0,-2.0,0.30639752113980845,0.8059065721768418,0.29996653521270067,2.6866549350426325
137,sample_000137,0.01,0.01,0.001,-2.0,-2.0,-3.0,0.030639752113980852,0.505745084621508,0.056519874159277644,8.948092899079656
138,sample_000138,0.1,0.1,0.01,-1.0,-1.0,-2.0,0.30639752113980845,0.3088840752781192,0.028920435983361602,10.680477827368343
139,sample_000139,0.1,0.1,0.01,-1.0,-1.0,-2.0,0.30639752113980845,1.5842579859297774,0.21407729469011577,7.400401748457468
140,sample_000140,0.1,0.1,0.01,-1.0,-1.0,-2.0,0.30639752113980845,0.6504309895658482,0.16219544120379892,4.010168132583827
141,sample_000141,0.01,0.01,0.001,-2.0,-2.0,-3.0,0.030639752113980852,0.175738999624144,0.018628249100103137,9.434005240093713
142,sample_000142,0.010203192873803899,3.7067513667859577,0.00017349774412757883,-1.9912639036801623,0.5689934563683234,-3.760706167670304,3.741976670661819,1.4312677699307972,0.9701446442126733,1.4753137879685467
143,sample_000143,0.01,0.01,0.001,-2.0,-2.0,-3.0,0.030639752113980852,0.47061599741603566,0.021369422398184165,22.022869343254946
144,sample_000144,0.1,0.1,0.01,-1.0,-1.0,-2.0,0.30639752113980845,0.6065134966650683,0.23974708038952347,2.529805558756543
145,sample_000145,0.01,0.01,0.001,-2.0,-2.0,-3.0,0.030639752113980852,0.48441526402620283,0.035123678856898925,13.791700635910322
146,sample_000146,0.01,0.01,0.001,-2.0,-2.0,-3.0,0.030639752113980852,0.358278799505902,0.10471943035410405,3.421321127267388
147,sample_000147,0.1,0.1,0.01,-1.0,-1.0,-2.0,0.30639752113980845,1.0897142935669522,0.9292535156266998,1.1726770738467809
148,sample_000148,0.01,0.01,0.001,-2.0,-2.0,-3.0,0.030639752113980852,0.5211489982141716,0.004478379278533079,116.37000035085845
149,sample_000149,1.9730168310628142,0.11328272530726542,0.18085182418238788,0.2951307900705018,-0.9458363114580699,-0.742677106319837,2.6040602960486736,0.7581474475536317,0.06375565333310008,11.89145445020518
150,sample_000150,0.01,0.01,0.001,-2.0,-2.0,-3.0,0.027505026885597847,0.5438901037558832,0.017167459809886352,31.681454902411897
151,sample_000151,0.01,0.01,0.001,-2.0,-2.0,-3.0,0.027505026885597847,0.5397370206370189,0.46291432477239236,1.1659544579926298
152,sample_000152,0.01,0.01,0.001,-2.0,-2.0,-3.0,0.027505026885597847,0.5609886355065848,0.11170894559986529,5.0218774556875
153,sample_000153,0.01,0.01,0.001,-2.0,-2.0,-3.0,0.027505026885597847,0.495367893379825,0.21881190144894747,2.2638983076311447
154,sample_000154,0.47182508496739006,0.008134805281871176,0.03397836358053919,-0.32621897321449733,-2.089652838058525,-1.4687975408600051,0.5199716273781949,0.6260861897456564,0.24205145675492998,2.586583027176533
155,sample_000155,0.6624574554308539,0.003875294959462108,0.006981110764920615,-0.17884200790423588,-2.4116952365404685,-2.156075471259875,0.6903796400526296,0.784310017719895,0.08057183610201565,9.734294955458685
156,sample_000156,0.01,0.01,0.001,-2.0,-2.0,-3.0,0.027505026885597847,0.493985469620633,0.044525873410584116,11.09434654016712
157,sample_000157,0.3118444983558721,3.3942142100810755,0.004392708041218831,-0.5060619134847837,0.5307392473277179,-2.3572676609052294,4.114471824971598,2.8873845223141994,0.9841546918611455,2.9338726383083493
158,sample_000158,0.01,0.01,0.001,-2.0,-2.0,-3.0,0.027505026885597847,0.45079447703918074,0.30049998073364964,1.500148106294708
159,sample_000159,0.01,0.01,0.001,-2.0,-2.0,-3.0,0.027505026885597847,1.0780200818365195,0.029983439489955837,35.953849864277444
160,sample_000160,0.01,0.01,0.001,-2.0,-2.0,-3.0,0.027505026885597847,0.30867655385925286,0.007965533153967945,38.75152458633468
161,sample_000161,0.01,0.01,0.001,-2.0,-2.0,-3.0,0.027505026885597847,0.350750771883782,0.06011602287652879,5.834563816774484
162,sample_000162,0.01,0.01,0.001,-2.0,-2.0,-3.0,0.027505026885597847,0.29520165671705045,0.10347329999292411,2.8529258923532685
163,sample_000163,1.0862174105291937,0.000621807147985498,0.004937106435782922,0.0359167596388561,-3.206344289830917,-2.3065275100146323,1.0914611070504776,0.7448799408187377,0.23579996046149543,3.1589485399441855
164,sample_000164,0.1,0.1,0.01,-1.0,-1.0,-2.0,0.2750502688559787,0.7635989695259091,0.04076151573131293,18.733331080210878
165,sample_000165,0.01,0.01,0.001,-2.0,-2.0,-3.0,0.032271588438929175,0.510511002571602,0.061346279326615696,8.321792424501801
166,sample_000166,0.01,0.01,0.001,-2.0,-2.0,-3.0,0.032271588438929175,0.3928390215103865,0.11741173079394762,3.3458242958687117
167,sample_000167,0.01,0.01,0.001,-2.0,-2.0,-3.0,0.032271588438929175,0.3281747225318172,0.011525441928641982,28.473938315221314
168,sample_000168,1.215329111306838,0.007599258994209821,0.0035154165342968164,0.08469390087247586,-2.1192287538264907,-2.454023208957368,1.3196012750060857,0.6898140945085272,0.19619599196396964,3.5159438661479276
169,sample_000169,1.3371820028324843,0.0031798236707041316,0.046046781760074026,0.12619052277908605,-2.4975969620795295,-1.336800717534059,1.3912380722379123,0.7545459900169881,0.27929896392898923,2.701571031279689
170,sample_000170,0.1,0.1,0.01,-1.0,-1.0,-2.0,0.3227158843892917,0.7161434358829695,0.158229085531179,4.525991119008607
171,sample_000171,0.1,0.1,0.01,-1.0,-1.0,-2.0,0.3227158843892917,0.7031127840285116,0.17113557544679556,4.10851327780823
172,sample_000172,4.804607136959905,0.02332162059245426,0.0005759615685601024,0.6816578820720309,-1.6322412742429502,-3.2396064942141343,5.145592408382351,1.0559417108258733,0.5959571954289185,1.7718415331253745
173,sample_000173,0.01,0.01,0.001,-2.0,-2.0,-3.0,0.032271588438929175,0.531638706296382,0.004216245849276441,126.09290949853354
174,sample_000174,0.5602967113537803,0.01801210517232111,0.005355803331860436,-0.2515819266045316,-1.7444355258649256,-2.271175378907218,0.7068887071649451,0.7639491596029722,0.2508797000059075,3.0450816051875993
175,sample_000175,0.1,0.1,0.01,-1.0,-1.0,-2.0,0.3227158843892917,0.7873792085232583,0.06336604776538932,12.425884780419059
176,sample_000176,0.01,0.01,0.001,-2.0,-2.0,-3.0,0.032271588438929175,0.4263715489033777,0.06414263477879588,6.647240955626079
177,sample_000177,7.148765064031522,0.056452768385381734,0.016163051375957836,0.8542310247103675,-1.2483147558645236,-1.7914766466157097,7.875812983531335,1.7489709897227608,0.20279798566757473,8.624202967132344
178,sample_000178,2.088368566106943,0.049668919917975264,0.004472450089681525,0.31980714763528795,-1.3039152839098191,-2.349454497243954,2.538561054908733,0.766796232285161,0.1700992300205449,4.507934763682035
179,sample_000179,5.136296565600202,0.056916430104382756,0.0035352154694159726,0.710650091596098,-1.2447623474245058,-2.4515841110533394,5.79990647565448,0.6791782268988729,0.2412195350979834,2.81560208887307
180,sample_000180,0.01,0.01,0.001,-2.0,-2.0,-3.0,0.034865530992388476,0.2523322573913928,0.09958186694367331,2.5339177215277555
181,sample_000181,0.01,0.01,0.001,-2.0,-2.0,-3.0,0.034865530992388476,0.2908915086515731,0.06096305787411624,4.771602980484352
182,sample_000182,0.1,0.1,0.01,-1.0,-1.0,-2.0,0.3486553099238852,0.7404733291338259,0.01779494301694329,41.61144705149047
183,sample_000183,0.01,0.01,0.001,-2.0,-2.0,-3.0,0.034865530992388476,0.5033115260632467,0.053989434085899415,9.322407885632906
184,sample_000184,0.1,0.1,0.01,-1.0,-1.0,-2.0,0.3486553099238852,0.48163104935398715,0.18460658254692866,2.6089592402890194
185,sample_000185,11.115945484061447,0.08667625535927981,0.0033843376985414767,1.0459464081998515,-1.0620998596033813,-2.4705263083706717,12.242436793606323,0.7569555589275209,0.21577855345179853,3.508020360775162
186,sample_000186,0.01,0.01,0.001,-2.0,-2.0,-3.0,0.034865530992388476,0.3862065288812082,0.08113183684961885,4.760234007730624
187,sample_000187,0.01,0.01,0.001,-2.0,-2.0,-3.0,0.034865530992388476,0.1447763445017259,0.03326341682695961,4.352419514052639
188,sample_000188,6.479015828561511,0.007387342814311017,0.00020888519422179437,0.8115090409498835,-2.1315117468015328,-3.680092341712612,6.60430912017305,0.6634222001486425,0.3066448926257119,2.1634868739144792
189,sample_000189,0.1,0.1,0.01,-1.0,-1.0,-2.0,0.3486553099238852,3.6938775512536797,3.4041637821256656,1.0851057080887887
190,sample_000190,2.2070346994978043,0.011476776007052715,0.0002499863414976816,0.3438091612912224,-1.9401800944285723,-3.602083719224895,2.368932905262091,0.6081760457982095,0.2128952069526509,2.8566920528815443
191,sample_000191,2.403763847902777,0.007492759135129891,0.0008897005378526612,0.38089179919159655,-2.1253582281606485,-3.0507561468866387,2.518553038353041,0.8367246975630391,0.23020242324991988,3.634734533852612
192,sample_000192,0.01,0.01,0.001,-2.0,-2.0,-3.0,0.034865530992388476,2.147843091046491,1.9468352045259345,1.1032485369348473
193,sample_000193,0.13451608083700037,0.0072110931451581555,0.08452720357242376,-0.8712257944622142,-2.141998894653063,-1.0730034986234793,0.18762702503968184,0.2724861553656583,0.04540995931061608,6.0005813592956825
194,sample_000194,0.01,0.01,0.001,-2.0,-2.0,-3.0,0.034865530992388476,0.7633031932750671,0.3134077693200764,2.435495440751255
195,sample_000195,0.01,0.01,0.001,-2.0,-2.0,-3.0,0.0323620644406377,0.5973646687454137,0.3010235363887001,1.9844450567282543
196,sample_000196,0.1,0.1,0.01,-1.0,-1.0,-2.0,0.32362064440637706,0.43634095574084575,0.19576222031881654,2.228933422548155
197,sample_000197,3.6167441353099337,0.012335681688471122,0.0029162505322892314,0.5583177859102229,-1.908836845739624,-2.5351751689284936,3.7989797970020636,0.7536015247831769,0.2307870404393058,3.265354602878427
198,sample_000198,0.028476049767129124,4.168823448477378,0.0013040134501261962,-1.545520256724969,0.6200135029517613,-2.884717929090707,4.2833475124785805,2.8848158482172854,1.2379604926617784,2.330297182597928
199,sample_000199,0.1,0.1,0.01,-1.0,-1.0,-2.0,0.32362064440637706,0.7438938439725852,0.020779920765392385,35.798685296793444
200,sample_000200,0.01,0.01,0.001,-2.0,-2.0,-3.0,0.0323620644406377,0.47431881545796734,0.025060214357752443,18.927165134612487
201,sample_000201,0.01,0.01,0.001,-2.0,-2.0,-3.0,0.0323620644406377,0.5111190799148392,0.06219986517471919,8.217366363722936
202,sample_000202,0.01,0.01,0.001,-2.0,-2.0,-3.0,0.0323620644406377,0.4909002456693768,0.028304760955544288,17.34338072808278
203,sample_000203,0.01,0.01,0.001,-2.0,-2.0,-3.0,0.0323620644406377,1.5487803842216383,0.8686989307962338,1.782873593273626
204,sample_000204,0.1838487515359166,0.014913895843018754,0.0009350390715353296,-0.7355393149542335,-1.826408894298885,-3.0291702413224937,0.268571033128704,0.832963196890115,0.263401810139772,3.162329053274577
205,sample_000205,0.01,0.01,0.001,-2.0,-2.0,-3.0,0.0323620644406377,0.9800142460939162,0.3805554277934828,2.575220781309533
206,sample_000206,0.564484954388934,0.003703966060113795,0.43569839857304976,-0.24834762913838038,-2.4313330014644086,-0.3608140363281107,0.6125994370024668,0.9327161915806075,0.2900476416240119,3.2157344440320785
207,sample_000207,0.01,0.01,0.001,-2.0,-2.0,-3.0,0.0323620644406377,0.8585523814499795,0.006945638573081368,123.61028758066959
208,sample_000208,1.0284841617886762,0.09353435777855158,0.009051204317621596,0.012197608135027238,-1.029028831343763,-2.0432936314356898,1.537331777023764,1.2057130331019297,0.2435470494394856,4.950636995507985
209,sample_000209,4.664607570183494,0.11501588437569536,0.029707442106599515,0.6688151127614645,-0.9392421768609154,-1.5271347405495046,5.668057994306025,0.6706534337082026,0.1759693050238661,3.8111955583233352
210,sample_000210,0.01,0.01,0.001,-2.0,-2.0,-3.0,0.03569933639489543,0.4760429887322415,0.02702838044821,17.61270859881537
211,sample_000211,0.01,0.01,0.001,-2.0,-2.0,-3.0,0.03569933639489543,0.3665525076709827,0.06440398809088474,5.691456671188066
212,sample_000212,0.01,0.01,0.001,-2.0,-2.0,-3.0,0.03569933639489543,0.29299212291493415,0.014915729712003091,19.64316386607324
213,sample_000213,0.1,0.1,0.01,-1.0,-1.0,-2.0,0.3569933639489544,0.7677951570782517,0.04438236963124311,17.29955303102518
214,sample_000214,0.1,0.1,0.01,-1.0,-1.0,-2.0,0.3569933639489544,0.821660591606026,0.2587143831739906,3.175937037305896
215,sample_000215,0.01,0.01,0.001,-2.0,-2.0,-3.0,0.03569933639489543,0.1539160698393819,0.014901891443377085,10.328626431364022
216,sample_000216,0.01,0.01,0.001,-2.0,-2.0,-3.0,0.03569933639489543,0.7656053401833928,0.3163386874489638,2.4202077411316028
217,sample_000217,2.415713065244859,0.02991147103335524,0.0066786511131596915,0.3830453481687659,-1.5241622280265505,-2.175311243103182,2.7990838453291906,0.7849583739780264,0.1631478376997838,4.8113317653799745
218,sample_000218,0.01,0.01,0.001,-2.0,-2.0,-3.0,0.03569933639489543,5.567965326118621,5.160453097857729,1.0789683038549587
219,sample_000219,0.01,0.01,0.001,-2.0,-2.0,-3.0,0.03569933639489543,0.47518997668187474,0.08079889176075408,5.881144732639584
220,sample_000220,0.1,0.1,0.01,-1.0,-1.0,-2.0,0.3569933639489544,1.0234996615397627,0.02568519210988068,39.847849187238076
221,sample_000221,0.01,0.01,0.001,-2.0,-2.0,-3.0,0.03569933639489543,0.4604201943277136,0.011162961055220477,41.24534628850947
222,sample_000222,7.218782723222705,0.007140196603198512,0.0597401847721582,0.8584639702625019,-2.146289829889271,-1.2237334384877556,7.362939987282601,0.8336799675369126,0.28527901799045585,2.9223318749814395
223,sample_000223,0.01,0.01,0.001,-2.0,-2.0,-3.0,0.03569933639489543,0.28514879878162636,0.04964050702526183,5.744276516686573
224,sample_000224,0.6284632767154059,1.710789953352019,0.3157984948406456,-0.20172009456643547,0.2331966911892911,-0.5005899442579329,3.7815338401707264,1.5686111629018722,1.1805073068249023,1.3287602320063698
225,sample_000225,2.948473344061115,0.004724604340125036,0.0003366249828605388,0.46959720585318543,-2.3256345554288433,-3.4728536556927945,3.0213805875065907,0.7702655470193527,0.23777735263261673,3.2394403356381414
226,sample_000226,1.8523482238069384,0.1006763087708097,0.0016430713625734468,0.2677226332432552,-0.9970727159470396,-2.7843435736928654,2.4644689324296514,0.5421555063541281,0.20311346989462167,2.669224776847181
227,sample_000227,0.1,0.1,0.01,-1.0,-1.0,-2.0,0.30950960082334733,0.9841645601917111,0.2520926215661392,3.903980029552372
228,sample_000228,0.01,0.01,0.001,-2.0,-2.0,-3.0,0.030950960082334715,0.18808579647241497,0.07804018833948625,2.410114589347404
229,sample_000229,0.01,0.01,0.001,-2.0,-2.0,-3.0,0.030950960082334715,0.4693572460953994,0.020161068490302376,23.280375557533755
230,sample_000230,0.01,0.01,0.001,-2.0,-2.0,-3.0,0.030950960082334715,0.11060249547361922,0.06534005983398677,1.692721062004432
231,sample_000231,0.1,0.1,0.01,-1.0,-1.0,-2.0,0.30950960082334733,0.8069912760743038,0.08393348083136853,9.614652795058467
232,sample_000232,0.01,0.01,0.001,-2.0,-2.0,-3.0,0.030950960082334715,0.4904576606091166,0.04143208257315305,11.837629927077836
233,sample_000233,0.01,0.01,0.001,-2.0,-2.0,-3.0,0.030950960082334715,0.23434433798902757,0.025254873872779332,9.279172771542243
234,sample_000234,0.1,0.1,0.01,-1.0,-1.0,-2.0,0.30950960082334733,0.7648520850089693,0.47570489518022674,1.6078289140144237
235,sample_000235,0.01,0.01,0.001,-2.0,-2.0,-3.0,0.030950960082334715,0.20352128902254843,0.024278581194748967,8.382750515362345
236,sample_000236,0.01,0.01,0.001,-2.0,-2.0,-3.0,0.030950960082334715,0.7501912715633047,0.30622472291389846,2.449806352749111
237,sample_000237,0.01,0.01,0.001,-2.0,-2.0,-3.0,0.030950960082334715,0.7922932614373805,0.0774747489929886,10.226470840313176
238,sample_000238,2.89373829138868,0.008841698252789222,0.5417244681960989,0.46145925112813657,-2.053464310667955,-0.2662215480890726,3.0185398768027523,0.8418994883519575,0.247628189252235,3.3998531867242123
239,sample_000239,0.1,0.1,0.01,-1.0,-1.0,-2.0,0.30950960082334733,0.818992392688662,0.0917173051240693,8.929529619091856
240,sample_000240,0.01,0.01,0.001,-2.0,-2.0,-3.0,0.030326850450968085,0.46442230809362645,0.01518065966043178,30.593025499684842
241,sample_000241,0.1,0.1,0.01,-1.0,-1.0,-2.0,0.3032685045096809,0.8238183463563071,0.10204320984300547,8.073230424873543
242,sample_000242,0.01,0.01,0.001,-2.0,-2.0,-3.0,0.030326850450968085,0.4684531440670923,0.0194089486251563,24.135936114536438
243,sample_000243,0.01,0.01,0.001,-2.0,-2.0,-3.0,0.030326850450968085,4.062984432956461,3.6404416398843717,1.1160691022876856
244,sample_000244,0.01,0.01,0.001,-2.0,-2.0,-3.0,0.030326850450968085,0.4846913645090966,0.03543208097352113,13.679449560733195
245,sample_000245,0.01,0.01,0.001,-2.0,-2.0,-3.0,0.030326850450968085,0.5303000008018012,0.054182286115468034,9.787331595268558
246,sample_000246,0.01,0.01,0.001,-2.0,-2.0,-3.0,0.030326850450968085,0.7822219829026555,0.04183242572299223,18.698939145494624
247,sample_000247,0.01,0.01,0.001,-2.0,-2.0,-3.0,0.030326850450968085,0.5346450475960061,0.05679128111999375,9.414210016962986
248,sample_000248,0.01,0.01,0.001,-2.0,-2.0,-3.0,0.030326850450968085,0.4820894298244343,0.03273947628349233,14.725019595610027
249,sample_000249,0.5728984031665675,0.03220952285561252,0.011589190047125025,-0.2419223882529442,-1.4920157086702002,-1.9359469152319058,0.7543351628850596,0.857119642032384,0.2915209741394883,2.9401645784233192
250,sample_000250,6.747863765706414,0.06919594346389041,0.021597436579636486,0.82916630592669,-1.159919364833514,-1.665597792616854,7.404378834816787,0.7277699695978068,0.19768846887667874,3.6813981803450635
251,sample_000251,0.2750103555950972,0.04971732337746228,0.0010340470157149402,-0.5606509523765322,-1.3034922604344317,-2.9854597144322508,0.4585973531069636,0.6629890779582778,0.10955094527444267,6.051879117038962
252,sample_000252,0.01,0.01,0.001,-2.0,-2.0,-3.0,0.030326850450968085,0.39094978869817654,0.08915262995772417,4.385173930186506
253,sample_000253,0.01,0.01,0.001,-2.0,-2.0,-3.0,0.030326850450968085,0.8838163165050821,0.08182887944061046,10.800787234860474
254,sample_000254,0.4183347047880981,0.005299338274895662,0.017632762430583114,-0.3784761051234975,-2.2757783570979484,-1.7536796437767963,0.46595954475412915,0.7594625920579603,0.2554966722476033,2.972495044170128
255,sample_000255,0.4032290352698852,0.008139647779006828,0.02394320398489355,-0.394448203240402,-2.0893943876099788,-1.6208177344703554,0.4527313121397581,1.378451330046555,0.8644405838023219,1.5946166293851098
256,sample_000256,0.01,0.01,0.001,-2.0,-2.0,-3.0,0.028686880440090424,0.2676485524764791,0.04176293055953115,6.40875888953622
257,sample_000257,0.1,0.1,0.01,-1.0,-1.0,-2.0,0.2868688044009041,0.9025027818339736,0.31139473174372495,2.8982596358654047
258,sample_000258,0.01,0.01,0.001,-2.0,-2.0,-3.0,0.028686880440090424,0.362414147113567,0.35275574389780884,1.0273798609458111
259,sample_000259,1.3533921991048725,0.10436723669426569,0.010509729058102863,0.1314236688997248,-0.9814358150890321,-1.978408479983897,1.7945338477620658,0.7751404805335802,0.21912670115951788,3.5374077026299977
260,sample_000260,0.5596363164535423,0.10781629831424222,0.43782695659206783,-0.25209411061405973,-0.9673155829998281,-0.35869750284396407,0.8994881022306964,0.7559508674353566,0.09680563863735821,7.808954912917934
261,sample_000261,0.1,0.1,0.01,-1.0,-1.0,-2.0,0.2868688044009041,0.6730265284946421,0.11598424504286663,5.80274095197928
262,sample_000262,0.8254415463152891,0.15211923694731894,0.013053550124032634,-0.08331367589792293,-0.817815861740602,-1.8842713588544502,1.3117391097184457,0.8199662101207621,0.26636690728855594,3.078333635613716
263,sample_000263,0.1,0.1,0.01,-1.0,-1.0,-2.0,0.2868688044009041,0.8365690525195939,0.33053486202251453,2.5309555772746615
264,sample_000264,0.01,0.01,0.001,-2.0,-2.0,-3.0,0.028686880440090424,0.7495317343190409,0.30049201363361405,2.494348269877598
265,sample_000265,0.1,0.1,0.01,-1.0,-1.0,-2.0,0.2868688044009041,1.2443569476680725,0.7188477991927862,1.7310436911198654
266,sample_000266,0.01,0.01,0.001,-2.0,-2.0,-3.0,0.028686880440090424,0.38241779758554406,0.07535028752731913,5.075200243222615
267,sample_000267,0.01,0.01,0.001,-2.0,-2.0,-3.0,0.028686880440090424,0.5264830450703404,0.07735628803511356,6.805950213528333
268,sample_000268,1.0476971173430352,0.06013822324664593,0.017304674070873716,0.020235748985031776,-1.2208494070565195,-1.7618365761187151,1.3255687553953157,0.43053523053701503,0.24254874909931973,1.7750461799360504
269,sample_000269,0.01,0.01,0.001,-2.0,-2.0,-3.0,0.028686880440090424,0.21489411059194113,0.02104067519902452,10.213270655967541
270,sample_000270,7.3969815835762835,0.03647244071751898,0.006622148063975807,0.8690545374309666,-1.438035172943894,-2.179001113126569,7.770224274566568,7.113845313780004,6.655687605956687,1.0688370210484754
271,sample_000271,0.01,0.01,0.001,-2.0,-2.0,-3.0,0.0301314025676111,0.3402494745876241,0.03344656862150685,10.172926210697636
272,sample_000272,0.6198440051700661,0.016393455208087826,0.10145881304123658,-0.20771759472447204,-1.785329501605906,-0.9937102227662642,0.7332743335515607,0.7972841698224759,0.28628367115881104,2.784944620121893
273,sample_000273,0.01,0.01,0.001,-2.0,-2.0,-3.0,0.0301314025676111,0.343597341893784,0.04242988698443295,8.098002759702046
274,sample_000274,0.01,0.01,0.001,-2.0,-2.0,-3.0,0.0301314025676111,0.2018935972494119,0.016252961306972687,12.421957662742818
275,sample_000275,0.01,0.01,0.001,-2.0,-2.0,-3.0,0.0301314025676111,0.4422662418672356,0.04389388434796991,10.075805512247639
276,sample_000276,0.08578026781571071,0.005233702247149234,0.003487751566114017,-1.0666126021782727,-2.2811909886312494,-2.457454457600811,0.11349615367665569,0.7444588065909973,0.14306693934580128,5.2035698114125175
277,sample_000277,0.01,0.01,0.001,-2.0,-2.0,-3.0,0.0301314025676111,0.18404145846091974,0.029316438942016982,6.277756272681105
278,sample_000278,0.4665330805227324,0.05578975665530877,0.4076634045670177,-0.33111755624948813,-1.2534455328984153,-0.38969827286950576,0.7003925054803943,1.1743957008617842,0.7182404820755182,1.6351009587598049
279,sample_000279,0.01,0.01,0.001,-2.0,-2.0,-3.0,0.0301314025676111,0.4349241746730744,0.10231873991981327,4.250679543296981
280,sample_000280,0.01,0.01,0.001,-2.0,-2.0,-3.0,0.0301314025676111,0.4290657563602408,0.002685583413085805,159.76631158413102
281,sample_000281,0.6737260497101568,0.1585286858306608,0.0008580779409692182,-0.17151666026694556,-0.799892140570849,-3.066473262506193,1.1954357309302839,0.7948583248639316,0.2412770097001187,3.2943807031256513
282,sample_000282,0.1,0.1,0.01,-1.0,-1.0,-2.0,0.30131402567611115,0.7912158958100526,0.07006230837259916,11.293032076566451
283,sample_000283,0.01,0.01,0.001,-2.0,-2.0,-3.0,0.0301314025676111,0.6656206698268119,0.06330432802032895,10.51461551906942
284,sample_000284,0.1,0.1,0.01,-1.0,-1.0,-2.0,0.30131402567611115,0.1098665681049778,0.01939199192105688,5.665563834403144
285,sample_000285,0.8125188482135002,0.004075381734408259,0.005031708673179118,-0.09016655578887445,-2.3898317053577705,-2.298284511698987,0.8522751050997155,0.7558162973041469,0.04740684046665607,15.943190684385634
286,sample_000286,0.01,0.01,0.001,-2.0,-2.0,-3.0,0.0285283285056208,0.23257043750132772,0.04637279751914079,5.015234144658454
287,sample_000287,0.000994098811337636,17.68847195617291,0.0034111988780517657,-3.0025704454961755,1.247690317383137,-2.467092959829599,17.691253821577703,1.91329538753126,1.6532963120112174,1.1572610267325623
288,sample_000288,0.1245194194269984,0.009371422595455625,0.012087600963208437,-0.9047629128870387,-2.0281944775796075,-1.9176598853944702,0.1665250189148304,0.7578064128939928,0.026033649944029763,29.10872714825678
289,sample_000289,0.01,0.01,0.001,-2.0,-2.0,-3.0,0.0285283285056208,0.3385645082140646,0.03144279497442586,10.76763399975853
290,sample_000290,2.377058860101946,0.059471822481272356,0.0241588652700173,0.3760399357462658,-1.2256887525813953,-1.616923468169416,2.762513159845458,0.9535013867855742,0.19910032483603649,4.789049880108451
291,sample_000291,0.01,0.01,0.001,-2.0,-2.0,-3.0,0.0285283285056208,0.4728898617955886,0.023848912445146794,19.828571339814733
292,sample_000292,1.3864857327205957,0.00906008211935172,0.01449175028407556,0.14191540493977506,-2.0428678659192485,-1.83887915815823,1.4703122883699247,2.8060533782397172,2.6521951531988095,1.0580116530472274
293,sample_000293,8.6367909564637,0.1156744521571796,0.31836213988038553,0.9363524081292978,-0.9367625486742055,-0.4970785848372401,9.536508792399845,0.6934403083774365,0.24492985939038453,2.8311791388088294
294,sample_000294,0.1,0.1,0.01,-1.0,-1.0,-2.0,0.28528328505620815,0.7154977940343396,0.10575740580241878,6.765462792942065
295,sample_000295,2.566112295017965,0.1354908827873163,0.02435118379206642,0.4092756575102836,-0.8680899275820151,-1.6134799214363875,3.2531426106062056,0.7797825063419342,0.30236853321004764,2.578914207981554
296,sample_000296,0.01,0.01,0.001,-2.0,-2.0,-3.0,0.0285283285056208,0.508222516271289,0.05904183795033192,8.607836983307054
297,sample_000297,0.01,0.01,0.001,-2.0,-2.0,-3.0,0.0285283285056208,0.5365951817347699,0.08745449846701506,6.135707037839293
298,sample_000298,0.01,0.01,0.001,-2.0,-2.0,-3.0,0.0285283285056208,0.5178630874302519,0.09977545420837679,5.1902854418353925
299,sample_000299,0.01,0.01,0.001,-2.0,-2.0,-3.0,0.0285283285056208,1.885685385405115,0.1286032453389631,14.662813371738498
300,sample_000300,0.01,0.01,0.001,-2.0,-2.0,-3.0,0.02750251367566397,0.4866938695539448,0.03764163496482834,12.929668703516802
301,sample_000301,0.1,0.1,0.01,-1.0,-1.0,-2.0,0.27502513675663953,0.8435549079190584,0.3372964799218953,2.500930066374819
302,sample_000302,0.01,0.01,0.001,-2.0,-2.0,-3.0,0.02750251367566397,0.1878506302010016,0.023055338015299114,8.14781505594701
303,sample_000303,0.1,0.1,0.01,-1.0,-1.0,-2.0,0.27502513675663953,0.572668393665992,0.3029449093578246,1.890338394792376
304,sample_000304,0.2047855984069326,0.0167127028612491,0.04592988097007192,-0.6887005884790209,-1.776953308167573,-1.3379046800797454,0.27104739677778206,2.557376509883153,1.826146633868621,1.4004223223112429
305,sample_000305,0.01,0.01,0.001,-2.0,-2.0,-3.0,0.02750251367566397,0.5062003757596021,0.05685918533516521,8.902701872630185
306,sample_000306,0.1,0.1,0.01,-1.0,-1.0,-2.0,0.27502513675663953,0.834321496724726,0.08712736886001993,9.575883073723467
307,sample_000307,0.22727317479501924,49.931031851037844,0.00044255647059034884,-0.6434518213185969,1.6983705410717622,-3.354031305076857,50.489798295276366,3.9481293010839162,1.9565730307642943,2.0178798537060803
308,sample_000308,0.01,0.01,0.001,-2.0,-2.0,-3.0,0.02750251367566397,0.05608304510651548,0.055947626440113196,1.0024204541822206
309,sample_000309,0.01,0.01,0.001,-2.0,-2.0,-3.0,0.02750251367566397,0.488076711975189,0.04338440365234438,11.250050038403941
310,sample_000310,8.479869420419638,0.07521515211034373,0.0012999230588766376,0.9283891647062621,-1.123694661867832,-2.8860823523810026,9.045554636994828,0.9177234321785017,0.5888285050086273,1.558558093523437
311,sample_000311,1.0020276990899095,0.022616470161727503,0.004691004670688379,0.0008797269160902843,-1.6455751761084971,-2.3287341346390322,1.136593622923283,0.755052187685394,0.2415332183749553,3.126080100970847
312,sample_000312,0.1,0.1,0.01,-1.0,-1.0,-2.0,0.27502513675663953,0.617268716947776,0.3815081807498189,1.6179698053514648
313,sample_000313,0.01,0.01,0.001,-2.0,-2.0,-3.0,0.02750251367566397,0.21873371907196884,0.03852420780851011,5.677825230286758
314,sample_000314,0.1,0.1,0.01,-1.0,-1.0,-2.0,0.27502513675663953,0.32752242977700297,0.03430754302261764,9.546659449237739
315,sample_000315,0.1,0.1,0.01,-1.0,-1.0,-2.0,0.2979983276881725,0.09754475526066758,0.0931777068869295,1.046867952857409
316,sample_000316,0.1162648390507311,0.008345198804330142,0.05279803385532916,-0.9345516052632119,-2.078563312837924,-1.2773822498464886,0.15669724586963266,0.783022828527904,0.26858519184519547,2.9153611304796545
317,sample_000317,0.01,0.01,0.001,-2.0,-2.0,-3.0,0.029799832768817244,0.05253654293719666,0.05200937027244899,1.0101361093584886
318,sample_000318,1.191212114806113,0.011511301470076882,0.002708556536395142,0.07598910160668648,-1.9388755721721602,-2.5672620948420803,1.2888814371941666,0.33581443908957326,0.24925599756504205,1.347267236777098
319,sample_000319,0.9405993045517799,9.730280928252183,0.00046176574467219505,-0.026595346692890764,0.9881253792024189,-3.3355782876415296,12.387919896591857,2.170770646918659,1.2194574545646668,1.7801118348106708
320,sample_000320,0.35454948867836084,0.0449067123971639,0.006414080744709308,-0.450323136616694,-1.3476887383025273,-2.1928655771857244,0.5336939704463473,0.7612921205972714,0.250046293265322,3.044604703615705
321,sample_000321,0.01,0.01,0.001,-2.0,-2.0,-3.0,0.029799832768817244,0.02020893862670845,0.012204494035845665,1.6558604205428782
322,sample_000322,0.01,0.01,0.001,-2.0,-2.0,-3.0,0.029799832768817244,0.4950231151376332,0.0458213093835332,10.803338485903888
323,sample_000323,1.537106542175933,0.005580250150354094,0.0010014331383867063,0.18670397099712321,-2.2533463321585914,-2.9993780414767905,1.592666618578809,0.7765940820852215,0.22425811070101848,3.4629475815061106
324,sample_000324,0.01,0.01,0.001,-2.0,-2.0,-3.0,0.029799832768817244,0.20623845468908575,0.0514846091260592,4.005827337333267
325,sample_000325,0.1,0.1,0.01,-1.0,-1.0,-2.0,0.2979983276881725,0.8307280646091896,0.10820300235957267,7.677495508383141
326,sample_000326,0.01,0.01,0.001,-2.0,-2.0,-3.0,0.029799832768817244,0.43144332788840867,0.07741062164872878,5.573438356382114
327,sample_000327,0.01,0.01,0.001,-2.0,-2.0,-3.0,0.029799832768817244,0.5318074361833974,0.162183405947105,3.279049623343357
328,sample_000328,0.1,0.1,0.01,-1.0,-1.0,-2.0,0.2979983276881725,0.5172259936981574,0.04381265174741818,11.805402619316162
329,sample_000329,3.3145272938449826,0.120995369352623,0.0006198533274680028,0.5204215996146626,-0.9172312503702109,-3.2077110630938135,4.0426400880917726,0.6648852429916454,0.20280101799255815,3.278510382112794
330,sample_000330,0.05757722131525254,0.015514150076776428,0.023874440149957987,-1.2397492980646003,-1.8092720117057683,-1.6220668037289157,0.1111713862976674,0.8850092656506381,0.0085480939975599,103.53293563492268
331,sample_000331,0.7717116168334275,0.08750510557148718,0.020854679282299518,-0.11254496212055098,-1.0579666068995532,-1.6807964846480985,1.1889248234059187,0.755030247768411,0.24815396242779333,3.0425879175236066
332,sample_000332,0.01,0.01,0.001,-2.0,-2.0,-3.0,0.031684244079946015,0.480682601060647,0.03163331121335131,15.195456391481638
333,sample_000333,0.22020316012877802,9.472127832528535,0.00023280527155958175,-0.6571764527727932,0.9764475505050196,-3.633007189901372,10.271567636082402,2.85992017544197,1.3784144453175335,2.0747897594639286
334,sample_000334,0.01,0.01,0.001,-2.0,-2.0,-3.0,0.031684244079946015,0.6634179752867236,0.3639142773693366,1.8230061762963499
335,sample_000335,3.6440236537813826,0.05582500090430444,0.3937108321894634,0.5615811873661061,-1.253171261221425,-0.40482263627557025,4.167437359446241,0.8096285775860591,0.28126381198987305,2.878538023992969
336,sample_000336,0.7019982514588837,0.053165487672270854,0.0094912258706351,-0.15366396961193818,-1.2743701981058537,-2.022677691211311,0.996013125519311,0.8562243857417104,0.2952249246236226,2.9002442352497737
337,sample_000337,1.0574242340246442,0.0907677214781134,0.011900403680096327,0.02424925933424671,-1.0420685664153684,-1.9244383064171533,1.5369718886969514,0.791293421804759,0.1841055301710694,4.298042655587236
338,sample_000338,0.01,0.01,0.001,-2.0,-2.0,-3.0,0.031684244079946015,0.5429102208122879,0.22531840796507,2.409524484552778
339,sample_000339,0.01,0.01,0.001,-2.0,-2.0,-3.0,0.031684244079946015,0.4588927470337099,0.009560778950701147,47.99742253219406
340,sample_000340,0.19254906902876673,0.00851685984265566,0.0033762127292487,-0.7154585768420647,-2.069720499644476,-2.471570197049874,0.24955891328623592,1.0949695883500759,0.29159278287636314,3.7551326804077614
341,sample_000341,0.01,0.01,0.001,-2.0,-2.0,-3.0,0.031684244079946015,0.268692778762758,0.031177523660353736,8.618156518454853
342,sample_000342,0.01,0.01,0.001,-2.0,-2.0,-3.0,0.031684244079946015,0.49048632983032703,0.04140588356096002,11.845812422000513
343,sample_000343,0.01,0.01,0.001,-2.0,-2.0,-3.0,0.031684244079946015,0.661064451120212,0.43223650088633236,1.5294045037026054
344,sample_000344,9.282006491715498,0.08659477394229242,0.18630659078545053,0.9676418678230707,-1.0625083171802352,-0.7297717812222606,10.207693137190981,0.7547734609515926,0.21001236198133066,3.5939477744585777
345,sample_000345,0.01,0.01,0.001,-2.0,-2.0,-3.0,0.029208077706260348,0.458480042594609,0.009166080442658783,50.01920346027629
346,sample_000346,0.10133923839066705,0.01096978352365618,0.010297263996857833,-0.9942223639487775,-1.959801942654023,-1.9872781528589822,0.14466455304737574,0.7936078912005007,0.0622351780939695,12.751757374297611
347,sample_000347,0.01,0.01,0.001,-2.0,-2.0,-3.0,0.029208077706260348,1.0731153831227214,0.1931894640100778,5.554730371148718
348,sample_000348,0.01,0.01,0.001,-2.0,-2.0,-3.0,0.029208077706260348,0.4973048894787657,0.04803316229635789,10.353365585435832
349,sample_000349,0.01,0.01,0.001,-2.0,-2.0,-3.0,0.029208077706260348,1.2659441440661268,1.1839652243513963,1.069240986161262
350,sample_000350,0.01,0.01,0.001,-2.0,-2.0,-3.0,0.029208077706260348,0.46382319546083084,0.22263344458691914,2.0833491406532496
351,sample_000351,1.5649431386257182,0.14359651073720225,0.00881259623449008,0.19449856231076712,-0.8428561129209458,-2.054896127432623,2.1629304214867817,0.5055617842273916,0.20941242296372237,2.4141919427338503
352,sample_000352,1.9238016287002242,0.03713195564805482,0.0009276166276024964,0.2841602880747498,-1.4302521769577252,-3.0326314752008354,2.162200126445041,0.7929068257301064,0.1965385777738994,4.0343571969991405
353,sample_000353,0.8699055491667846,0.010918602847659477,0.0004592708960926801,-0.06052789876352005,-1.9618329307129603,-3.337931074866921,0.9465402504224407,0.9073044667481771,0.36163724971652594,2.5088800101742272
354,sample_000354,1.4722074331799022,0.011663218142373666,0.016017677087278102,0.16796900615534405,-1.9331816014947032,-1.7954004658625538,1.5607197687903467,0.47096572585226393,0.20686641787653426,2.276665931022957
355,sample_000355,0.08738472201850662,0.055157667232856415,0.020071589493054105,-1.0585644909703316,-1.2583941095977336,-1.6974182338538926,0.20940854176707346,0.708930077607905,0.13188752188689948,5.375262704654123
356,sample_000356,0.1,0.1,0.01,-1.0,-1.0,-2.0,0.2920807770626035,0.7535696057008417,0.03208906774219488,23.48368646154062
357,sample_000357,0.0971824690799849,0.02683872938930864,0.0017142529803022984,-1.0124120711693818,-1.571238048572864,-2.7659250868223557,0.17494225453980958,0.6294371664276892,0.3129704570983123,2.0111711893303923
358,sample_000358,0.1,0.1,0.01,-1.0,-1.0,-2.0,0.2920807770626035,0.5008279577845094,0.1931121023494517,2.593457125117003
359,sample_000359,0.01,0.01,0.001,-2.0,-2.0,-3.0,0.029208077706260348,0.06095373622040498,0.05863324661601625,1.039576345133767
360,sample_000360,0.0931300068422842,0.012699312739356976,0.056799626848493476,-1.0309103651373563,-1.8962197815307467,-1.2456545174258213,0.1335983619298886,11.073089077372622,10.341306489874173,1.0707630692712746
361,sample_000361,0.4470725843584754,0.017177559351189153,0.020694108671319926,-0.3496219613708229,-1.7650385422282175,-1.6841532746250811,0.5284010680902275,0.7539399813863252,0.18551152837722604,4.064113901607428
362,sample_000362,0.01,0.01,0.001,-2.0,-2.0,-3.0,0.02713235034722237,0.7538625351259771,0.3047696816169032,2.4735483238571794
363,sample_000363,6.9532327201374216,0.08782623883770407,0.0013277585564908914,0.8421867651802559,-1.0563757155287146,-2.876880891170505,7.503313669863613,0.8197978639797161,0.2691201497738315,3.0462151000906994
364,sample_000364,5.460315009046634,0.0537763145387523,0.0017598787053671157,0.7372176981524285,-1.2694089646699531,-2.7545172636659814,5.814265006688162,0.7858296243850457,0.22522684890259725,3.489058379202781
365,sample_000365,0.1,0.1,0.01,-1.0,-1.0,-2.0,0.27132350347222367,0.30366211080644095,0.026545866274325862,11.439148667004748
366,sample_000366,0.1,0.1,0.01,-1.0,-1.0,-2.0,0.27132350347222367,0.7452646301608663,0.022058280013896262,33.786162370382684
367,sample_000367,0.01,0.01,0.001,-2.0,-2.0,-3.0,0.02713235034722237,0.4531020888742653,0.004139158506560229,109.46719922808836
368,sample_000368,0.03515421838621285,0.00488235777989703,0.17777664728973033,-1.4540225536617335,-2.311370398589114,-0.7501252884687357,0.05063803995838893,0.6758360041071617,0.1165874517640709,5.79681598560709
369,sample_000369,1.2287836878141523,0.14082026804728356,0.005072404877530193,0.08947543743733632,-0.851334833350065,-2.294786088513659,1.7036813854357034,1.903461634782067,0.2397119925116752,7.940619135646118
370,sample_000370,0.01,0.01,0.001,-2.0,-2.0,-3.0,0.02713235034722237,0.4883190497153803,0.3375816445151644,1.446521330911535
371,sample_000371,0.01,0.01,0.001,-2.0,-2.0,-3.0,0.02713235034722237,0.38935367884023275,0.07611221702810503,5.115521450340369
372,sample_000372,0.042635441605970215,0.02320277467549061,0.005353642120142803,-1.370229234356703,-1.6344600774280238,-2.2713506638629406,0.0900212160513161,0.6502348541288683,0.05362664113140787,12.125220606965087
373,sample_000373,0.1,0.1,0.01,-1.0,-1.0,-2.0,0.27132350347222367,0.6826555316092331,0.024656982850703713,27.686093458500743
374,sample_000374,0.1,0.1,0.01,-1.0,-1.0,-2.0,0.27132350347222367,1.3419731804978379,0.6194675160555897,2.1663334165490156
375,sample_000375,0.09682082183983244,0.06612421165621152,0.005049312612390659,-1.014031235277143,-1.17963949265654,-2.2967677404882347,0.23992163584042897,11.301978050872307,11.301978050872307,1.0
376,sample_000376,0.1,0.1,0.01,-1.0,-1.0,-2.0,0.2919039171142594,0.8249647113124643,0.31883050210998426,2.5874711040911738
377,sample_000377,9.040736197442303,0.04518710678365779,0.012932189166497708,0.9562037970094988,-1.344985464557646,-1.888327951341238,9.51976143226806,0.49848546741789623,0.25114112581270553,1.9848818699238198
378,sample_000378,6.90336168885919,0.11879687943640846,0.0167412578361216,0.8390606280400075,-0.925194967278629,-1.7762119148753461,7.825297824965019,0.9025723821305236,0.36514677868393386,2.4718070508073087
379,sample_000379,0.08014818324106758,0.11776552151485845,0.0033517936527767142,-1.0961063175683723,-0.9289818403433729,-2.4747227257872506,0.2820994728732012,0.7738702837901354,0.2690842712572907,2.8759402404839296
380,sample_000380,0.1,0.1,0.01,-1.0,-1.0,-2.0,0.2919039171142594,1.2395302062622056,0.517012019218245,2.39748818245358
381,sample_000381,7.95403570537764,0.14827753722005435,0.10206173881010439,0.9005875361865066,-0.8289246358918865,-0.9911370369326464,9.077377438937711,2.2105956353128673,0.303358145878772,7.287081838231782
382,sample_000382,0.01,0.01,0.001,-2.0,-2.0,-3.0,0.02919039171142595,0.15636717337172124,0.06676303754933624,2.342121915231459
383,sample_000383,0.01,0.01,0.001,-2.0,-2.0,-3.0,0.02919039171142595,0.5253735928678153,0.07633676034573729,6.8823145033708855
384,sample_000384,0.1,0.1,0.01,-1.0,-1.0,-2.0,0.2919039171142594,0.5497549652876612,0.042518483854906926,12.929787599287026
385,sample_000385,1.176596278087202,0.19589285652043173,0.010837405758872374,0.0706274702551104,-0.7079814008114065,-1.9650746660859433,1.8712618687826585,0.86603892057716,0.38600108680370193,2.2436178295466247
386,sample_000386,0.1,0.1,0.01,-1.0,-1.0,-2.0,0.2919039171142594,0.7391026529818958,0.01608989315149042,45.93583350884044
387,sample_000387,0.0010003489796449735,25.069522754872803,0.00010001507949862774,-2.9998484665054064,1.3991460664313684,-3.9999345155068036,25.072492052155027,2.037200992442763,2.037200992442763,1.0
388,sample_000388,0.09499698221515541,0.011058129082547555,0.002509326852417004,-1.0222901907966522,-1.9563183448086665,-2.6004427659648486,0.1396801154815532,0.8430472982253674,0.05003309911332563,16.84979170120672
389,sample_000389,0.4679342951507692,0.005251084338786317,0.2209041895823163,-0.32981512397020474,-2.27975100636056,-0.6557960473914566,0.5140929566827972,0.7560515385640787,0.2698741738736623,2.801496444480135
390,sample_000390,0.022752992576598366,0.012505456495565262,0.10274244862406713,-1.642961474873636,-1.902900450284021,-0.9882500881031318,0.0498950014927087,0.2893485730180198,0.004875912599216859,59.342444543508286
391,sample_000391,0.01,0.01,0.001,-2.0,-2.0,-3.0,0.027938292255795184,0.5114779783201706,0.06326865384906934,8.084224133175457
392,sample_000392,0.01,0.01,0.001,-2.0,-2.0,-3.0,0.027938292255795184,0.26747259145727087,0.11513585960299363,2.3231041343640286
393,sample_000393,0.01,0.01,0.001,-2.0,-2.0,-3.0,0.027938292255795184,0.28754748712455364,0.060361615766267356,4.763747349607024
394,sample_000394,0.01,0.01,0.001,-2.0,-2.0,-3.0,0.027938292255795184,0.3705039339469091,0.04311288016249382,8.593810771872999
395,sample_000395,0.01,0.01,0.001,-2.0,-2.0,-3.0,0.027938292255795184,0.20112240675272997,0.04910971005988372,4.095369459674758
396,sample_000396,1.7351995243095075,0.15010262755326606,0.0009618740506597009,0.23934941994793935,-0.8236117053456935,-3.016881791459619,2.358677828246294,0.8079296138923824,0.10542759445913032,7.663360034317974
397,sample_000397,0.01,0.01,0.001,-2.0,-2.0,-3.0,0.027938292255795184,0.15134463737243709,0.08535776917821754,1.7730622394365332
398,sample_000398,0.01,0.01,0.001,-2.0,-2.0,-3.0,0.027938292255795184,0.3861871944979811,0.08498682470372439,4.5440831075202786
399,sample_000399,0.1,0.1,0.01,-1.0,-1.0,-2.0,0.2793829225579519,0.4966901008577186,0.023634798761017962,21.015203297475672
400,sample_000400,0.5970258208315181,0.012628969337847544,0.08236452431605039,-0.22400688561745064,-1.8986320911825945,-1.084259805430304,0.6828846095930178,0.0431839509940669,0.02522616039703226,1.7118717361024665
401,sample_000401,3.1501318355153343,0.06293686738964135,0.2118570639938736,0.49832872973840026,-1.201094877394362,-0.6739570506508938,3.585948654433938,0.7081403377272277,0.25282366586032473,2.8009258362642675
402,sample_000402,0.08909774479673727,8.611230151936622,0.0015952350316542651,-1.0501332884965464,0.9350651967540395,-2.7971753217411166,8.836506884292236,4.412931689031688,1.3699694114844674,3.2211899419344965
403,sample_000403,0.01,0.01,0.001,-2.0,-2.0,-3.0,0.027938292255795184,0.34883585742777506,0.04923484968712911,7.085141107254505
404,sample_000404,0.01,0.01,0.001,-2.0,-2.0,-3.0,0.027938292255795184,1.7736513418335256,0.3119236285801863,5.686171803998403
405,sample_000405,0.01,0.01,0.001,-2.0,-2.0,-3.0,0.03299447533657573,0.37435097188115796,0.07247736595577399,5.165074184809484
406,sample_000406,0.1,0.1,0.01,-1.0,-1.0,-2.0,0.3299447533657575,1.4410895084003978,0.25026931102120753,5.7581550950858755
407,sample_000407,0.02566986125787678,1.4008025296720068,0.009012886032292704,-1.5905764786250645,0.14637691735694425,-2.045136120541125,1.5101226089774613,6.658010499818201,5.375670226704359,1.238545189536301
408,sample_000408,0.01,0.01,0.001,-2.0,-2.0,-3.0,0.03299447533657573,0.6133467139185383,0.17081827998506854,3.590638624696091
409,sample_000409,0.1,0.1,0.01,-1.0,-1.0,-2.0,0.3299447533657575,1.3724288536851907,0.6498607325881977,2.11188149223792
410,sample_000410,0.1,0.1,0.01,-1.0,-1.0,-2.0,0.3299447533657575,0.8139598921477638,0.09259987345940829,8.790075641999316
411,sample_000411,0.1,0.1,0.01,-1.0,-1.0,-2.0,0.3299447533657575,0.7184024022054234,0.2661623494803896,2.6991135433238806
412,sample_000412,0.01,0.01,0.001,-2.0,-2.0,-3.0,0.03299447533657573,0.3646081315969185,0.05572048535555293,6.543520381603834
413,sample_000413,0.01,0.01,0.001,-2.0,-2.0,-3.0,0.03299447533657573,0.08002475133433913,0.00578675268242667,13.828956536774061
414,sample_000414,0.15029158447395777,0.03479089360233409,0.1392609429742888,-0.8230653369037482,-1.4585344162774563,-0.8561706684226555,0.28426230545460995,0.752878803613298,0.026679894419138935,28.21895738362507
415,sample_000415,0.01,0.01,0.001,-2.0,-2.0,-3.0,0.03299447533657573,0.32997256415772147,0.020096650321037825,16.41928176519524
416,sample_000416,2.5361159188981026,0.13773214344290388,0.021396644093412385,0.40416910007217854,-0.8609646937966664,-1.6696543372116555,3.412334800723243,0.6356294304498799,0.14592014177872423,4.35600886006374
417,sample_000417,0.01,0.01,0.001,-2.0,-2.0,-3.0,0.03299447533657573,0.46583800402077974,0.016919758699170118,27.532189572161464
418,sample_000418,0.1,0.1,0.01,-1.0,-1.0,-2.0,0.3299447533657575,0.7709797068236841,0.2648791871547569,2.9106843580474884
419,sample_000419,0.1,0.1,0.01,-1.0,-1.0,-2.0,0.3299447533657575,1.3113730007515332,0.27158864373406116,4.828526637644046
420,sample_000420,0.20142858724672083,0.01870525576778258,0.005153965534313189,-0.6958788932538109,-1.7280363490654982,-2.2878584899969194,0.26550563541923705,0.8343728978037408,0.06850825266657942,12.179158938186951
421,sample_000421,0.19583867503938684,0.05611272599416311,0.07043392711000224,-0.7081015377750841,-1.2509386324645106,-1.152218096434356,0.3259739291959016,0.6369316255211998,0.27614112860254936,2.306543863076395
422,sample_000422,0.828749295897263,0.014679842244672394,0.007631372601442163,-0.08157682756220908,-1.8332786114932724,-2.117397341518302,0.917351160350348,0.8057117767249244,0.29284982547741534,2.751279688869274
423,sample_000423,0.9072316560298724,0.11941107312364403,0.0008333975913761271,-0.04228180435148321,-0.9229553987215802,-3.07914775904261,1.2687964368875935,0.7514507830108835,0.24775672858769388,3.0330186683301577
424,sample_000424,0.01,0.01,0.001,-2.0,-2.0,-3.0,0.025952742844501078,0.6454056077421487,0.025163351725048244,25.648634362953146
425,sample_000425,0.1,0.1,0.01,-1.0,-1.0,-2.0,0.2595274284450106,0.7420945032385509,0.018406234357734117,40.31756245278547
426,sample_000426,0.01,0.01,0.001,-2.0,-2.0,-3.0,0.025952742844501078,0.5216955174872789,0.07252954639799092,7.192868884421012
427,sample_000427,0.01,0.01,0.001,-2.0,-2.0,-3.0,0.025952742844501078,0.8726850248208452,0.42370475111807915,2.0596536208715843
428,sample_000428,0.35638297679785697,0.08199294342601074,0.07436569708281655,-0.4480830489093588,-1.0862235227750254,-1.1286273467530936,0.5610222483015287,0.7821034439566625,0.27420738450801796,2.8522333392293944
429,sample_000429,0.01,0.01,0.001,-2.0,-2.0,-3.0,0.025952742844501078,0.34202109068706854,0.027945114887621914,12.239029685956464
430,sample_000430,0.01,0.01,0.001,-2.0,-2.0,-3.0,0.025952742844501078,0.0496903506745585,0.04415476581368122,1.1253677776083255
431,sample_000431,0.01,0.01,0.001,-2.0,-2.0,-3.0,0.025952742844501078,0.45810183400630244,0.008988839953539855,50.96339865589657
432,sample_000432,0.8769806980335381,0.12085108474092728,0.08193996830134814,-0.05700996516277801,-0.917749447077723,-1.0865042083905925,1.2370763799018347,0.7623493280746845,0.054525845003408735,13.981430788042358
433,sample_000433,2.6143467866353802,0.020613845336453704,0.0023145500235139255,0.4173631951545653,-1.6858409867443034,-2.635533428533668,2.7715614613945903,0.46006738069418884,0.2697193910621262,1.7057260098448708
434,sample_000434,1.9468514758499134,0.011690089961811973,0.0006732214972881529,0.28933282071407085,-1.9321821466851925,-3.171842024596751,2.0423045031638996,0.6736448757245314,0.2638199367801811,2.553426719550095
435,sample_000435,0.1,0.1,0.01,-1.0,-1.0,-2.0,0.2592847589930483,0.635071798851186,0.06317868522314271,10.051994539110092
436,sample_000436,0.01,0.01,0.001,-2.0,-2.0,-3.0,0.025928475899304835,0.13163171670109186,0.049369720884345825,2.666243890854763
437,sample_000437,0.1,0.1,0.01,-1.0,-1.0,-2.0,0.2592847589930483,1.1006914984273948,0.7566599323680504,1.4546713144736763
438,sample_000438,0.049136118585244005,0.01914703825050855,0.14477638125788977,-1.308599152772242,-1.7178983951125333,-0.8393022829318495,0.08916772695435499,0.040477211554126986,0.011762427699085726,3.4412293609484386
439,sample_000439,0.01,0.01,0.001,-2.0,-2.0,-3.0,0.025928475899304835,0.20811247966509477,0.05212546035856147,3.9925302958194946
440,sample_000440,0.01,0.01,0.001,-2.0,-2.0,-3.0,0.025928475899304835,0.43410483552501444,0.07906894300803456,5.490206634998308
441,sample_000441,0.01,0.01,0.001,-2.0,-2.0,-3.0,0.025928475899304835,0.46846316009961014,0.01938639124833316,24.16453656066023
442,sample_000442,5.331749866262671,0.07531436373106994,0.001173949830956681,0.7268697667264439,-1.1231221885502887,-2.930350462376505,5.788290684752263,0.7713033484896739,0.2425726007260447,3.1796804180731204
443,sample_000443,0.01,0.01,0.001,-2.0,-2.0,-3.0,0.025928475899304835,0.4683448306023161,0.01932729893234256,24.232296103134285
444,sample_000444,0.1,0.1,0.01,-1.0,-1.0,-2.0,0.2592847589930483,1.1164185572306211,0.2985539868573431,3.7394193558837823
445,sample_000445,0.01,0.01,0.001,-2.0,-2.0,-3.0,0.025928475899304835,0.08739596647988805,0.029890898290362088,2.9238320518479597
446,sample_000446,0.01,0.01,0.001,-2.0,-2.0,-3.0,0.025928475899304835,0.6530627763907508,0.05213928454240585,12.525349784184375
447,sample_000447,0.01,0.01,0.001,-2.0,-2.0,-3.0,0.025928475899304835,0.26414317908404106,0.01406217635988459,18.78394725851731
448,sample_000448,0.01,0.01,0.001,-2.0,-2.0,-3.0,0.025928475899304835,0.22776378864763022,0.017467479761241887,13.039304568310367
449,sample_000449,3.0731191420528208,0.0027700923586764215,0.0525927487413943,0.4875793977874814,-2.5575057507208068,-1.2790741303460145,3.0991860741843515,0.6243949244357613,0.2798187630576586,2.231426218931217
450,sample_000450,0.1,0.1,0.01,-1.0,-1.0,-2.0,0.33604452584217515,0.6269228249904641,0.37352475588441014,1.6783969873859441
451,sample_000451,0.04257564705220964,0.06350574083842109,0.0016871062120253344,-1.3708387430349145,-1.1971870132631004,-2.772857575475778,0.1737641344175494,0.4098676727802095,0.047942406918732784,8.549167618450541
452,sample_000452,1.3004940982143696,0.0066418365969364065,0.0002861806191320868,0.11410838566011261,-2.177711813158257,-3.543359781089845,1.3936509040187917,0.607446918298956,0.2922641387136135,2.0784175608153785
453,sample_000453,0.01,0.01,0.001,-2.0,-2.0,-3.0,0.03360445258421752,0.3591081602955042,0.05912878524318716,6.073322136055226
454,sample_000454,8.04395056244187,0.009717319724577192,0.0311006712446075,0.9054693927893647,-2.0124535076401058,-1.507230237510683,8.211255777130898,0.7764058796883622,0.21405532418838089,3.6271271580476117
455,sample_000455,0.1,0.1,0.01,-1.0,-1.0,-2.0,0.33604452584217515,1.1013405226158,0.13304235849528045,8.278119352904202
456,sample_000456,0.1,0.1,0.01,-1.0,-1.0,-2.0,0.33604452584217515,0.7503272990350204,0.1374851371884822,5.457515731365025
457,sample_000457,0.1,0.1,0.01,-1.0,-1.0,-2.0,0.33604452584217515,0.778609927328708,0.2561664208467893,3.039469126183354
458,sample_000458,0.01,0.01,0.001,-2.0,-2.0,-3.0,0.03360445258421752,0.5348602707655035,0.08581336362786218,6.232831905820356
459,sample_000459,0.01,0.01,0.001,-2.0,-2.0,-3.0,0.03360445258421752,0.17655747394212098,0.025010096296161653,7.059447986580428
460,sample_000460,2.7568351479184168,0.040370754164313426,0.052527440270514626,0.4404107971214053,-1.393933137477462,-1.2796137624079504,3.192105246317203,0.5588903252568191,0.20105030940263888,2.7798530970551365
461,sample_000461,1.0585116434906636,0.054802553667414156,0.2793866401895357,0.024695639564626504,-1.261199203964047,-0.5537943649744674,1.4477322908636143,2.377705258503984,0.2963410687288245,8.023542834286571
462,sample_000462,0.1,0.1,0.01,-1.0,-1.0,-2.0,0.33604452584217515,0.7462861096562137,0.02409636438878687,30.970900739013327
463,sample_000463,0.01,0.01,0.001,-2.0,-2.0,-3.0,0.03360445258421752,0.5139195311798948,0.06073364555348281,8.461858768667703
464,sample_000464,0.01,0.01,0.001,-2.0,-2.0,-3.0,0.03360445258421752,0.3137198671648467,0.011957684242742964,26.235838043243287
465,sample_000465,0.14421547008580163,0.04052857409617489,0.020548847764876563,-0.8409881500705945,-1.3922386756330045,-1.6872125252908523,0.267553739689427,0.7790772802490162,0.26696606702265463,2.918263316899013
466,sample_000466,0.000977383533359297,4.337541311601863,0.5087049129829723,-3.009934982098756,0.6372436241252215,-0.2935340680083325,4.349796828517778,2.1645564641441037,1.2995683579189825,1.6655964658990614
467,sample_000467,0.1,0.1,0.01,-1.0,-1.0,-2.0,0.2999560715634044,0.7769868034868495,0.270732028091654,2.8699478556848375
468,sample_000468,0.01,0.01,0.001,-2.0,-2.0,-3.0,0.029995607156340434,0.5904262617465381,0.14078740404675658,4.193743508122737
469,sample_000469,0.01,0.01,0.001,-2.0,-2.0,-3.0,0.029995607156340434,0.4837889161960548,0.034615977564858076,13.975884843627652
470,sample_000470,0.051307944903369526,0.043790782045566364,0.010939970268743994,-1.2898153802968793,-1.3586172988124119,-1.960983858271141,0.14331256286825722,0.7747827204994922,0.007930459972880858,97.69707219366252
471,sample_000471,0.01,0.01,0.001,-2.0,-2.0,-3.0,0.029995607156340434,0.4792097806143929,0.029737453604328716,16.114687793733523
472,sample_000472,0.1,0.1,0.01,-1.0,-1.0,-2.0,0.2999560715634044,0.3645682159372512,0.2712875490645,1.3438442611701773
473,sample_000473,0.01,0.01,0.001,-2.0,-2.0,-3.0,0.029995607156340434,0.15455764415749987,0.09396304603134907,1.6448769030532973
474,sample_000474,0.19628041396196058,0.012573346425166682,0.004241792846299834,-0.7071230347485624,-1.9005491184506584,-2.3724505446609587,0.25952997004000045,10.196916412851033,9.839299243386115,1.0363457966486083
475,sample_000475,0.01,0.01,0.001,-2.0,-2.0,-3.0,0.029995607156340434,0.42834200600765454,0.1283811504877253,3.3364867379702203
476,sample_000476,0.1,0.1,0.01,-1.0,-1.0,-2.0,0.2999560715634044,0.7768078819677373,0.27041236042577516,2.8726788995318926
477,sample_000477,0.09502194925219866,2.751155380658586,0.08084091640369499,-1.0221760648367173,0.439515119308977,-1.0923687720145745,3.04798572070896,1.2922535274721596,0.9884367741288079,1.307370953100294
478,sample_000478,0.004038993408562243,8.42420878367237,0.000866951754527917,-2.393726855576578,0.9255291217663659,-3.062005070142356,8.437507723263563,1.7610330822391296,1.3487334845095702,1.305693899102298
479,sample_000479,0.01,0.01,0.001,-2.0,-2.0,-3.0,0.029995607156340434,0.04450511528461238,0.039901329628454954,1.1153792542510743
480,sample_000480,0.1,0.1,0.01,-1.0,-1.0,-2.0,0.2666383790081866,1.1750528329822885,0.6994934713556791,1.679862473490902
481,sample_000481,0.01,0.01,0.001,-2.0,-2.0,-3.0,0.02666383790081866,0.5378240768243432,0.08860254773037637,6.070074626533073
482,sample_000482,0.1,0.1,0.01,-1.0,-1.0,-2.0,0.2666383790081866,0.5790211121577891,0.12300493782359503,4.707299742618301
483,sample_000483,0.01,0.01,0.001,-2.0,-2.0,-3.0,0.02666383790081866,0.1977851897604193,0.07328694959034912,2.6987777614701662
484,sample_000484,0.01,0.01,0.001,-2.0,-2.0,-3.0,0.02666383790081866,0.30093697530445884,0.0919557715031149,3.272627377111016
485,sample_000485,2.947221445531809,0.003358247117959184,0.06472867719463031,0.469412768683096,-2.4738873492887112,-1.1889032682013312,2.9784774502760456,0.7560595095197171,0.09930747255983495,7.613319421297068
486,sample_000486,0.1,0.1,0.01,-1.0,-1.0,-2.0,0.2666383790081866,0.8266685769392882,0.32029521814715284,2.580958222609158
487,sample_000487,0.7440206634922444,0.04772352144577489,0.005281139408721378,-0.12841500273901296,-1.3212675178926645,-2.2772723680844447,0.9358353946963095,0.41084368875780514,0.24845833579216475,1.653571764649811
488,sample_000488,0.1,0.1,0.01,-1.0,-1.0,-2.0,0.2666383790081866,0.7417437992343701,0.020357479930955096,36.43593419962027
489,sample_000489,0.6619069266259754,0.0165400110001034,7.52530790062831e-05,-0.17920307414718017,-1.7814642059513912,-4.123475726058608,0.7512637097526533,0.7566283854770808,0.21543406300079332,3.51211119977018
490,sample_000490,0.01,0.01,0.001,-2.0,-2.0,-3.0,0.02666383790081866,0.0085097643418183,0.007127564613671303,1.193923142484856
491,sample_000491,15.871973996770194,0.02694285267886964,0.03663053804412044,1.2006309433012534,-1.5695564235683932,-1.4361567021960502,16.11454328206095,0.465575498477584,0.29930932621258177,1.5554994706276315
492,sample_000492,0.05489969374908235,0.058271026209697444,0.004575502234818574,-1.260430078199354,-1.2345473334924062,-2.339561228190118,0.1504748504038002,1.6318292006317625,1.151118389754065,1.4176032762193997
493,sample_000493,0.01,0.01,0.001,-2.0,-2.0,-3.0,0.02666383790081866,0.563597365828606,0.11451835545207006,4.92145877928269
494,sample_000494,0.01,0.01,0.001,-2.0,-2.0,-3.0,0.02666383790081866,0.47248770151004643,0.023582936464516827,20.035151357039748
495,sample_000495,12.393402058543877,0.017034569664641046,0.023047802190350603,1.0931905390188223,-1.7686688333102172,-1.6373704820795982,12.613378129780033,0.6275627450715566,0.2652703292116703,2.3657479784359827
496,sample_000496,4.738293433144857,0.1128403896158524,0.0006965844128142479,0.6756219522182354,-0.9475354229799589,-3.15702624779983,5.530135979161564,0.7668333466405195,0.1950833400257362,3.9307987372953304
497,sample_000497,0.01,0.01,0.001,-2.0,-2.0,-3.0,0.029069051591323856,3.259056982039695,2.913153481014228,1.1187385090692301
498,sample_000498,0.1,0.1,0.01,-1.0,-1.0,-2.0,0.29069051591323863,0.5199083373632711,0.2697613957436269,1.9272896180348071
499,sample_000499,0.12205146180518454,0.015624198366673666,0.00404339347954624,-0.9134570146890422,-1.8062022558310007,-2.393253993595688,0.1827724627765851,0.4062258666822802,0.05835583330136669,6.961186974820672
500,sample_000500,1.572436740114877,0.003222704926912407,0.13817586213721542,0.19657318259319734,-2.4917794569698897,-0.8595678169921275,1.6124967467548372,0.7843556139940606,0.2612525453420769,3.00228888858115
501,sample_000501,0.1,0.1,0.01,-1.0,-1.0,-2.0,0.29069051591323863,0.6615477524837579,0.024583136049124123,26.910633011256035
502,sample_000502,0.01,0.01,0.001,-2.0,-2.0,-3.0,0.029069051591323856,0.45882987573032147,0.05780026643980777,7.93819655153561
503,sample_000503,0.01,0.01,0.001,-2.0,-2.0,-3.0,0.029069051591323856,0.20138125197391693,0.02786817679707492,7.226208353718143
504,sample_000504,0.1,0.1,0.01,-1.0,-1.0,-2.0,0.29069051591323863,0.8276905604420702,0.3642220240302579,2.272489047431436
505,sample_000505,0.11425364118759615,0.005932772006487059,0.0020559925080085653,-0.9421299503611138,-2.2267423410653997,-2.686978472233409,0.14622053587061815,0.8027136210465242,0.3470627905494997,2.312877216758382
506,sample_000506,4.041565133188696,0.003389301857920112,0.009862481834391132,0.6065495822083058,-2.4698897503154544,-2.006013783704547,4.087144092852121,0.8462267939292077,0.2998134158507212,2.822511432745721
507,sample_000507,0.1,0.1,0.01,-1.0,-1.0,-2.0,0.29069051591323863,0.5639419425605061,0.2616592834474524,2.1552529500592303
508,sample_000508,0.01,0.01,0.001,-2.0,-2.0,-3.0,0.029069051591323856,0.666628345660033,0.311636610391789,2.13912076896854
509,sample_000509,0.16536305820355546,7.665298683096563,0.035097330037561845,-0.7815615045190896,0.8845290820727687,-1.4547259204019234,8.132156492606343,3.26732206373777,1.2456729620309432,2.622937290386983
510,sample_000510,0.1,0.1,0.01,-1.0,-1.0,-2.0,0.3213335872365982,2.847668441180264,2.2707150554527407,1.2540844498925863
511,sample_000511,0.01,0.01,0.001,-2.0,-2.0,-3.0,0.032133358723659806,0.10833969444171805,0.0012615832529977629,85.87597701878353
512,sample_000512,0.1,0.1,0.01,-1.0,-1.0,-2.0,0.3213335872365982,0.7792176569431941,0.27285098454284523,2.855835973063294
513,sample_000513,0.01,0.01,0.001,-2.0,-2.0,-3.0,0.032133358723659806,0.7558002541860565,0.3067377868602959,2.4639946122134817
514,sample_000514,0.039927835682215224,0.010978743710944136,0.0022943227975169866,-1.3987242304203864,-1.9594473530206904,-2.6393454794957596,0.07869257842907107,0.6257112501141024,0.1929835122569699,3.2423041885616
515,sample_000515,0.01,0.01,0.001,-2.0,-2.0,-3.0,0.032133358723659806,0.5062091407036189,0.08813343444951152,5.743667472684364
516,sample_000516,0.01,0.01,0.001,-2.0,-2.0,-3.0,0.032133358723659806,0.5046231654003511,0.05547894000605674,9.095760757960777
517,sample_000517,0.01,0.01,0.001,-2.0,-2.0,-3.0,0.032133358723659806,0.23411281611599574,0.059166955206565876,3.9568170323899947
518,sample_000518,4.273416080207658,0.005991666232664924,0.3730983178089118,0.6307751798616517,-2.2224523871225284,-0.42817670906143324,4.375104395847274,0.6591785263598491,0.2524555314439907,2.6110678684261397
519,sample_000519,0.01,0.01,0.001,-2.0,-2.0,-3.0,0.032133358723659806,0.09526117091508407,0.040773116062275336,2.3363721028725326
520,sample_000520,0.024620732676111694,0.008731806165716272,0.009011995522677297,-1.6086990272593837,-2.058895913605841,-2.0451790327135226,0.05264269558852004,0.5860423941268192,0.01321540413536415,44.34540087643494
521,sample_000521,0.01,0.01,0.001,-2.0,-2.0,-3.0,0.032133358723659806,0.09023289952538793,0.08888361303516998,1.0151803740210703
522,sample_000522,0.01,0.01,0.001,-2.0,-2.0,-3.0,0.032133358723659806,0.48688704146931366,0.03749170442278394,12.986527258905557
523,sample_000523,0.1,0.1,0.01,-1.0,-1.0,-2.0,0.3213335872365982,0.8332679296652818,0.32752693562991897,2.5441203120063767
524,sample_000524,0.01,0.01,0.001,-2.0,-2.0,-3.0,0.032133358723659806,0.46154004130008414,0.01243645419668295,37.11186757903921
525,sample_000525,0.1,0.1,0.01,-1.0,-1.0,-2.0,0.32767938813382147,0.24329380904631037,0.08405532268255048,2.8944485760307135
526,sample_000526,0.1,0.1,0.01,-1.0,-1.0,-2.0,0.32767938813382147,0.7603252863875853,0.09165775074750335,8.295264505040189
527,sample_000527,0.01,0.01,0.001,-2.0,-2.0,-3.0,0.032767938813382115,0.33914044048990843,0.01157978001734085,29.287295612010055
528,sample_000528,0.01,0.01,0.001,-2.0,-2.0,-3.0,0.032767938813382115,0.4941169719792429,0.04491844384208664,11.000313673295082
529,sample_000529,0.01,0.01,0.001,-2.0,-2.0,-3.0,0.032767938813382115,0.8929020745030793,0.44341243348664044,2.0137055415474308
530,sample_000530,0.01,0.01,0.001,-2.0,-2.0,-3.0,0.032767938813382115,0.37982895068926054,0.07936150295063223,4.786060452075079
531,sample_000531,0.01,0.01,0.001,-2.0,-2.0,-3.0,0.032767938813382115,3.3900134544965876,2.940937399164532,1.1526982707825166
532,sample_000532,2.721607713594698,0.13463837042624036,0.03341171776789528,0.4348255271499113,-0.8708311534135049,-1.47610119577939,3.6535838719041482,0.5624033037141967,0.17992225322843072,3.125812919873591
533,sample_000533,0.01,0.01,0.001,-2.0,-2.0,-3.0,0.032767938813382115,0.6294982426856099,0.1803004079721518,3.491385570147122
534,sample_000534,0.7218241878884059,0.18828558514177798,0.0077588154582772725,-0.1415685690893973,-0.7251829276361041,-2.1102045776080036,1.4202597329200373,0.5999612708250155,0.03385442044456818,17.72180007651784
535,sample_000535,0.01,0.01,0.001,-2.0,-2.0,-3.0,0.032767938813382115,0.4565195856455735,0.0748231811936245,6.101312165065663
536,sample_000536,0.01,0.01,0.001,-2.0,-2.0,-3.0,0.032767938813382115,0.747448892845638,0.29839187872472117,2.5049237132059834
537,sample_000537,0.008503995854890638,0.11441354207104641,0.0028407883566672026,-2.0703769601732076,-0.9415225690861684,-2.546561120714026,0.14546294865096707,0.5696320959285902,0.07359005377897446,7.7406125784262
538,sample_000538,0.01,0.01,0.001,-2.0,-2.0,-3.0,0.032767938813382115,0.46092560345180034,0.011861186879249239,38.859989994607936
539,sample_000539,0.01,0.01,0.001,-2.0,-2.0,-3.0,0.032767938813382115,0.3251569944627809,0.0314327771500278,10.344520082040964
540,sample_000540,0.1,0.1,0.01,-1.0,-1.0,-2.0,0.27564890992175983,0.6286222306825697,0.01210795241281614,51.918128619103236
541,sample_000541,0.1,0.1,0.01,-1.0,-1.0,-2.0,0.27564890992175983,0.7925398158867851,0.06911529060601065,11.466924452428787
542,sample_000542,0.01,0.01,0.001,-2.0,-2.0,-3.0,0.027564890992175982,0.35582222205950614,0.047060022316200024,7.561029607438526
543,sample_000543,0.01,0.01,0.001,-2.0,-2.0,-3.0,0.027564890992175982,0.07924088489749789,0.07792311518785267,1.0169111528263266
544,sample_000544,0.9245606495720645,0.07108789483654836,0.002254885846395947,-0.03406459460698574,-1.1482043465736709,-2.646875439389217,1.2131679886985896,0.7853314721376377,0.27846313400059275,2.8202349835506983
545,sample_000545,0.01,0.01,0.001,-2.0,-2.0,-3.0,0.027564890992175982,0.3418347553489192,0.03318079602445109,10.302186695491558
546,sample_000546,0.01,0.01,0.001,-2.0,-2.0,-3.0,0.027564890992175982,0.4170919231803949,0.06534994076416517,6.38243766257717
547,sample_000547,0.01,0.01,0.001,-2.0,-2.0,-3.0,0.027564890992175982,0.17623248462538169,0.0025240623538418366,69.8209710854175
548,sample_000548,0.01,0.01,0.001,-2.0,-2.0,-3.0,0.027564890992175982,0.6559398894395952,0.32294616397714376,2.0311121871260833
549,sample_000549,0.01,0.01,0.001,-2.0,-2.0,-3.0,0.027564890992175982,0.6172652078497636,0.050268031751340404,12.279478355213383
550,sample_000550,0.01,0.01,0.001,-2.0,-2.0,-3.0,0.027564890992175982,0.4920712718085802,0.05734161115385647,8.581399474253981
551,sample_000551,0.01,0.01,0.001,-2.0,-2.0,-3.0,0.027564890992175982,1.8258377684875744,0.09597722074459913,19.023657429571053
552,sample_000552,0.1,0.1,0.01,-1.0,-1.0,-2.0,0.27564890992175983,0.4303046395239711,0.16669128467024646,2.581446536783325
553,sample_000553,0.01,0.01,0.001,-2.0,-2.0,-3.0,0.027564890992175982,0.4563795934400946,0.020684449511637247,22.063898446189324
554,sample_000554,0.1,0.1,0.01,-1.0,-1.0,-2.0,0.27564890992175983,0.7676123339892096,0.11433728960449491,6.713578191720863
555,sample_000555,4.500765336504711,0.004610696026115817,0.00043604046683351185,0.6532863700329328,-2.3362335089955484,-3.3604732040640624,4.560028107813366,0.8295091535875551,0.3878382444657581,2.1388018469663628
556,sample_000556,0.01,0.01,0.001,-2.0,-2.0,-3.0,0.029604706514786742,3.7252109730136316,3.3495519090996924,1.1121520352896728
557,sample_000557,0.01,0.01,0.001,-2.0,-2.0,-3.0,0.029604706514786742,0.46705377391218916,0.017965970897660097,25.99657856358983
558,sample_000558,3.023306599368067,0.06209926482286829,0.018880289980323248,0.4804821920543487,-1.2069135412930088,-1.7239913397049458,3.4870647690361274,0.7850121249557982,0.10494920036456365,7.479924784837707
559,sample_000559,6.060339319122704,0.06762560415698589,0.0009594026497641609,0.7824969410469862,-1.1698888419464,-3.0179990863950703,6.659151419312718,0.6248826857109959,0.28202784028621847,2.2156773071652363
560,sample_000560,0.01,0.01,0.001,-2.0,-2.0,-3.0,0.029604706514786742,0.4705063307902696,0.021154104434862674,22.24184589042963
561,sample_000561,0.01,0.01,0.001,-2.0,-2.0,-3.0,0.029604706514786742,0.32032593260223785,0.037028168907097175,8.65087154068915
562,sample_000562,0.01,0.01,0.001,-2.0,-2.0,-3.0,0.029604706514786742,0.47966526313255325,0.03496443130395304,13.71866337429383
563,sample_000563,0.08108720002049466,0.024023963185440384,0.07706791863614486,-1.091047695717303,-1.6193553463257397,-1.1131263697935827,0.1521156153124092,0.38667784413294204,0.010075781949177966,38.37695635766405
564,sample_000564,0.01,0.01,0.001,-2.0,-2.0,-3.0,0.029604706514786742,0.4999552189253265,0.05061301951272728,9.877996289069584
565,sample_000565,0.1,0.1,0.01,-1.0,-1.0,-2.0,0.29604706514786794,0.8016142313795402,0.09016333599197263,8.890689575315948
566,sample_000566,0.09040842283324195,29.1884473379747,0.0005196883752348043,-1.0437911069184782,1.4652109935668305,-3.2842569976813594,29.4661133269453,5.0979217001280475,2.096862387642206,2.4312142418942186
567,sample_000567,0.897277983537306,0.008074147238986869,0.0009105285450070979,-0.047072988379148306,-2.092903335121832,-3.040706434553581,0.9726850614436693,0.847210124493366,0.2824070408269197,2.9999610562563848
568,sample_000568,0.016322411371137144,39.4523585729783,0.0019702671214204865,-1.7872156808874187,1.596072971667386,-2.705474889831045,39.50272386328241,3.3272374728991125,1.6099531601868726,2.0666672516813525
569,sample_000569,0.01,0.01,0.001,-2.0,-2.0,-3.0,0.029604706514786742,0.47194772285576103,0.022897552210486387,20.61127401380586
570,sample_000570,0.4051867572231634,0.02062546975179345,0.004199088011549908,-0.39234475718858075,-1.6855961514670779,-2.376845022592378,0.5280544482547179,0.3668708978037858,0.35310971201746466,1.0389714168655901
571,sample_000571,0.01,0.01,0.001,-2.0,-2.0,-3.0,0.030279551697609562,0.485629408912833,0.03640262694403225,13.340504509728682
572,sample_000572,0.1,0.1,0.01,-1.0,-1.0,-2.0,0.302795516976096,0.48262536138454776,0.05014591899991589,9.624419514285046
573,sample_000573,0.01,0.01,0.001,-2.0,-2.0,-3.0,0.030279551697609562,0.33120135322095323,0.03125680654334756,10.596135365320722
574,sample_000574,0.01,0.01,0.001,-2.0,-2.0,-3.0,0.030279551697609562,0.46869009500495323,0.019605666427398707,23.905848686171865
575,sample_000575,4.650633653361121,0.017671233084458365,0.04740319979306346,0.6675121299673137,-1.7527331447155667,-1.324192341752756,4.8769558918589,0.8110828144056397,0.24341533094105353,3.3320942081583795
576,sample_000576,0.01,0.01,0.001,-2.0,-2.0,-3.0,0.030279551697609562,0.5422500002024252,0.09325818748045647,5.814502885508697
577,sample_000577,0.914416216288521,0.0017442128723746157,0.16153425745124034,-0.038856080751254574,-2.758400512720005,-0.7917353603649788,0.9399278835673545,0.820925396289468,0.18754297604335396,4.377265486603434
578,sample_000578,0.01,0.01,0.001,-2.0,-2.0,-3.0,0.030279551697609562,0.5054045623722411,0.056245138882472775,8.985746544751377
579,sample_000579,0.01,0.01,0.001,-2.0,-2.0,-3.0,0.030279551697609562,0.4892834802566256,0.039992220937704846,12.234466323307565
580,sample_000580,0.01,0.01,0.001,-2.0,-2.0,-3.0,0.030279551697609562,0.212817988148296,0.04899953959168167,4.343265057625658
581,sample_000581,0.01,0.01,0.001,-2.0,-2.0,-3.0,0.030279551697609562,0.16199410164464065,0.06652747155560751,2.4349956169495575
582,sample_000582,0.1,0.1,0.01,-1.0,-1.0,-2.0,0.302795516976096,0.3396091229019957,0.01845333894406759,18.40366797203244
583,sample_000583,0.1,0.1,0.01,-1.0,-1.0,-2.0,0.302795516976096,0.8071514805211835,0.30101564684853965,2.6814269921567013
584,sample_000584,0.1,0.1,0.01,-1.0,-1.0,-2.0,0.302795516976096,0.7904398478094045,0.19978756260635122,3.9564016773498416
585,sample_000585,0.01,0.01,0.001,-2.0,-2.0,-3.0,0.03068765624944954,0.36057127713121395,0.03254273761218704,11.079930687705339
586,sample_000586,0.1,0.1,0.01,-1.0,-1.0,-2.0,0.30687656249449535,0.742364126552895,0.018309105433856297,40.54617137001963
587,sample_000587,0.01,0.01,0.001,-2.0,-2.0,-3.0,0.03068765624944954,0.46841762789726765,0.01933291741582808,24.22901923295699
588,sample_000588,0.01,0.01,0.001,-2.0,-2.0,-3.0,0.03068765624944954,0.33507809157540747,0.03211505050911678,10.433677863289859
589,sample_000589,11.717329206322432,9.611393843626988,5.46828757826923,1.0688286318920728,0.9827863735895273,0.7378513461246241,32.91829296320223,5.356942390852057,2.1636721331712727,2.4758568124646683
590,sample_000590,0.1,0.1,0.01,-1.0,-1.0,-2.0,0.30687656249449535,1.1147767723236723,0.14410748644112858,7.735731153558672
591,sample_000591,0.8345621902205607,0.004829209523024649,0.05286636329538738,-0.07854129485859396,-2.3161239516260705,-1.276820563910535,0.8845358329555482,0.7986085941164108,0.24518123774261452,3.257217401580994
592,sample_000592,0.01,0.01,0.001,-2.0,-2.0,-3.0,0.03068765624944954,1.2505516365135356,1.01733686344208,1.229240462478074
593,sample_000593,0.02021061180966919,0.01047254043081943,0.04332441940548929,-1.6944205394514658,-1.979947954304257,-1.3632672485951591,0.04720710249702317,0.08008982885936232,0.07111246150954448,1.1262418310272233
594,sample_000594,6.157626594965871,0.03997889970074696,0.36234403990366754,0.7894133492857973,-1.398169162705889,-0.44087887787609326,6.562676093848932,0.6719020075348665,0.31958167481439437,2.102442225215484
595,sample_000595,0.01,0.01,0.001,-2.0,-2.0,-3.0,0.03068765624944954,0.5299735924491821,0.08093259155071078,6.5483334006067375
596,sample_000596,0.01,0.01,0.001,-2.0,-2.0,-3.0,0.03068765624944954,0.6149936820351641,0.08724235361795281,7.049255969506652
597,sample_000597,0.01,0.01,0.001,-2.0,-2.0,-3.0,0.03068765624944954,0.3023007218014505,0.003268073691867052,92.50119498644045
598,sample_000598,0.1,0.1,0.01,-1.0,-1.0,-2.0,0.30687656249449535,0.7425361396631291,0.26657356175296265,2.7854830568353495
599,sample_000599,1.4178437712613856,0.004878887392010836,0.000900343810060684,0.1516283796361657,-2.311679205579615,-3.0455916168945913,1.4724581821161968,0.7518937951506615,0.2553045259564973,2.9450860392454645
600,sample_000600,0.011285008724980455,10.817503763517054,0.00037154495377669897,-1.9474981008122358,1.034127054966154,-3.4299886327888855,10.84836024799315,2.641488531673764,1.6636265886891766,1.5877893210128815
601,sample_000601,0.15518300130368468,0.028925484230375925,0.001733294539545143,-0.809155852951088,-1.5387193619589281,-2.7611276311521804,0.24793771630322736,0.621616800942191,0.25378933924112324,2.4493416579314933
602,sample_000602,0.01,0.01,0.001,-2.0,-2.0,-3.0,0.02844103416701739,0.23555610108648856,0.05293099582883971,4.45024880786665
603,sample_000603,0.01,0.01,0.001,-2.0,-2.0,-3.0,0.02844103416701739,0.33817927168716894,0.036669126082621045,9.222452450194757
604,sample_000604,0.1,0.1,0.01,-1.0,-1.0,-2.0,0.28441034167017426,0.7750889356586323,0.051698506806028124,14.99248205691418
605,sample_000605,0.1,0.1,0.01,-1.0,-1.0,-2.0,0.28441034167017426,0.6320356539183647,0.057122610427262833,11.064544305501729
606,sample_000606,0.32058344673593336,0.05615774104779183,0.013986262934044334,-0.4940589061142493,-1.2505903700771483,-1.854298311521835,0.504622339953504,0.7558160624620306,0.24508179293747503,3.083933952836935
607,sample_000607,0.01,0.01,0.001,-2.0,-2.0,-3.0,0.02844103416701739,0.3711982380757042,0.06820961402538893,5.4420222629838815
608,sample_000608,0.01,0.01,0.001,-2.0,-2.0,-3.0,0.02844103416701739,0.510501446275413,0.06138050831091353,8.316996068027759
609,sample_000609,0.01,0.01,0.001,-2.0,-2.0,-3.0,0.02844103416701739,0.4966543078952828,0.04757701023965649,10.438955819071422
610,sample_000610,0.01,0.01,0.001,-2.0,-2.0,-3.0,0.02844103416701739,1.2204199920142433,0.14154049016589257,8.622408969926907
611,sample_000611,0.3665503790776382,0.045072168222558356,0.002145999497443399,-0.43586632702069306,-1.3460915494408257,-2.6683703840744406,0.5337476565245348,1.8385841870666209,0.08453741021053642,21.74876403816623
612,sample_000612,5.114258525873339,4.839038097032665,0.00017918418178320327,0.7087826778401771,0.6847590412584346,-3.7467003321040706,14.183977744162206,2.99747525810159,1.3869513574387828,2.161197104732559
613,sample_000613,0.1,0.1,0.01,-1.0,-1.0,-2.0,0.28441034167017426,0.6732894098034774,0.2157153843024742,3.121193288928327
614,sample_000614,0.06838320963269302,0.012639653025963649,0.11577545491546297,-1.1650505190256135,-1.8982648478081932,-0.93638350386128,0.10905541181251076,0.8660389565164506,0.3516952743712846,2.462469699272028
615,sample_000615,0.01,0.01,0.001,-2.0,-2.0,-3.0,0.02592147712376667,1.0287675096652513,0.13619852681468145,7.553440802374053
616,sample_000616,0.1,0.1,0.01,-1.0,-1.0,-2.0,0.2592147712376668,3.534167220680725,0.1278052740782354,27.652749435968513
617,sample_000617,0.1,0.1,0.01,-1.0,-1.0,-2.0,0.2592147712376668,0.815051155398137,0.09179658699881363,8.87888299603852
618,sample_000618,0.01,0.01,0.001,-2.0,-2.0,-3.0,0.02592147712376667,0.1085279350981256,0.05722708594166968,1.896443498953376
619,sample_000619,0.01,0.01,0.001,-2.0,-2.0,-3.0,0.02592147712376667,0.883957168884456,0.18273126733500228,4.837470794004248
620,sample_000620,7.997988522937721,0.05328678677576097,0.050906682954003274,0.9029807765881515,-1.2733804671794218,-1.2932252003836995,8.387353752798226,0.6373455007641846,0.26930260521970006,2.3666518199637583
621,sample_000621,0.030622633112336452,17.697940577181456,0.0004217696019297851,-1.5139574688633566,1.2479227325763702,-3.374924724240641,17.760152130649573,2.8358019564682087,1.3833659340164304,2.049929007746209
622,sample_000622,0.01,0.01,0.001,-2.0,-2.0,-3.0,0.02592147712376667,0.4646494609454426,0.015275576569922011,30.417801830167832
623,sample_000623,0.37876686337080895,0.005625961624985784,0.036260203055390565,-0.42162802250058284,-2.249803234508848,-1.4405697682055205,0.41254462259860686,0.39207389806600274,0.1030047428676016,3.806367426885961
624,sample_000624,0.01,0.01,0.001,-2.0,-2.0,-3.0,0.02592147712376667,0.5348921527926725,0.08580389567580665,6.233891230459496
625,sample_000625,0.01,0.01,0.001,-2.0,-2.0,-3.0,0.02592147712376667,0.609419873728831,0.03973414982806119,15.33743332538713
626,sample_000626,0.01,0.01,0.001,-2.0,-2.0,-3.0,0.02592147712376667,0.3638204593160523,0.05747843941325415,6.329685757476527
627,sample_000627,0.01,0.01,0.001,-2.0,-2.0,-3.0,0.02592147712376667,0.5672791851039267,0.30561505669147687,1.8561886028953207
628,sample_000628,0.01,0.01,0.001,-2.0,-2.0,-3.0,0.02592147712376667,0.4691764445666535,0.020055600768785646,23.39378660233781
629,sample_000629,0.01,0.01,0.001,-2.0,-2.0,-3.0,0.02592147712376667,0.5353499463420761,0.08613968998582128,6.214904493273606
630,sample_000630,5.743912532615164,0.004131710242096011,0.004630554156875005,0.7592078179174253,-2.383870143268412,-2.3343670321199426,5.79949507726332,0.6070101982521338,0.4175011446945941,1.4539126562064093
631,sample_000631,0.1,0.1,0.01,-1.0,-1.0,-2.0,0.3078722454079247,0.7214267404934672,0.28906224744296477,2.4957487422698215
632,sample_000632,0.01,0.01,0.001,-2.0,-2.0,-3.0,0.030787224540792454,0.6461239128641654,0.08609998026688039,7.5043444941729724
633,sample_000633,0.01,0.01,0.001,-2.0,-2.0,-3.0,0.030787224540792454,0.5495149519959994,0.021446561168339998,25.622520444312933
634,sample_000634,0.12151511210410058,0.041778146165188705,0.44814696171184193,-0.9153697081126069,-1.3790508350137127,-0.3485795436038943,0.24732674341436386,0.5834263028516907,0.11478006875539512,5.082993146615164
635,sample_000635,0.01,0.01,0.001,-2.0,-2.0,-3.0,0.030787224540792454,0.40174723919949157,0.366667863412575,1.0956707126183165
636,sample_000636,0.01,0.01,0.001,-2.0,-2.0,-3.0,0.030787224540792454,0.4624591113509435,0.013386573381787056,34.546489094822185
637,sample_000637,0.01,0.01,0.001,-2.0,-2.0,-3.0,0.030787224540792454,0.1607058599869333,0.03702867919400656,4.340037600178432
638,sample_000638,0.1,0.1,0.01,-1.0,-1.0,-2.0,0.3078722454079247,0.7725834280119218,0.06651574891086162,11.615045168434744
639,sample_000639,0.16785353008090195,29.295929601447742,0.8285953459637649,-0.775069520793477,1.4668072833428099,-0.08165751036663149,29.895673621518384,3.5774042220372793,2.4088167694306626,1.4851292416412474
640,sample_000640,0.1,0.1,0.01,-1.0,-1.0,-2.0,0.3078722454079247,0.6324842309941492,0.2555871462375082,2.4746323917494806
641,sample_000641,0.01,0.01,0.001,-2.0,-2.0,-3.0,0.030787224540792454,0.45968147689987976,0.010538388945882817,43.61971068447517
642,sample_000642,0.1,0.1,0.01,-1.0,-1.0,-2.0,0.3078722454079247,0.7475712490112068,0.023959669533865264,31.201233721298564
643,sample_000643,0.01,0.01,0.001,-2.0,-2.0,-3.0,0.030787224540792454,0.23481526582341966,0.038755057311577225,6.058958033156456
644,sample_000644,0.01,0.01,0.001,-2.0,-2.0,-3.0,0.030787224540792454,0.3121947825333866,0.010732872088716105,29.087720411911867
645,sample_000645,0.01,0.01,0.001,-2.0,-2.0,-3.0,0.027956512630885264,0.04394695448297583,0.01654828941365409,2.655679592279486
646,sample_000646,0.01,0.01,0.001,-2.0,-2.0,-3.0,0.027956512630885264,0.396809340265588,0.01289851309899379,30.763959940199854
647,sample_000647,0.01,0.01,0.001,-2.0,-2.0,-3.0,0.027956512630885264,0.7496208585089836,0.3005577904527301,2.494098913156867
648,sample_000648,0.01,0.01,0.001,-2.0,-2.0,-3.0,0.027956512630885264,0.23702364855572078,0.05645047986942413,4.198788904965578
649,sample_000649,0.18108538160003,0.04270176431555417,0.03102936835194922,-0.7421166073705816,-1.3695541807904323,-1.5082270650234735,0.30323595843695444,0.641882745870626,0.2547735505831198,2.5194245807757505
650,sample_000650,4.669030389829927,0.018911971858704742,0.0006218700853824642,0.6692267006801078,-1.7232631870350028,-3.206300334110739,4.845254957564829,0.7792733136000705,0.2434843221674222,3.200507148317478
651,sample_000651,1.4964788275452485,0.01261560762054931,0.004563565253036068,0.17507057674232218,-1.8990918271997859,-2.3406957352443047,1.5988271020870704,0.8605305507608163,0.1761055798768287,4.886446819928627
652,sample_000652,0.01,0.01,0.001,-2.0,-2.0,-3.0,0.027956512630885264,0.36376173489786634,0.06397595689679306,5.685913154604191
653,sample_000653,0.6096502998479726,6.391342895166955,0.00021610738578778908,-0.2149192082609428,0.8055921180467722,-3.6653303902103804,7.8412208318004994,1.8148691265626855,1.1245900109786644,1.6138051279535304
654,sample_000654,0.01,0.01,0.001,-2.0,-2.0,-3.0,0.027956512630885264,0.6254505988641421,0.11660740414939944,5.363729717049561
655,sample_000655,0.1,0.1,0.01,-1.0,-1.0,-2.0,0.2795651263088529,0.6136167737311641,0.013670214015436277,44.887137321937594
656,sample_000656,0.01,0.01,0.001,-2.0,-2.0,-3.0,0.027956512630885264,0.9814673690437592,0.39393121901886247,2.4914688698403564
657,sample_000657,0.01,0.01,0.001,-2.0,-2.0,-3.0,0.027956512630885264,0.6625450558874981,0.17232032558554677,3.8448456595944855
658,sample_000658,3.059850904925321,0.09785794226870569,0.009430957313680715,0.4857002654535645,-1.0094039207111933,-2.025444220841985,3.6129138825236704,0.7792319097991782,0.2093619521701035,3.721936587437166
659,sample_000659,0.1,0.1,0.01,-1.0,-1.0,-2.0,0.2795651263088529,0.760341072899956,0.298032238470597,2.5512041140306674
660,sample_000660,0.5432783698370991,0.034077482857804216,0.021313932920835135,-0.26497758568483665,-1.4675324919962662,-1.6713364053670041,0.7598383633749044,0.14228646006902831,0.01782402521645169,7.9828466545086005
661,sample_000661,0.04994483964956753,0.025544041271027405,0.003461051414598938,-1.3015093768572275,-1.5927103927866124,-2.460791949128075,0.12553193528428308,0.9288016658834883,0.20059543711912972,4.630223295317984
662,sample_000662,0.027270641087025604,0.01553691568980308,0.1672699018039339,-1.5643046524036208,-1.8086351909305671,-0.7765821980479082,0.0718480554113388,0.9127099668409743,0.4055115454393284,2.250761974858572
663,sample_000663,0.01,0.01,0.001,-2.0,-2.0,-3.0,0.033381219890819755,0.5065055685091346,0.05730798093022653,8.838307689217215
664,sample_000664,0.2580926382888522,0.015434901401836575,0.08262198085248705,-0.5882243828878453,-1.8114961404465486,-1.0829043970743681,0.3578041382762385,0.7747675370636979,0.26125911823425557,2.9655138634013523
665,sample_000665,0.01,0.01,0.001,-2.0,-2.0,-3.0,0.033381219890819755,0.6330314336322639,0.18883605823170965,3.352280489012899
666,sample_000666,1.7555704201784383,0.05253386840870537,0.029230791540372527,0.24441825475353252,-1.2795606181061379,-1.5341594242264982,2.181020505734417,0.7499035857171711,0.19284247166103674,3.888684786385088
667,sample_000667,0.1,0.1,0.01,-1.0,-1.0,-2.0,0.3338121989081979,0.8685289953487085,0.2677192263017438,3.2441786394892604
668,sample_000668,0.6070998211896669,0.19958216994325234,0.006351722431950101,-0.2167398950406607,-0.6998782598479325,-2.1971084886833374,1.3012127975127519,0.7652953052302311,0.12375095714430911,6.18415665535258
669,sample_000669,1.1977886051628552,0.19770862795161137,0.03136781022353285,0.07838017722503654,-0.703974377777814,-1.5035157981983431,2.085121975409845,2.7756675460139912,0.0922717123817552,30.081456974920314
670,sample_000670,0.1,0.1,0.01,-1.0,-1.0,-2.0,0.3338121989081979,1.4812179376771186,0.2575482185038183,5.751225717195783
671,sample_000671,0.008909628540667998,0.031756903194144884,0.001496770456043563,-2.0501404021473024,-1.4981618548365079,-2.8248447977313784,0.05941276333590667,0.5768343998563502,0.1283991769782099,4.492508545862739
672,sample_000672,0.01,0.01,0.001,-2.0,-2.0,-3.0,0.033381219890819755,0.31159593360598664,0.03018499966227855,10.322873516390342
673,sample_000673,0.01,0.01,0.001,-2.0,-2.0,-3.0,0.033381219890819755,0.4841805840909002,0.03681502300634777,13.151712115117139
674,sample_000674,1.787287378949375,0.13275908071282502,0.02999546386751393,0.25219438857586773,-0.8769357635150881,-1.5229444174890228,2.5827090320435375,0.7159678058931034,0.2477851332055965,2.8894703916680844
675,sample_000675,0.01,0.01,0.001,-2.0,-2.0,-3.0,0.02833480839143905,0.4101565978565238,0.018707342158576563,21.924899559742297
676,sample_000676,0.01,0.01,0.001,-2.0,-2.0,-3.0,0.02833480839143905,1.4678774949792055,1.1678923525348959,1.256860267809097
677,sample_000677,0.1,0.1,0.01,-1.0,-1.0,-2.0,0.2833480839143907,0.8088997602750159,0.3027028843296667,2.672256533221738
678,sample_000678,0.04894668989455724,0.035465181929762106,0.05179619039551963,-1.3102766727910984,-1.4501978079601248,-1.285702181394658,0.12066483372117634,0.7015739872562574,0.023910557519650856,29.34159885982039
679,sample_000679,0.01,0.01,0.001,-2.0,-2.0,-3.0,0.02833480839143905,0.3216079450879797,0.017209613740787402,18.6876910738419
680,sample_000680,0.1,0.1,0.01,-1.0,-1.0,-2.0,0.2833480839143907,1.046939778821381,0.02897214409209414,36.13608214474771
681,sample_000681,0.01,0.01,0.001,-2.0,-2.0,-3.0,0.02833480839143905,0.05856656909271693,0.009659800748072054,6.062916888260444
682,sample_000682,0.1,0.1,0.01,-1.0,-1.0,-2.0,0.2833480839143907,0.7714953438184132,0.2650198910952447,2.911084676059835
683,sample_000683,4.05012020674056,0.10599765039060079,0.00033603667845746296,0.6074679131774801,-0.9747037614683078,-3.4736133167104266,4.692521324620546,0.5006861422353381,0.25040951245377013,1.9994693385610633
684,sample_000684,0.1,0.1,0.01,-1.0,-1.0,-2.0,0.2833480839143907,1.2867581765884124,0.028812609983870117,44.6595493191615
685,sample_000685,0.1,0.1,0.01,-1.0,-1.0,-2.0,0.2833480839143907,0.8298772945403294,0.10659983876571949,7.784977014498097
686,sample_000686,0.01,0.01,0.001,-2.0,-2.0,-3.0,0.02833480839143905,0.516024971364447,0.06699823335528982,7.702068331085397
687,sample_000687,0.01,0.01,0.001,-2.0,-2.0,-3.0,0.02833480839143905,0.09817989568193142,0.022762249652408893,4.313277342142726
688,sample_000688,0.190103419507605,0.014592802640180947,0.003172284059677267,-0.7210100711412526,-1.835861291089746,-2.4986279310559256,0.25293810832726576,0.7857112727479736,0.05575410536664213,14.092437993239997
689,sample_000689,0.01,0.01,0.001,-2.0,-2.0,-3.0,0.02833480839143905,0.5052317640843438,0.05617279004932718,8.994243719079702
690,sample_000690,0.01,0.01,0.001,-2.0,-2.0,-3.0,0.03146515212227276,0.47807309956433264,0.028993910869588226,16.488741436595383
691,sample_000691,0.01,0.01,0.001,-2.0,-2.0,-3.0,0.03146515212227276,0.389051328606388,0.07105701640227638,5.475199330124483
692,sample_000692,0.01,0.01,0.001,-2.0,-2.0,-3.0,0.03146515212227276,0.12305615793254383,0.012069751730259164,10.195417493471636
693,sample_000693,1.4968233888368645,0.023199922805654177,0.00024057588243831576,0.17517056067810266,-1.6345134601579883,-3.6187479125279722,1.7045651651462552,1.0768344243346548,0.25073572416268974,4.2946988424990105
694,sample_000694,0.1,0.1,0.01,-1.0,-1.0,-2.0,0.3146515212227275,0.6230962217053322,0.0445951727866279,13.972279571303083
695,sample_000695,0.01,0.01,0.001,-2.0,-2.0,-3.0,0.03146515212227276,0.33395092067615545,0.03446216537714086,9.690363824255478
696,sample_000696,0.01,0.01,0.001,-2.0,-2.0,-3.0,0.03146515212227276,0.19663181619250972,0.13164241800510051,1.4936812858063058
697,sample_000697,0.1,0.1,0.01,-1.0,-1.0,-2.0,0.3146515212227275,0.761200385988777,0.2545484562540286,2.9903948238017644
698,sample_000698,0.1,0.1,0.01,-1.0,-1.0,-2.0,0.3146515212227275,1.0588270496447119,0.2634076167663469,4.019728292762065
699,sample_000699,0.1,0.1,0.01,-1.0,-1.0,-2.0,0.3146515212227275,1.131427933099527,0.2550280283716102,4.4364846496436225
700,sample_000700,0.01,0.01,0.001,-2.0,-2.0,-3.0,0.03146515212227276,0.7871376550407914,0.33818496088413713,2.3275359524649777
701,sample_000701,1.590296130182679,0.008072797812775975,0.00021240007241654996,0.20147800213771738,-2.092975924501013,-3.6728453395204053,1.6832746833191699,0.6884624999581108,0.30832654710345714,2.232900496002705
702,sample_000702,0.04583927625429933,0.017530530453590838,0.13170076867618413,-1.3387622479613785,-1.7562049424582895,-0.8804116902557491,0.09840659208792045,0.8969636493781399,0.38426620026338226,2.334224682689621
703,sample_000703,0.8483557793612039,0.027229023440422342,0.00046408862477661085,-0.0714219772133875,-1.5649679342032266,-3.3333990763930625,1.0447516582291787,0.554511894225804,0.2545496476628565,2.178403699698845
704,sample_000704,0.01,0.01,0.001,-2.0,-2.0,-3.0,0.03146515212227276,0.4689616343705324,0.019733383375149866,23.764887422249803
705,sample_000705,7.552681786952891,0.1879751919971878,0.00044286512929515046,0.8781011871886673,-0.7258994629152795,-3.353728514230702,8.922749536554718,0.6699249431103133,0.28533540899393484,2.3478507118075673
706,sample_000706,0.2989529113053688,0.02875184850355582,0.0043548641541235975,-0.5243972129155141,-1.541334228571324,-2.3610253878514227,0.42815269928826943,0.4218521103631705,0.24786248361218932,1.7019603137004342
707,sample_000707,0.01,0.01,0.001,-2.0,-2.0,-3.0,0.029554519716116966,0.6225357319637321,0.06643588538025114,9.370473929873874
708,sample_000708,0.01,0.01,0.001,-2.0,-2.0,-3.0,0.029554519716116966,0.614364458903056,0.164812483706692,3.7276573053556294
709,sample_000709,0.01,0.01,0.001,-2.0,-2.0,-3.0,0.029554519716116966,0.467758818527409,0.01213435178127521,38.5483153083808
710,sample_000710,0.01,0.01,0.001,-2.0,-2.0,-3.0,0.029554519716116966,0.7661248102826833,0.31711046297403994,2.415955636081934
711,sample_000711,0.01,0.01,0.001,-2.0,-2.0,-3.0,0.029554519716116966,1.0886425959073844,0.026181183464656723,41.58110718627357
712,sample_000712,2.555639637540183,0.005201779288006662,0.06595006217092712,0.4074996153465795,-2.2838480789056814,-1.1807847907093088,2.6257446492410477,0.6719462001535443,0.3448734723045441,1.9483847095092754
713,sample_000713,0.01,0.01,0.001,-2.0,-2.0,-3.0,0.029554519716116966,0.2971643404618758,0.034256448228352145,8.674697927846749
714,sample_000714,0.01,0.01,0.001,-2.0,-2.0,-3.0,0.029554519716116966,0.6567989549657183,0.2073097690611682,3.1682006976329475
715,sample_000715,0.13399028818656375,0.08173832332565606,0.014055635402208591,-0.8729266787981524,-1.0875742750888717,-1.852149516798944,0.32169855944368664,0.6672267656730348,0.08559863605225235,7.7948294090309656
716,sample_000716,0.01,0.01,0.001,-2.0,-2.0,-3.0,0.029554519716116966,0.17568271448557987,0.019157624830589526,9.170380777321741
717,sample_000717,0.18478312316891185,0.06035911879327578,0.0011386800023324736,-0.7333376968026943,-1.2192571092876232,-2.9435983064273805,0.3572684926075459,0.5828625259944179,0.023087534450737378,25.24576746114188
718,sample_000718,0.1,0.1,0.01,-1.0,-1.0,-2.0,0.2955451971611697,13.419078558155695,12.798997765493683,1.0484476053534255
719,sample_000719,0.01,0.01,0.001,-2.0,-2.0,-3.0,0.029554519716116966,0.8167538825370995,0.17596363653336733,4.641606064911152
720,sample_000720,0.1,0.1,0.01,-1.0,-1.0,-2.0,0.2820594817513592,4.419490706297248,3.692663412072068,1.1968300960897311
721,sample_000721,0.1,0.1,0.01,-1.0,-1.0,-2.0,0.2820594817513592,0.599691283676832,0.27758648363520355,2.160376383689235
722,sample_000722,0.1793379499896276,0.025262036419657227,0.015563872194877062,-0.7463277989647255,-1.5975316430850341,-1.8078823441293812,0.267295403991999,3.7376369238932874,3.007775674603489,1.2426581395190035
723,sample_000723,0.1371126927174698,0.007372687888530683,0.04460496962022043,-0.8629223400900985,-2.1323741509006364,-1.350616752085994,0.17288517975359488,0.49669233150662584,0.050164062350670204,9.901357829326395
724,sample_000724,0.01,0.01,0.001,-2.0,-2.0,-3.0,0.028205948175135907,0.8417787196995176,0.39262974989080174,2.1439504264096985
725,sample_000725,2.8039680307604757,0.05808283174639164,0.016958390583550764,0.4477730577455965,-1.2359522183779923,-1.7706153663392676,3.183607469044648,0.7649046833392932,0.08622226529298169,8.871312772172722
726,sample_000726,0.6006507070945287,0.030489919489466045,0.0034606263382143186,-0.22137800733221358,-1.51584372241477,-2.4608452912035235,0.7514493433062777,0.748829049490207,0.01744405505186646,42.92746424290175
727,sample_000727,0.1,0.1,0.01,-1.0,-1.0,-2.0,0.2820594817513592,0.2985853889179445,0.1514208503356829,1.9718908476343546
728,sample_000728,0.1,0.1,0.01,-1.0,-1.0,-2.0,0.2820594817513592,1.9726272784265306,1.2440008357051027,1.585712181060104
729,sample_000729,0.01,0.01,0.001,-2.0,-2.0,-3.0,0.028205948175135907,0.4699524478498158,0.020469276078888012,22.958918822465062
730,sample_000730,0.1,0.1,0.01,-1.0,-1.0,-2.0,0.2820594817513592,0.40448402643785875,0.12433027441909161,3.2533027722148096
731,sample_000731,0.1,0.1,0.01,-1.0,-1.0,-2.0,0.2820594817513592,0.7604726646741763,0.0359113089022241,21.176411774483604
732,sample_000732,0.01,0.01,0.001,-2.0,-2.0,-3.0,0.028205948175135907,0.20079151733043404,0.045097347464897075,4.4524019397532495
733,sample_000733,0.08765003042202699,0.00852889547751131,0.0013097975195197793,-1.0572479288329797,-2.0691072078806942,-2.8827958363685795,0.12144273000578218,0.7791560933493755,0.04743189263402255,16.426839623736466
734,sample_000734,0.3303150808627444,0.036155288659957825,0.0011727979368709122,-0.48107159771047137,-1.4418281667555668,-2.9307768066920046,0.46781375433711314,0.5225163005209483,0.04527955268271605,11.539784948458676
735,sample_000735,0.1,0.1,0.01,-1.0,-1.0,-2.0,0.3208415231746977,0.8068491913121958,0.08410660305187409,9.593172973762341
736,sample_000736,0.01,0.01,0.001,-2.0,-2.0,-3.0,0.032084152317469784,0.2640069352934749,0.06345067161786713,4.160821762194444
737,sample_000737,0.05409902741827546,0.07951710103957291,0.00506487220980563,-1.2668105424844276,-1.0995394614259624,-2.295431507712661,0.20933108729156452,0.7806269304186135,0.2720523025411558,2.86940019667917
738,sample_000738,0.02663324385859191,0.03585110386179686,0.0015984262665562602,-1.574575934421381,-1.4454974677867902,-2.7963073924021806,0.0985644076656299,0.08951494382540091,0.08908871708891442,1.0047842953677413
739,sample_000739,0.19704452525058394,0.23198246457169094,0.03070782549543206,-0.7054356272104139,-0.6345448419520849,-1.512750936040514,0.6828302489810733,1.422833820633756,1.2916304288687401,1.1015796692556468
740,sample_000740,0.01,0.01,0.001,-2.0,-2.0,-3.0,0.032084152317469784,0.5877646023182079,0.13832631110274232,4.24911643802634
741,sample_000741,0.01,0.01,0.001,-2.0,-2.0,-3.0,0.032084152317469784,0.6237251195057129,0.3044183985092055,2.048907433191334
742,sample_000742,0.01,0.01,0.001,-2.0,-2.0,-3.0,0.032084152317469784,0.24621587817794888,0.088822550502189,2.771997390143407
743,sample_000743,0.03880530278372244,0.0847221967554423,0.000840711395445223,-1.4111089235720131,-1.072002791965751,-3.0753530658867048,0.18586364408892841,0.5375058809306756,0.01403209178693437,38.30547070901865
744,sample_000744,0.01,0.01,0.001,-2.0,-2.0,-3.0,0.032084152317469784,0.540460507466645,0.09101789023294947,5.937959076873795
745,sample_000745,0.01,0.01,0.001,-2.0,-2.0,-3.0,0.032084152317469784,0.16919568016274453,0.04628981793940703,3.6551381641686342
746,sample_000746,0.01,0.01,0.001,-2.0,-2.0,-3.0,0.032084152317469784,0.3157520581092912,0.01638889394193408,19.26622133427686
747,sample_000747,0.01,0.01,0.001,-2.0,-2.0,-3.0,0.032084152317469784,0.32469221816954114,0.025548235061048613,12.70898820970118
748,sample_000748,0.01,0.01,0.001,-2.0,-2.0,-3.0,0.032084152317469784,0.500775983582854,0.05183409281964872,9.6611314357377
749,sample_000749,0.01,0.01,0.001,-2.0,-2.0,-3.0,0.032084152317469784,0.42544186509898496,0.05896505468785774,7.215152556902372
750,sample_000750,0.07134698336437757,0.060248853474048354,0.007751921426765736,-1.1466243846502566,-1.2200512132283121,-2.110590637930331,0.19493127432710375,0.7966722747509739,0.06901964778600023,11.542688209900847
751,sample_000751,1.1130280882945423,0.02552014061725418,0.0005431371341601468,0.04650612429643619,-1.5931169369599152,-3.2650905035790827,1.3016162027563443,0.6333081067267171,0.22628793687907015,2.798682578758767
752,sample_000752,0.023678839430061223,0.009880124941434393,0.0041185027997254825,-1.625639587484255,-2.005237563405041,-2.3852606344502583,0.04936665076656279,0.35747256967268637,0.03350763162237164,10.668392612804567
753,sample_000753,0.1,0.1,0.01,-1.0,-1.0,-2.0,0.2945114966589475,1.3307651963110954,0.8515841079250343,1.5626937890534753
754,sample_000754,0.01,0.01,0.001,-2.0,-2.0,-3.0,0.02945114966589476,0.17100006556950542,0.013997766617003075,12.21623922217647
755,sample_000755,0.01,0.01,0.001,-2.0,-2.0,-3.0,0.02945114966589476,0.03302270729723666,0.025036711241103012,1.3189714487349664
756,sample_000756,0.01,0.01,0.001,-2.0,-2.0,-3.0,0.02945114966589476,0.21974035156373856,0.042092169013750194,5.220456838229369
757,sample_000757,0.01,0.01,0.001,-2.0,-2.0,-3.0,0.02945114966589476,0.5226619831843266,0.07349701931304456,7.111335780273777
758,sample_000758,0.6030425131169652,0.0072923528550771265,0.028713838231222123,-0.21965207001360643,-2.13713232530157,-1.5419087506861908,0.6687086207959262,0.6806453370235157,0.32123241998870977,2.1188563005173577
759,sample_000759,0.24217304157163935,0.012037734393005546,0.0019752005632965746,-0.6158742036715319,-1.9194552434106829,-2.704388799222054,0.310313814764538,0.3541154128488382,0.13779463838002218,2.5698780229186244
760,sample_000760,0.01,0.01,0.001,-2.0,-2.0,-3.0,0.02945114966589476,0.4342715367721096,0.03366244278243209,12.900773113196324
761,sample_000761,5.45291510296309,0.023692234310845318,0.3179607878321078,0.736628736160748,-1.6253939809355353,-0.4976264356073159,5.727988439881687,0.3294003867332422,0.2492091721569275,1.3217827573610257
762,sample_000762,1.1851985641488145,0.0016788920120876427,0.2068409489547936,0.07379111666675087,-2.7749772371929198,-0.6843634784184118,1.2087706854194928,0.8116453419353318,0.13819339324719626,5.873257200389346
763,sample_000763,0.1,0.1,0.01,-1.0,-1.0,-2.0,0.2945114966589475,0.9596593916500407,0.4896645626119556,1.9598301876922666
764,sample_000764,0.1,0.1,0.01,-1.0,-1.0,-2.0,0.2945114966589475,0.4648394381448927,0.07111022447792874,6.536886102633104
765,sample_000765,2.8134209543473157,0.0037168880643248373,0.003924782713704761,0.44923471775799495,-2.4298205176715717,-2.4061843819381297,2.8642947260502827,0.7790612207329242,0.2238468493713261,3.480331409268961
766,sample_000766,0.01,0.01,0.001,-2.0,-2.0,-3.0,0.029657112873278418,0.5024587397993124,0.05345438482566964,9.39976657551999
767,sample_000767,0.09464775951573524,0.09882637786469023,0.07405062460101514,-1.02388966211719,-1.0051271218890117,-1.1304712739472258,0.28645114859460674,0.776902865285638,0.2704181062501256,2.872969107205547
768,sample_000768,0.01,0.01,0.001,-2.0,-2.0,-3.0,0.029657112873278418,0.7643431542499456,0.05375365330735343,14.219371284023675
769,sample_000769,1.7961503381607276,0.041974434919282474,0.0014193945512730097,0.25434268439203755,-1.3770151418388563,-2.8478968662598776,2.106088244892039,0.7554852755203787,0.19716057250944527,3.8318273572886183
770,sample_000770,0.01,0.01,0.001,-2.0,-2.0,-3.0,0.029657112873278418,0.3444848099141257,0.02115911565426994,16.280680891529048
771,sample_000771,0.01,0.01,0.001,-2.0,-2.0,-3.0,0.029657112873278418,0.46622473063026704,0.01707366075464354,27.306664770381328
772,sample_000772,11.94562271749185,16.30233288713332,0.3216906688724553,1.077208794163031,1.212249757012125,-0.4925615362878837,41.124712696595125,5.943557213553052,1.504244994498618,3.951189623558699
773,sample_000773,0.01,0.01,0.001,-2.0,-2.0,-3.0,0.029657112873278418,0.5935632309896668,0.1446954580405591,4.102155237127671
774,sample_000774,0.01,0.01,0.001,-2.0,-2.0,-3.0,0.029657112873278418,0.38737249232840587,0.09743369580806124,3.9757548876264255
775,sample_000775,0.01,0.01,0.001,-2.0,-2.0,-3.0,0.029657112873278418,0.3541756247450035,0.061580289805208216,5.751444591529817
776,sample_000776,0.1,0.1,0.01,-1.0,-1.0,-2.0,0.29657112873278413,0.5568880044450244,0.06657591237292304,8.364707062903358
777,sample_000777,0.5959061463799397,0.05477813360850603,0.001961206534224439,-0.22482213509019022,-1.261392769039623,-2.7074766684684404,0.846198045955719,0.6938506580695947,0.3316731301508021,2.0919712662708645
778,sample_000778,0.01,0.01,0.001,-2.0,-2.0,-3.0,0.029657112873278418,0.458982851417744,0.009832536530298428,46.68000469699891
779,sample_000779,0.01,0.01,0.001,-2.0,-2.0,-3.0,0.029657112873278418,0.5099632674529859,0.09187638362248124,5.550537007947741
780,sample_000780,3.320128449423724,0.017608568652729924,0.02825862948782808,0.5211548860524724,-1.7542759450824366,-1.5488489047771568,3.457753374004402,0.8550818400227348,0.3286667795842777,2.6016679906144033
781,sample_000781,0.01,0.01,0.001,-2.0,-2.0,-3.0,0.02609294227246109,0.46439130800668477,0.01533670571430427,30.27972999270341
782,sample_000782,0.01,0.01,0.001,-2.0,-2.0,-3.0,0.02609294227246109,0.6286869371567902,0.18178590319079121,3.4583921311926997
783,sample_000783,0.1,0.1,0.01,-1.0,-1.0,-2.0,0.26092942272461095,0.9597900010874807,0.23904294645505764,4.015136256145213
784,sample_000784,0.01,0.01,0.001,-2.0,-2.0,-3.0,0.02609294227246109,0.39884774195718264,0.015269457896413053,26.120622268513927
785,sample_000785,0.00738391261247079,15.836913406971137,0.0011556134723669273,-2.1317134517636043,1.1996705420930134,-2.9371874037086743,15.852169847520063,1.7956832758132868,1.394513490146655,1.28767723546686
786,sample_000786,2.0145802674798725,0.0101000359978063,0.40671749835821963,0.3041845757845172,-1.9956770783341122,-0.3907071423804185,2.094650201768245,0.7010300767104672,0.13042953190935658,5.3747802851708135
787,sample_000787,0.1,0.1,0.01,-1.0,-1.0,-2.0,0.26092942272461095,0.5545529457013687,0.13150422370662154,4.216997219333007
788,sample_000788,7.987280272491622,0.004683117053193729,0.2131912153791127,0.9023989240294332,-2.329464987013818,-0.6712306945374795,8.034141736100503,1.5602852246988526,0.30788284644748454,5.067788747253218
789,sample_000789,0.1,0.1,0.01,-1.0,-1.0,-2.0,0.26092942272461095,2.523924083921375,2.092494678662236,1.2061794515697206
790,sample_000790,0.31437019508278946,0.00997533803483755,0.0011306302420999222,-0.5025586354209999,-2.0010723784304685,-2.9466794022108886,0.36314438131948573,0.8319519988856465,0.317449957768753,2.6207343189873202
791,sample_000791,0.01,0.01,0.001,-2.0,-2.0,-3.0,0.02609294227246109,0.9130148970750506,0.46355978825418653,1.969573117015947
792,sample_000792,0.1,0.1,0.01,-1.0,-1.0,-2.0,0.26092942272461095,0.7216027307511577,0.017465651204259657,41.31553540787346
793,sample_000793,0.05565021820078863,0.19822250199210198,0.0075250602573942275,-1.254533128486278,-0.702847046438535,-2.123490018079763,0.3003579020267488,0.6315846382797876,0.26477142314680463,2.3853957907292753
794,sample_000794,0.38936893429504105,0.0028084891274090594,0.034151344744654706,-0.4096387015125469,-2.551527253082263,-1.4665921908496564,0.4099826476139533,0.9258538388777184,0.0702813582513114,13.173533664034483
795,sample_000795,0.01,0.01,0.001,-2.0,-2.0,-3.0,0.030461925223822614,0.4721681651455988,0.022785645019630145,20.72217682399684
796,sample_000796,0.1,0.1,0.01,-1.0,-1.0,-2.0,0.304619252238226,0.7889101116646579,0.28290959272835386,2.788559073082259
797,sample_000797,0.01,0.01,0.001,-2.0,-2.0,-3.0,0.030461925223822614,0.6126269452050555,0.04093081080539394,14.967378684917778
798,sample_000798,0.10666949134839875,0.05908117511971274,0.008016696706355705,-0.9719597758299434,-1.2285508751926644,-2.0960045466443136,0.2530219019876988,0.6896833070701389,0.10470885958713223,6.586675757806598
799,sample_000799,0.8318040355402847,0.015260609037894687,1.178190401988828,-0.07997897696384104,-1.8164281337128,0.07121548047749293,0.9451672433142349,0.6377501266341908,0.23286181351924753,2.738749290816962
800,sample_000800,0.12408145126533834,0.06883788904179163,0.0009964461359848354,-0.9062931356260897,-1.1621724560603122,-3.00154617260505,0.29450198901121055,0.7416994668969681,0.017141986068415372,43.268000798552265
801,sample_000801,0.01,0.01,0.001,-2.0,-2.0,-3.0,0.030461925223822614,0.5591627912190165,0.10999948635710528,5.0833218384650944
802,sample_000802,0.665346584154714,0.0006824137176470121,0.012793041429643253,-0.17695206841765732,-3.16595225171374,-1.8930261936694652,0.6726734710807121,0.8566027409664605,0.3415728915024828,2.507818279133647
803,sample_000803,0.4330616828606353,0.00478407552552401,0.0008112217006661846,-0.3634502407872624,-2.3202019728199357,-3.090860440217937,0.47257790297512353,0.5066023957873345,0.07398179396691243,6.847663034690765
804,sample_000804,0.1,0.1,0.01,-1.0,-1.0,-2.0,0.304619252238226,0.806233654931791,0.08328879239061454,9.67997772318094
805,sample_000805,0.01,0.01,0.001,-2.0,-2.0,-3.0,0.030461925223822614,0.7259652137975346,0.01862227996281607,38.98369132281877
806,sample_000806,0.01,0.01,0.001,-2.0,-2.0,-3.0,0.030461925223822614,0.41956630415428653,0.03926158138622459,10.686434151159702
807,sample_000807,0.047376309948229826,0.17720964862787142,0.08778602613823318,-1.3244387686772185,-0.7515126355428539,-1.056574609994204,0.30164027548821365,0.47646573680941984,0.0474856800025108,10.033882568054764
808,sample_000808,0.01,0.01,0.001,-2.0,-2.0,-3.0,0.030461925223822614,0.3242994618686956,0.025120967011079055,12.909513464416813
809,sample_000809,6.03537207127171,0.04152322721819954,0.02861722058780587,0.7807040488358927,-1.3817089001357727,-1.5433725488430206,6.408799664654212,0.8054389290521027,0.1988255610166424,4.050982805901323
810,sample_000810,0.01,0.01,0.001,-2.0,-2.0,-3.0,0.029926335504051556,0.66265461853748,0.038753843792973426,17.099068213141425
811,sample_000811,0.12245436064659306,0.03488153408060164,0.01283437320669185,-0.9120257448713787,-1.4574044231635161,-1.8916253361489037,0.22727060927148696,0.7758100472645852,0.26327303944151426,2.946788812520738
812,sample_000812,0.01,0.01,0.001,-2.0,-2.0,-3.0,0.029926335504051556,0.3452864490200064,0.03993948188742474,8.645241067303944
813,sample_000813,0.01,0.01,0.001,-2.0,-2.0,-3.0,0.029926335504051556,3.5947839115181863,3.1457364643311796,1.1427479549792736
814,sample_000814,0.09193302575486526,0.010974550776238793,0.0012464469669765553,-1.0365284458876802,-1.9596132477959567,-2.9043261948492636,0.13621844689433163,0.27098109790969643,0.08927972352732316,3.035191947326824
815,sample_000815,0.1,0.1,0.01,-1.0,-1.0,-2.0,0.29926335504051577,0.5174141398108161,0.11020990722202662,4.6948060555794155
816,sample_000816,0.01,0.01,0.001,-2.0,-2.0,-3.0,0.029926335504051556,0.5932501865401779,0.14409292564288367,4.117136104311425
817,sample_000817,0.5284570516112271,0.040713685053388106,0.03250574072577839,-0.2769903025971914,-1.3902595872319337,-1.4880399330100467,0.7180487140481852,1.1700076418621919,0.21882067395535945,5.346878888147833
818,sample_000818,1.69702256755025,0.07388332469544476,0.029881659115787426,0.22968761774335356,-1.1314535698587855,-1.5245952929065858,2.106891404542019,0.7022760092741452,0.20963400331226964,3.3500100087677036
819,sample_000819,0.01,0.01,0.001,-2.0,-2.0,-3.0,0.029926335504051556,0.5095383330159675,0.06039499687731421,8.436763959952488
820,sample_000820,0.1,0.1,0.01,-1.0,-1.0,-2.0,0.29926335504051577,0.8398208015102511,0.12007925470663915,6.99388752505155
821,sample_000821,0.01,0.01,0.001,-2.0,-2.0,-3.0,0.029926335504051556,0.47808444702302083,0.02892557957544468,16.528085315492632
822,sample_000822,1.7117104296225996,0.001154356095989629,0.0018979525568350664,0.23343029687515937,-2.9376601992673246,-2.721714647842475,1.7231798383781431,0.7515812871046007,0.20116518551783588,3.7361399546839746
823,sample_000823,2.4422528630940197,0.1018190116896249,0.002223836816625222,0.3877906274062264,-0.992171122775261,-2.6528970841040627,3.0142522595418044,0.7927740094466496,0.21663285162114682,3.6595281071823464
824,sample_000824,0.1,0.1,0.01,-1.0,-1.0,-2.0,0.29926335504051577,0.5825508386954897,0.3070846089631901,1.8970369132544818
825,sample_000825,1.2017207931844043,0.06788715459711193,0.00464203612520926,0.0798035757659541,-1.1682123938395286,-2.333291484104575,1.5573091232797356,0.7635732610825038,0.19968256451455121,3.8239355696318738
826,sample_000826,0.01,0.01,0.001,-2.0,-2.0,-3.0,0.02977577933380013,0.480187720060687,0.03112812878690388,15.426167224761352
827,sample_000827,0.01,0.01,0.001,-2.0,-2.0,-3.0,0.02977577933380013,0.5091915564604771,0.06010245067556363,8.472059803503212
828,sample_000828,4.200401442953955,0.18186490468145936,0.0032171323287233313,0.6232907989998449,-0.7402511006820882,-2.4925310751091,5.237817781387444,0.8956494485460629,0.32086755451179905,2.79133691129599
829,sample_000829,0.1,0.1,0.01,-1.0,-1.0,-2.0,0.2977577933380012,0.8099182574679988,0.303761152626745,2.6662996583477168
830,sample_000830,0.01,0.01,0.001,-2.0,-2.0,-3.0,0.02977577933380013,0.7161810632580584,0.01930293115980616,37.102192269604004
831,sample_000831,0.1,0.1,0.01,-1.0,-1.0,-2.0,0.2977577933380012,0.8374428736023429,0.11363114932968559,7.369835459224428
832,sample_000832,0.01,0.01,0.001,-2.0,-2.0,-3.0,0.02977577933380013,0.22769731670401216,0.026520869106445903,8.58559030588746
833,sample_000833,0.1,0.1,0.01,-1.0,-1.0,-2.0,0.2977577933380012,0.7579915964895398,0.25138134246312666,3.015305706710212
834,sample_000834,0.06936411869323071,0.009678315865430625,0.0027507530765577587,-1.1588651272873776,-2.014200208185753,-2.5605483926351806,0.10663331096138998,0.5582383137175917,0.12837973393270694,4.348336739895446
835,sample_000835,1.9422733675520223,0.020905795803621147,0.0009269240187823633,0.2883103551621753,-1.6797332958704105,-3.032955864103578,2.11592099366567,18.78746823560647,18.42195145061308,1.0198413716360775
836,sample_000836,0.01,0.01,0.001,-2.0,-2.0,-3.0,0.02977577933380013,0.33283724156072225,0.03372044278766203,9.870488464715654
837,sample_000837,0.1,0.1,0.01,-1.0,-1.0,-2.0,0.2977577933380012,0.7897355681316475,0.4334986638097359,1.821771631753553
838,sample_000838,1.0693356209031535,0.07782736150078494,0.09031366290161917,0.029114033955325525,-1.1088676927308931,-1.0442465434415071,1.4441722752428627,2.134898118201414,1.752177785922637,1.2184255132975845
839,sample_000839,4.180397720732699,0.033388609253157196,0.0003418539919286547,0.6212176022780662,-1.4764016703813452,-3.4661593443511465,4.475139160697625,0.4478213137606878,0.259135638448216,1.728134796288074
840,sample_000840,1.8642030289631168,0.004411664119316469,0.12541558482069814,0.2704932092822716,-2.355397559849304,-0.9016484923643606,1.9195532869907757,0.988520263857076,0.629994207710708,1.5690942103248708
841,sample_000841,0.3326508905028694,0.010870386875745507,0.0011594880986285686,-0.4780113096147014,-1.9637549991509133,-2.9357337047461027,0.4103551665363133,0.4627213612630864,0.049054859205882095,9.432732429646892
842,sample_000842,0.01,0.01,0.001,-2.0,-2.0,-3.0,0.031569864338586925,0.489180719696122,0.039806917245937955,12.288837054972896
843,sample_000843,8.294131504146625,0.0072261935114395735,0.003625317305183839,0.9187709168578122,-2.1410904125680092,-2.440653975890335,8.391333674806985,0.7859910665455895,0.23065272239804668,3.4076817233016357
844,sample_000844,0.01,0.01,0.001,-2.0,-2.0,-3.0,0.031569864338586925,0.5975987474426597,0.07359551168389537,8.120043379947449
845,sample_000845,0.01,0.01,0.001,-2.0,-2.0,-3.0,0.031569864338586925,1.0656288435530867,0.026207975681742803,40.66047895089559
846,sample_000846,0.01,0.01,0.001,-2.0,-2.0,-3.0,0.031569864338586925,0.47331401068654183,0.024240297788033632,19.52591568079647
847,sample_000847,0.01,0.01,0.001,-2.0,-2.0,-3.0,0.031569864338586925,0.40361228033744595,0.015574812621073911,25.914422867041605
848,sample_000848,0.01,0.01,0.001,-2.0,-2.0,-3.0,0.031569864338586925,0.47820962456500715,0.02914466268144303,16.40813722196526
849,sample_000849,2.772626991113268,0.09875283499975186,0.07100494910446567,0.4428914467154108,-1.0054504277817529,-1.1487113795365351,3.4595772210195466,0.7647262725050872,0.18825852385350536,4.06210702629414
850,sample_000850,0.1,0.1,0.01,-1.0,-1.0,-2.0,0.3156986433858694,0.6586012469502059,0.08457141399358199,7.78751608670261
851,sample_000851,0.1,0.1,0.01,-1.0,-1.0,-2.0,0.3156986433858694,0.7469266538682753,0.02383958452360357,31.331362051580356
852,sample_000852,0.01,0.01,0.001,-2.0,-2.0,-3.0,0.031569864338586925,0.4561182385516917,0.006866059427892487,66.43086086595315
853,sample_000853,0.06533391089807138,0.017412638449334557,0.012443636575893464,-1.1848613440968094,-1.7591354174427551,-1.905052681217211,0.12498624998923946,0.7670602508202864,0.036162213061200044,21.21165122063001
854,sample_000854,0.01,0.01,0.001,-2.0,-2.0,-3.0,0.031569864338586925,3.609067457104904,3.492745587636835,1.0333038483764205
855,sample_000855,0.2664586050257305,0.1098796217391869,0.0012891954780131487,-0.5743702500717935,-0.9590828443085071,-2.8896812264899707,0.49786920239541166,0.7631913351537354,0.043332309468885694,17.612523876709982
856,sample_000856,0.01,0.01,0.001,-2.0,-2.0,-3.0,0.02631595620128562,0.07764795417681972,0.07742820299316358,1.0028381284229926
857,sample_000857,0.01,0.01,0.001,-2.0,-2.0,-3.0,0.02631595620128562,0.08532486419395334,0.08265876958628984,1.032254225667856
858,sample_000858,0.01,0.01,0.001,-2.0,-2.0,-3.0,0.02631595620128562,0.04164464585301688,0.03030012267435319,1.3744051897276968
859,sample_000859,0.01,0.01,0.001,-2.0,-2.0,-3.0,0.02631595620128562,0.4493448880317422,0.3081627926460739,1.4581412771262638
860,sample_000860,0.01,0.01,0.001,-2.0,-2.0,-3.0,0.02631595620128562,0.5186334317545388,0.06945062989254995,7.467656269740661
861,sample_000861,0.01,0.01,0.001,-2.0,-2.0,-3.0,0.02631595620128562,0.5513477530222894,0.024413662117749955,22.583574326664905
862,sample_000862,0.913794325569693,0.02521991128679049,0.0008819189267539442,-0.03915154313019542,-1.5982564454284853,-3.054571336956302,1.0413675717496718,0.7634666898212215,0.25124903233864493,3.038685095480034
863,sample_000863,1.4117553292981608,0.013407739404629807,0.001190340197096488,0.1497594358496217,-1.872644439661824,-2.9243289002822412,1.501129653970525,0.7741636001484038,0.12821464364848592,6.038027935957578
864,sample_000864,0.01,0.01,0.001,-2.0,-2.0,-3.0,0.02631595620128562,0.39225311718222977,0.02411835405908418,16.26367687534994
865,sample_000865,1.8891011632950492,0.026431835369982448,0.011944444317967992,0.2762552154572582,-1.5778726793434754,-1.922834049786326,2.0500064892938967,0.8808431474468166,0.3313868845553548,2.658050721073968
866,sample_000866,0.1,0.1,0.01,-1.0,-1.0,-2.0,0.2631595620128562,0.5871540007107493,0.02587741781857549,22.689821868133798
867,sample_000867,3.452857416224584,0.033999533484059936,0.005120304789890341,0.5381786447770827,-1.4685270419779943,-2.290704186557808,3.6776981137108744,0.7746136644728675,0.2540163570513059,3.0494637174739583
868,sample_000868,0.1,0.1,0.01,-1.0,-1.0,-2.0,0.2631595620128562,0.5868346035790901,0.017581658574453218,33.37765894463347
869,sample_000869,0.1,0.1,0.01,-1.0,-1.0,-2.0,0.2631595620128562,0.5156165022247069,0.27168113942194755,1.8978737475916712
870,sample_000870,0.1,0.1,0.01,-1.0,-1.0,-2.0,0.2882909886100966,0.4858745174917197,0.28652858706714074,1.6957278939077283
871,sample_000871,0.01,0.01,0.001,-2.0,-2.0,-3.0,0.02882909886100967,0.07801563899775883,0.07690007760503084,1.0145066354608596
872,sample_000872,0.016779994376312963,4.171442405385193,0.06666436260820277,-1.7752081890577749,0.6202862517083885,-1.1761062689132125,4.219563986436326,2.062332666487317,1.0419226896808527,1.9793528703353434
873,sample_000873,0.1,0.1,0.01,-1.0,-1.0,-2.0,0.2882909886100966,0.6021985010405289,0.027463639622512675,21.927119249951517
874,sample_000874,2.0702630785736513,0.030393547820943938,0.005065877088473224,0.3160255369125471,-1.5172186020218357,-2.2953453515461426,2.30594629182745,0.85319754562092,0.26363523471299577,3.2362804105063807
875,sample_000875,1.075406190014454,0.00437382283139648,0.15102804292382582,0.03157253193781173,-2.3591388127261848,-0.8209424053140184,1.120889076359308,0.8185694234865599,0.11572167109957987,7.073605278152018
876,sample_000876,0.01,0.01,0.001,-2.0,-2.0,-3.0,0.02882909886100967,0.5243238174438867,0.09736962373119201,5.384880801135533
877,sample_000877,0.1,0.1,0.01,-1.0,-1.0,-2.0,0.2882909886100966,0.6153343661759916,0.3022499124546836,2.0358463007602983
878,sample_000878,0.01,0.01,0.001,-2.0,-2.0,-3.0,0.02882909886100967,0.3662581672147134,0.08202282653914979,4.465319992842445
879,sample_000879,0.1,0.1,0.01,-1.0,-1.0,-2.0,0.2882909886100966,1.946282557378189,0.12297408353456059,15.826770173336616
880,sample_000880,0.01,0.01,0.001,-2.0,-2.0,-3.0,0.02882909886100967,0.4624287949682252,0.01772651712921796,26.086838807495973
881,sample_000881,0.01,0.01,0.001,-2.0,-2.0,-3.0,0.02882909886100967,0.8246872623760637,0.37562408671535924,2.1955121930213064
882,sample_000882,0.34667670477972257,0.006916640453073268,0.004353741007075653,-0.4600753401305173,-2.160104799614761,-2.3611374095951954,0.3957887655472611,0.501413881310092,0.03668392996970782,13.668488674036297
883,sample_000883,0.1,0.1,0.01,-1.0,-1.0,-2.0,0.2882909886100966,0.6986081994791424,0.1193386104755996,5.85399978007941
884,sample_000884,0.01,0.01,0.001,-2.0,-2.0,-3.0,0.02882909886100967,0.4880737287226761,0.034436424547238775,14.173182470007951
885,sample_000885,0.709161568209721,0.06862494027619997,0.006534247195309981,-0.14925480827515525,-1.1635180205051023,-2.184804439874603,0.9422031425132285,0.8203559849340918,0.3133635203799818,2.617905185451502
886,sample_000886,0.00321265008452958,1.82042053749139,0.0029659637993342696,-2.4931365743655602,0.260171726454697,-2.527834153997223,1.8273229090953511,1.1620624971242022,0.8262262422095464,1.4064700898588518
887,sample_000887,0.050437749809865616,0.026524958863574796,0.03548932428816248,-1.297244296939505,-1.5763452809548526,-1.449902269480699,0.10236021196616601,1.1425752354622907,0.037327070935410926,30.60982838539223
888,sample_000888,0.1,0.1,0.01,-1.0,-1.0,-2.0,0.2633029011698804,5.732596286983056,5.585495663777685,1.0263361807188085
889,sample_000889,0.01,0.01,0.001,-2.0,-2.0,-3.0,0.026330290116988047,0.550134274016657,0.0574187798916399,9.58108610205345
890,sample_000890,0.1,0.1,0.01,-1.0,-1.0,-2.0,0.2633029011698804,0.6330743095323419,0.05845215017989036,10.830641945317902
891,sample_000891,0.01,0.01,0.001,-2.0,-2.0,-3.0,0.026330290116988047,0.4538477372185305,0.004431914269534324,102.40444864611918
892,sample_000892,0.01,0.01,0.001,-2.0,-2.0,-3.0,0.026330290116988047,0.3442788111986901,0.04336817512898202,7.9385127498393615
893,sample_000893,0.01,0.01,0.001,-2.0,-2.0,-3.0,0.026330290116988047,1.4637090388864666,0.02425461212811222,60.34765805180451
894,sample_000894,0.1,0.1,0.01,-1.0,-1.0,-2.0,0.2633029011698804,0.49446445834799013,0.24930490160270075,1.983372389268072
895,sample_000895,0.01,0.01,0.001,-2.0,-2.0,-3.0,0.026330290116988047,0.35173413135711945,0.0745720658760998,4.71670091507884
896,sample_000896,0.01,0.01,0.001,-2.0,-2.0,-3.0,0.026330290116988047,1.5250397814564625,0.07280344502554066,20.947357380154923
897,sample_000897,0.01,0.01,0.001,-2.0,-2.0,-3.0,0.026330290116988047,1.2046212167825194,0.30591630411567394,3.9377476799243256
898,sample_000898,2.0091967795019543,0.183213275553382,0.1317762222598101,0.3030224733668412,-0.7370430607408203,-0.8801629468965055,2.6438656458181615,0.869504347293857,0.29091862413930675,2.988823248653526
899,sample_000899,0.01,0.01,0.001,-2.0,-2.0,-3.0,0.026330290116988047,0.371854483057381,0.07076506034204122,5.254775185098851
900,sample_000900,0.01,0.01,0.001,-2.0,-2.0,-3.0,0.026681583628197583,0.028011491846770997,0.019762521710381176,1.417404734946182
901,sample_000901,0.73327646762098,0.044937127199127166,0.000753145971838363,-0.13473225220109342,-1.3473946951889477,-3.1231208423649655,0.9163081080105705,0.689765968274904,0.30600209989075927,2.254121682567361
902,sample_000902,0.1,0.1,0.01,-1.0,-1.0,-2.0,0.26681583628197586,0.6597135996993797,0.20607925217620304,3.2012616152901585
903,sample_000903,0.8129620692602404,0.006630953674212267,0.0019635192784112597,-0.08992971700773111,-2.178424006186055,-2.706964830341346,0.8600035225533799,0.77128455756747,0.2618721132666916,2.9452718273289027
904,sample_000904,0.01,0.01,0.001,-2.0,-2.0,-3.0,0.026681583628197583,0.5073401078263133,0.05802017104043217,8.744202209827446
905,sample_000905,0.01,0.01,0.001,-2.0,-2.0,-3.0,0.026681583628197583,1.0385820870472893,0.007327064842838214,141.74599369929746
906,sample_000906,1.5024883757174894,0.0919677490847835,0.003672912895438454,0.17681112068723692,-1.0363644427640484,-2.4349893709955692,1.877223159845969,0.7648308537991,0.20673594730539743,3.699554256373545
907,sample_000907,0.01,0.01,0.001,-2.0,-2.0,-3.0,0.026681583628197583,0.13676175623500253,0.04058459118166658,3.3697950934832233
908,sample_000908,0.12009671457845894,0.02472450491996658,0.007308808033302186,-0.920468873196282,-1.6068723958957687,-2.1361534447615904,0.18721560664477543,0.8181350322266265,0.30438687618498234,2.6878130965456886
909,sample_000909,5.680202304985781,0.1405404652181987,0.11907513655640824,0.7543638037346749,-0.8521986131912707,-0.9241789117633754,6.437750135894044,2.071942562588096,0.233926631094431,8.857232513008315
910,sample_000910,0.01,0.01,0.001,-2.0,-2.0,-3.0,0.026681583628197583,0.4765213825106969,0.027119369660106956,17.57125583975751
911,sample_000911,0.01,0.01,0.001,-2.0,-2.0,-3.0,0.026681583628197583,0.5234492759328997,0.07441863397308913,7.033846873918521
912,sample_000912,0.01,0.01,0.001,-2.0,-2.0,-3.0,0.026681583628197583,0.2575873055707386,0.05608563400323162,4.592750178341509
913,sample_000913,0.1,0.1,0.01,-1.0,-1.0,-2.0,0.26681583628197586,0.05033282642719158,0.05027675838671511,1.001115188056581
914,sample_000914,1.607420993155247,0.048052161550213905,0.015950350186884843,0.20612963597887823,-1.318287071508113,-1.797229777649921,1.8525159872944923,0.64269708613742,0.22200260001841676,2.8949980139156186
915,sample_000915,0.01,0.01,0.001,-2.0,-2.0,-3.0,0.029818363566713454,0.14451353777132997,0.12554834843098522,1.151058851648455
916,sample_000916,0.1,0.1,0.01,-1.0,-1.0,-2.0,0.2981836356671348,0.16414308503310243,0.06383633470476625,2.5713112413524413
917,sample_000917,0.1,0.1,0.01,-1.0,-1.0,-2.0,0.2981836356671348,0.6998674796596421,0.24538224969559036,2.8521520221118877
918,sample_000918,0.1,0.1,0.01,-1.0,-1.0,-2.0,0.2981836356671348,1.8980552396542145,0.2973045272957633,6.384212366083477
919,sample_000919,0.01,0.01,0.001,-2.0,-2.0,-3.0,0.029818363566713454,0.6984980116716688,0.02260552448298822,30.899438418131957
920,sample_000920,0.1,0.1,0.01,-1.0,-1.0,-2.0,0.2981836356671348,0.4666622503392326,0.01123701139258069,41.52903597190881
921,sample_000921,0.01,0.01,0.001,-2.0,-2.0,-3.0,0.029818363566713454,0.7560451923680694,0.30696770098447274,2.462947046035675
922,sample_000922,1.6339097937278806,0.17808650020184438,0.05304144725841177,0.2132280759616183,-0.7493690008627389,-1.2753846345322595,2.3893838822112206,0.756601159637756,0.16030331452406305,4.719809829784792
923,sample_000923,0.01,0.01,0.001,-2.0,-2.0,-3.0,0.029818363566713454,0.5211323609900734,0.03866633763821648,13.477675746435423
924,sample_000924,1.7106852769675358,0.003941343209245355,0.015116282791818727,0.23317011763658613,-2.404355745446131,-1.820554992001279,1.7542365734620724,26.181181966877297,25.824530994894115,1.0138105498238748
925,sample_000925,0.01,0.01,0.001,-2.0,-2.0,-3.0,0.029818363566713454,0.2056715713636012,0.050703109991522055,4.056389665209709
926,sample_000926,6.973068077088048,0.008842831958710646,0.20387139340640864,0.843423905181881,-2.053408627851328,-0.6906437087845294,7.076039611369505,0.8046427142725843,0.26402073344986227,3.047649719620927
927,sample_000927,0.01,0.01,0.001,-2.0,-2.0,-3.0,0.029818363566713454,0.21337199053322448,0.06732962366448239,3.1690655453014527
928,sample_000928,1.7402613971340843,0.0034831682201557175,0.01752683847280205,0.24061448667717844,-2.458025550715122,-1.7562964157741083,1.779282028029368,0.8677656088904052,0.2788351775342247,3.112109514173097
929,sample_000929,0.5751892097056516,0.027354100443356868,0.23230249671192774,-0.24018926972052945,-1.562977562696417,-0.6339461225183776,0.7292559976188979,0.6029512505314893,0.2597327701359028,2.3214292529048244
930,sample_000930,0.09051198086342745,0.007892307695369917,0.03676096537478756,-1.0432939304247366,-2.1027959913625325,-1.4346130921869564,0.12807892687925831,0.7928188288610776,0.17383323933517386,4.560801098185924
931,sample_000931,0.01,0.01,0.001,-2.0,-2.0,-3.0,0.03010152937173251,0.34539185617282236,0.04245035665852834,8.136371125245486
932,sample_000932,0.09073854714568348,0.007732180380099803,0.025703838407508162,-1.042208178692043,-2.1116980230904288,-1.5900020177299634,0.1278493853377691,0.610319991773339,0.010691569272399634,57.0842292860492
933,sample_000933,0.01,0.01,0.001,-2.0,-2.0,-3.0,0.03010152937173251,0.11971790663241458,0.07371372252909929,1.6240925369785069
934,sample_000934,1.5723857509703214,0.1713314985938843,0.00270139223133077,0.19655909956995377,-0.7661627864334424,-2.568412353415156,2.3244085844685696,1.0074472203210245,0.2056759483558299,4.898225720481859
935,sample_000935,0.01,0.01,0.001,-2.0,-2.0,-3.0,0.03010152937173251,0.5254949835801052,0.07645507574226354,6.873251755731598
936,sample_000936,1.764295417439142,0.009339902473261932,0.09770640492517227,0.24657130609161548,-2.0296576586248656,-1.0100769661431945,1.8663042558521155,0.8023979966117436,0.36546403266746114,2.1955594118391737
937,sample_000937,3.418728877529177,0.0804328495363713,0.049156732558249906,0.5338646604158281,-1.0945665450485418,-1.3084169923250952,4.01706127955703,4.825241699449166,4.406593243454134,1.0950050147280832
938,sample_000938,0.5459122854373423,0.007023142170392456,0.0006621554905132458,-0.26287713204023966,-2.1534685400143005,-3.1790400154808927,0.6081977448763685,0.7869873607483739,0.07007058476634237,11.231351406195124
939,sample_000939,8.220542240226587,0.16634649227656959,0.022663180459555798,0.914900465249465,-0.7789863526009384,-1.6446791430555647,9.516450103537037,0.7858442229473328,0.2230472594551485,3.5232184644050935
940,sample_000940,0.01,0.01,0.001,-2.0,-2.0,-3.0,0.03010152937173251,0.5327493651261119,0.08378447028700382,6.358569354215384
941,sample_000941,0.01,0.01,0.001,-2.0,-2.0,-3.0,0.03010152937173251,0.6117237416927124,0.3026201607373388,2.021424283835677
942,sample_000942,0.01,0.01,0.001,-2.0,-2.0,-3.0,0.03010152937173251,0.46064997010120795,0.011558953662504324,39.85222049946388
943,sample_000943,0.01,0.01,0.001,-2.0,-2.0,-3.0,0.03010152937173251,0.16546631487428382,0.06312174926474919,2.621383545317711
944,sample_000944,0.21474101474734134,0.01437429012475577,0.013128347904030623,-0.6680849989858304,-1.8424135937697312,-1.8817899229057007,0.28996674496949076,0.5014459508967481,0.03118438125419637,16.080035284627314
945,sample_000945,0.1,0.1,0.01,-1.0,-1.0,-2.0,0.2629654957154519,0.8284716203038712,0.3222490236619869,2.5709049817723293
946,sample_000946,0.1,0.1,0.01,-1.0,-1.0,-2.0,0.2629654957154519,0.49175786482495737,0.136979479976816,3.590011182026594
947,sample_000947,0.01,0.01,0.001,-2.0,-2.0,-3.0,0.02629654957154518,0.08857260709779974,0.07164480675923365,1.236273933928706
948,sample_000948,0.01,0.01,0.001,-2.0,-2.0,-3.0,0.02629654957154518,0.6746826492866271,0.0710847863497868,9.49123833567871
949,sample_000949,0.008420842041224869,0.020202032314681453,0.006089041626323856,-2.0746444790973664,-1.6946049385407806,-2.215451056981615,0.035394027367535386,0.529084283972608,0.04186962886123381,12.636469401869375
950,sample_000950,0.01,0.01,0.001,-2.0,-2.0,-3.0,0.02629654957154518,0.7563362472919493,0.3072631567819176,2.461525993592407
951,sample_000951,0.01,0.01,0.001,-2.0,-2.0,-3.0,0.02629654957154518,0.5873633537464054,0.35947126776446703,1.6339646765072138
952,sample_000952,0.01,0.01,0.001,-2.0,-2.0,-3.0,0.02629654957154518,0.0825897362584542,0.03519665070565131,2.3465225981059974
953,sample_000953,0.1,0.1,0.01,-1.0,-1.0,-2.0,0.2629654957154519,0.5150745812913564,0.027696136725264556,18.597343968969607
954,sample_000954,2.464599218130211,0.1830918674950245,0.0963626670995973,0.3917463063694617,-0.7373309455971189,-1.0160911882232169,3.148934059903255,0.6645722782065494,0.23642935297553286,2.8108704348369273
955,sample_000955,0.01,0.01,0.001,-2.0,-2.0,-3.0,0.02629654957154518,0.5207028666245863,0.0715929399008987,7.2731035678289
956,sample_000956,0.1,0.1,0.01,-1.0,-1.0,-2.0,0.2629654957154519,0.3752251656108753,0.054490119969836576,6.886113772892849
957,sample_000957,0.01,0.01,0.001,-2.0,-2.0,-3.0,0.02629654957154518,0.46523003494855364,0.015879830730871514,29.296913980582524
958,sample_000958,0.671796559787838,0.06274352791335665,0.002733498123626734,-0.17276222447319345,-1.2024310656473904,-2.5632812198879664,0.8887159766366892,0.7548242842152268,0.24487406487477745,3.082499915216523
959,sample_000959,1.6464638695265166,0.030833575602526246,0.30610659819920777,0.21655220487032079,-1.5109761095775944,-0.5141273089827951,1.8253137625523839,0.7609851337825759,0.07796572203333832,9.76050902802102
960,sample_000960,0.1,0.1,0.01,-1.0,-1.0,-2.0,0.2710030246818574,0.23726761637375865,0.009708299253586987,24.43966859448568
961,sample_000961,2.0549268266183165,0.1715646490748363,0.015475744294354107,0.31279636180251025,-0.7655721937211979,-1.8103484547370714,2.707793875809339,0.6077585108031115,0.22457778807649073,2.706227165244455
962,sample_000962,0.01,0.01,0.001,-2.0,-2.0,-3.0,0.027100302468185736,0.07980035327748006,0.05702544218368609,1.3993815781459988
963,sample_000963,0.007824880726208006,30.846483488003095,0.0001229222875486382,-2.1065222736338445,1.4892056614388451,-3.9103693662442756,30.86481260104814,3.304950654396986,1.6329238359521179,2.0239466052438084
964,sample_000964,0.1,0.1,0.01,-1.0,-1.0,-2.0,0.2710030246818574,0.8011094627161066,0.29470196793296777,2.718371608900573
965,sample_000965,0.01,0.01,0.001,-2.0,-2.0,-3.0,0.027100302468185736,0.48875339078627217,0.039288066326962676,12.44025060227639
966,sample_000966,0.7950777140589201,0.07975619488452022,0.001344675854043584,-0.09959041959833037,-1.098235574105579,-2.8713823935547644,1.0804227865888634,0.7649981879407695,0.25767815494962476,2.9688127349806743
967,sample_000967,0.01,0.01,0.001,-2.0,-2.0,-3.0,0.027100302468185736,0.5584970128773441,0.10930442868469835,5.109555208310867
968,sample_000968,0.01,0.01,0.001,-2.0,-2.0,-3.0,0.027100302468185736,0.1491870812092291,0.008955733048768217,16.65827692683945
969,sample_000969,0.01,0.01,0.001,-2.0,-2.0,-3.0,0.027100302468185736,0.5023962790357515,0.05311093024423065,9.459376379315554
970,sample_000970,0.17409455694040965,0.011220711137585928,0.0715403397716141,-0.7592148068705944,-1.9499796178265218,-1.145449001556539,0.22062072346827738,0.7557197694384924,0.02521329182191211,29.973070346241705
971,sample_000971,0.01,0.01,0.001,-2.0,-2.0,-3.0,0.027100302468185736,0.5320771349786361,0.08302432157658894,6.408689946208128
972,sample_000972,0.01,0.01,0.001,-2.0,-2.0,-3.0,0.027100302468185736,0.4147285404690129,0.05451198011423679,7.6080256046450065
973,sample_000973,0.1,0.1,0.01,-1.0,-1.0,-2.0,0.2710030246818574,0.9871239437851423,0.040823945705899374,24.180022942821406
974,sample_000974,0.01,0.01,0.001,-2.0,-2.0,-3.0,0.027100302468185736,0.8118976820906194,0.09019699579035645,9.001382750903382
975,sample_000975,0.01,0.01,0.001,-2.0,-2.0,-3.0,0.02543838844395046,0.16113337183897317,0.10073670354126178,1.5995497785270776
976,sample_000976,0.01,0.01,0.001,-2.0,-2.0,-3.0,0.02543838844395046,0.5200620252400376,0.03541685534260716,14.684026015556299
977,sample_000977,0.01,0.01,0.001,-2.0,-2.0,-3.0,0.02543838844395046,0.463804724097134,0.01906169243301912,24.331770420013722
978,sample_000978,0.01,0.01,0.001,-2.0,-2.0,-3.0,0.02543838844395046,0.49437608207133754,0.049689831797099564,9.94924040173939
979,sample_000979,0.1,0.1,0.01,-1.0,-1.0,-2.0,0.2543838844395045,0.7395367464553888,0.015690394826437224,47.13308712979745
980,sample_000980,0.01,0.01,0.001,-2.0,-2.0,-3.0,0.02543838844395046,0.2767120600635577,0.07774859604044368,3.559061824339775
981,sample_000981,0.1,0.1,0.01,-1.0,-1.0,-2.0,0.2543838844395045,0.5936295709251411,0.0789705118521371,7.517104258316597
982,sample_000982,0.01,0.01,0.001,-2.0,-2.0,-3.0,0.02543838844395046,0.4764725444302721,0.027375699545573805,17.40494498184649
983,sample_000983,0.01,0.01,0.001,-2.0,-2.0,-3.0,0.02543838844395046,0.4690191902117823,0.019373398198654607,24.20944355773132
984,sample_000984,0.01,0.01,0.001,-2.0,-2.0,-3.0,0.02543838844395046,0.49362040121006817,0.48677313559670954,1.0140666464778607
985,sample_000985,0.01,0.01,0.001,-2.0,-2.0,-3.0,0.02543838844395046,0.285106766014021,0.04148578493820216,6.8723965676127445
986,sample_000986,0.01,0.01,0.001,-2.0,-2.0,-3.0,0.02543838844395046,0.4964482403746897,0.04715278832523228,10.528502300870967
987,sample_000987,0.1,0.1,0.01,-1.0,-1.0,-2.0,0.2543838844395045,1.006948183245222,0.6357514941014218,1.5838707302897552
988,sample_000988,0.01,0.01,0.001,-2.0,-2.0,-3.0,0.02543838844395046,0.3434285122722547,0.01908961316584387,17.990333763637224
989,sample_000989,0.01,0.01,0.001,-2.0,-2.0,-3.0,0.02543838844395046,0.4062633082036773,0.07488684426951439,5.425029084435097
990,sample_000990,0.01,0.01,0.001,-2.0,-2.0,-3.0,0.0291669127577484,0.47017766303472996,0.021175840299835942,22.203494944111977
991,sample_000991,0.04731730150222015,0.020477605778289932,0.028258171776899932,-1.3249800310794502,-1.6887208220155823,-1.548855939192621,0.09871036947115117,0.7986478444718389,0.06700050516823666,11.920027206756924
992,sample_000992,0.1,0.1,0.01,-1.0,-1.0,-2.0,0.2916691275774839,0.7674238753293159,0.2609353898269849,2.9410494139494143
993,sample_000993,0.036066758861901874,0.005567265097099669,0.0011839480918247288,-1.4428928837874464,-2.25435809835061,-2.926667338093055,0.05601839734784854,2.5883780548568245,1.9052032239552645,1.3585837050408023
994,sample_000994,0.1,0.1,0.01,-1.0,-1.0,-2.0,0.2916691275774839,0.5963693493320885,0.018938200350260934,31.490286210002612
995,sample_000995,0.01,0.01,0.001,-2.0,-2.0,-3.0,0.0291669127577484,0.6618506580204822,0.3508265339077893,1.8865467518897587
996,sample_000996,0.1,0.1,0.01,-1.0,-1.0,-2.0,0.2916691275774839,0.7686345735942313,0.26210032320759175,2.9325968170800323
997,sample_000997,0.01,0.01,0.001,-2.0,-2.0,-3.0,0.0291669127577484,0.3471126172257267,0.13393970048893913,2.5915588578936055
998,sample_000998,2.8298051452670716,0.0024030738551972654,0.00013461517953919464,0.4517565319028245,-2.619232881542443,-3.8709059652353033,2.8561569551053347,0.4712492205782771,0.24673868901272614,1.9099121522606912
999,sample_000999,0.1,0.1,0.01,-1.0,-1.0,-2.0,0.2916691275774839,0.8244783490710463,0.024235523783866397,34.019415318760394
1000,sample_001000,0.01,0.01,0.001,-2.0,-2.0,-3.0,0.0291669127577484,0.5044504219132426,0.05546728412291364,9.094557808083724
1001,sample_001001,0.01,0.01,0.001,-2.0,-2.0,-3.0,0.0291669127577484,0.525178502364659,0.07625844552830152,6.886824124545673
1002,sample_001002,0.01,0.01,0.001,-2.0,-2.0,-3.0,0.0291669127577484,0.48250247925201317,0.30162957852270533,1.5996524001895673
1003,sample_001003,0.025182809075288914,0.046311546824858794,0.0016070222681369814,-1.5988958271331315,-1.334310713148156,-2.7939781052764756,0.09993507721271624,0.9191592457177806,0.19021638551769884,4.832177013647737
1004,sample_001004,0.01,0.01,0.001,-2.0,-2.0,-3.0,0.0291669127577484,0.0149483887653019,0.0034906248506249593,4.282439220767465
1005,sample_001005,0.087024500861481,0.07488673203345476,0.0239751979018752,-1.0603584589799127,-1.12559512108668,-1.6202377992839878,0.27225109245370943,0.6624643255096792,0.0731250927105685,9.05932971779926
1006,sample_001006,0.1,0.1,0.01,-1.0,-1.0,-2.0,0.33464784219300825,0.7548393770893069,0.24836675330243316,3.0392126444160112
1007,sample_001007,1.8655211304486388,0.012196529869078186,0.0008001532756573746,0.2708001725863207,-1.9137637162992744,-3.0968268125129237,2.0371387196078103,0.7790069286579455,0.17882068439206175,4.356358053914972
1008,sample_001008,0.01,0.01,0.001,-2.0,-2.0,-3.0,0.033464784219300825,0.4948034666235913,0.03563288732202562,13.88614574373097
1009,sample_001009,3.434358030315262,0.010692687464857872,0.00591206095835351,0.5358455681938779,-1.9709131269266917,-2.2282610966463716,3.611404119403343,0.801383928614696,0.27429310099134396,2.921633558111204
1010,sample_001010,0.2277906255900869,0.017102050737057162,0.0019621729650279585,-0.642464152681276,-1.7669518094682268,-2.7072627123249275,0.33486620965756286,0.777083476290864,0.04695353730131218,16.550051837503357
1011,sample_001011,1.8246948930010523,0.1544745063215913,0.005866797199329906,0.2611902565384687,-0.8111431840541599,-2.2315989240103944,2.748238083930951,0.6785441878174034,0.19668601464400118,3.4498852856699473
1012,sample_001012,1.7330586908730359,0.018437355112111743,0.01777605103435405,0.23881327055620893,-1.7343013795188522,-1.7501647115587806,1.960291837244464,1.9480783863779627,0.5724047371316927,3.4033233130454854
1013,sample_001013,0.01,0.01,0.001,-2.0,-2.0,-3.0,0.033464784219300825,0.20958850528675088,0.01870608822663159,11.204293636783062
1014,sample_001014,0.1,0.1,0.01,-1.0,-1.0,-2.0,0.33464784219300825,0.8363603860913308,0.11513814110606052,7.263973328533331
1015,sample_001015,0.01,0.01,0.001,-2.0,-2.0,-3.0,0.033464784219300825,0.5146088556989935,0.06553443010078147,7.852496083472571
1016,sample_001016,0.01,0.01,0.001,-2.0,-2.0,-3.0,0.033464784219300825,0.5379184909724478,0.08880964064919063,6.056983082470677
1017,sample_001017,0.01,0.01,0.001,-2.0,-2.0,-3.0,0.033464784219300825,0.1482960380012111,0.0261202528950887,5.677435000221406
1018,sample_001018,5.099898564121022,0.02463834300946082,0.44326722996636325,0.7075615381605624,-1.6083885029217915,-0.35333437420672453,5.473461604533628,0.643950938035311,0.2280010019568418,2.824333807783898
1019,sample_001019,0.01,0.01,0.001,-2.0,-2.0,-3.0,0.033464784219300825,0.49492162110908505,0.045875109129686995,10.78845653990626
1020,sample_001020,0.20374297762799623,0.010768978718959677,0.0016820385786091461,-0.6909173510786291,-1.9678254812657254,-2.7741640476077065,0.26089398866104174,2.654304626134312,0.02760301442105567,96.1599550558362
1021,sample_001021,3.5191266028909793,0.0012407862062508975,0.004230701637978104,0.5464348911454815,-2.906303043194466,-2.373587601364213,3.532404056557869,0.8762237110925941,0.34835284186241156,2.515333896540092
1022,sample_001022,0.1,0.1,0.01,-1.0,-1.0,-2.0,0.2989656363330851,0.7630175723829846,0.18663692072982765,4.088245612921977
1023,sample_001023,0.01,0.01,0.001,-2.0,-2.0,-3.0,0.029896563633308525,0.5707313361476226,0.12157899095792482,4.694325324225936
1024,sample_001024,0.01,0.01,0.001,-2.0,-2.0,-3.0,0.029896563633308525,0.30930536485429705,0.05648529468602589,5.475856443231362
1025,sample_001025,0.01,0.01,0.001,-2.0,-2.0,-3.0,0.029896563633308525,0.5299574874362301,0.0809044695309371,6.550410508946967
1026,sample_001026,2.3503945244632245,0.06440119066414407,0.007908810257887859,0.37114076670427476,-1.1911061032288925,-2.1018888435941516,2.765118880462818,0.6549119045486569,0.21548875216252247,3.039192987923192
1027,sample_001027,0.1,0.1,0.01,-1.0,-1.0,-2.0,0.2989656363330851,0.6587090406340488,0.0981627759874711,6.710375027679763
1028,sample_001028,0.14829618506005923,0.028544403994645185,0.010811718056968437,-0.8288700211137332,-1.5444790206040162,-1.9661052881582322,0.2466811097476156,0.21752982521472186,0.17917781101777663,1.2140444398728603
1029,sample_001029,0.06773718925552064,0.006025084369769363,0.0023077407474385208,-1.1691728283017113,-2.220036867247911,-2.6368129815999053,0.09475738833594946,0.8216818482990806,0.3132909273035416,2.622743835486078
1030,sample_001030,3.7200872010254358,0.09070947483185753,0.01811427856183459,0.5705531201185376,-1.0423473474241263,-1.7419789579503622,4.322913205337108,0.3657924121944743,0.1755969775080553,2.0831361529425756
1031,sample_001031,0.01,0.01,0.001,-2.0,-2.0,-3.0,0.029896563633308525,0.5209800823096056,0.07178590352448148,7.257414850701618
1032,sample_001032,0.10192999750137867,0.013423978759918298,0.009612471511617036,-0.9916979864339073,-1.8721187436769942,-2.017164934302695,0.1546569473980914,0.8468780885781845,0.3335955106711702,2.5386375460338977
1033,sample_001033,0.005097875914776733,0.008360196471769457,0.020217277533710346,-2.292610739714848,-2.0777835161491782,-1.6942773270680238,0.019581294268163015,0.4721434830214515,0.036569053085600614,12.911011994657366
1034,sample_001034,11.329550454225048,0.03784865491044362,0.028866108709273815,1.0542126778137284,-1.4219495501230126,-1.5396117571650896,11.692565026728017,1.6064262331947508,0.2544407478439861,6.313557269450227
1035,sample_001035,0.004243072480291097,4.289544991917449,0.0003814468074582555,-2.372319549538683,0.6324112273876179,-3.418566015606898,4.299798069467099,1.0087009905219084,1.0087009905219084,1.0
1036,sample_001036,0.01,0.01,0.001,-2.0,-2.0,-3.0,0.027365999784865248,0.005952951446068476,0.002503675895114674,2.3776845308469197
1037,sample_001037,0.01,0.01,0.001,-2.0,-2.0,-3.0,0.027365999784865248,0.45778271037635615,0.008366957172285593,54.713165246345355
1038,sample_001038,0.01,0.01,0.001,-2.0,-2.0,-3.0,0.027365999784865248,0.40380579445803544,0.06921746395318482,5.833871560667828
1039,sample_001039,0.01,0.01,0.001,-2.0,-2.0,-3.0,0.027365999784865248,0.4852723540087758,0.035987987473218776,13.484287065785534
1040,sample_001040,0.005189604231226324,9.021965323167619,0.0008276420613517264,-2.2848657609855114,0.9553011535103177,-3.0821574462943926,9.034514538836595,1.4341385053174185,1.1444545076408472,1.2531197140144255
1041,sample_001041,0.1,0.1,0.01,-1.0,-1.0,-2.0,0.27365999784865247,0.03841673270599842,0.01928044341377136,1.992523298429883
1042,sample_001042,0.1,0.1,0.01,-1.0,-1.0,-2.0,0.27365999784865247,0.31695689916120806,0.023697811414779963,13.374943939486618
1043,sample_001043,0.01,0.01,0.001,-2.0,-2.0,-3.0,0.027365999784865248,0.4835901125465362,0.034434607561313876,14.043723648816416
1044,sample_001044,0.1,0.1,0.01,-1.0,-1.0,-2.0,0.27365999784865247,0.7720756505019435,0.04880260990040858,15.82037624785882
1045,sample_001045,0.1,0.1,0.01,-1.0,-1.0,-2.0,0.27365999784865247,0.7374621330032729,0.013852138364599555,53.23814371418111
1046,sample_001046,0.01,0.01,0.001,-2.0,-2.0,-3.0,0.027365999784865248,0.5035902390974198,0.05450992863416075,9.238504832343985
1047,sample_001047,0.0011237447396295272,14.918094164169993,0.00673458941553114,-2.9493323282333233,1.1737133441250913,-2.1716888765563898,14.920884158067832,3.1413860431913134,1.7055443864703643,1.841867070778752
1048,sample_001048,0.01,0.01,0.001,-2.0,-2.0,-3.0,0.027365999784865248,0.8650695617094964,0.3028325805021066,2.8565934361328695
1049,sample_001049,10.046856058258303,0.041722370596193166,0.036367706417551764,1.0020301801482576,-1.37963102364923,-1.439284087496576,10.40659074351737,0.7600055981762428,0.26353142416095565,2.88392779189801
1050,sample_001050,5.135320324158637,0.012064418782653586,0.06725127341067814,0.7105675386198911,-1.9184935958908387,-1.172299487831208,5.263697502333589,0.6679175863187736,0.253171037253594,2.6382069353760245
1051,sample_001051,0.01,0.01,0.001,-2.0,-2.0,-3.0,0.029724823189378892,0.40245662627449913,0.10216457531534295,3.939297207787235
1052,sample_001052,0.01,0.01,0.001,-2.0,-2.0,-3.0,0.029724823189378892,0.4572478011832868,0.008137627330894978,56.18932676448807
1053,sample_001053,1.216518874245072,0.0035965400523567063,0.008453348468474826,0.08511885138183661,-2.4441150988775426,-2.0729712279347448,1.253860510291927,0.6381255226424811,0.23276274673552727,2.74152772121881
1054,sample_001054,0.02678732771452476,0.019057858854660957,0.0022356924846772554,-1.5720706091511163,-1.719925893825712,-2.650587933071963,0.06864165845954225,1.196504818979759,0.2556155379116071,4.68087671334563
1055,sample_001055,0.025817776939964013,0.03881195554413208,0.0023325914745676787,-1.588081155728442,-1.4110344747392496,-2.6321613160183306,0.09369756650487106,0.6409349755824922,0.031059990888914382,20.635388396435374
1056,sample_001056,0.01,0.01,0.001,-2.0,-2.0,-3.0,0.029724823189378892,0.47858396336869585,0.029343627567470724,16.309638686228304
1057,sample_001057,0.01,0.01,0.001,-2.0,-2.0,-3.0,0.029724823189378892,0.11849349231888479,0.11755887766339013,1.00795018355118
1058,sample_001058,3.230083195833578,0.011282784675145327,0.0004664172131169817,0.5092137084073025,-1.9475837000160992,-3.331225430324992,3.3448821159185043,0.5458380491113864,0.23661802482207284,2.306832074698597
1059,sample_001059,0.1,0.1,0.01,-1.0,-1.0,-2.0,0.2972482318937892,0.5818119051567462,0.07261885870704689,8.011856913144898
1060,sample_001060,0.01,0.01,0.001,-2.0,-2.0,-3.0,0.029724823189378892,0.044360340974868476,0.039336498469975674,1.1277145323122073
1061,sample_001061,0.01,0.01,0.001,-2.0,-2.0,-3.0,0.029724823189378892,0.3172798256050937,0.015843250026859167,20.02618307905304
1062,sample_001062,1.2283438654521297,0.12133264410316145,0.026948395658253424,0.08931996123779573,-0.9160223380737156,-1.5694670849302117,1.7555078690145645,0.32936762285181453,0.1953032087055545,1.6864424554763968
1063,sample_001063,0.01,0.01,0.001,-2.0,-2.0,-3.0,0.029724823189378892,0.9171438371076481,0.015167502270142817,60.46769077549723
1064,sample_001064,0.015421345468910348,23.93842960954822,0.17761632871811409,-1.8118777336630103,1.379095656752198,-0.7505171109324458,23.989405687879852,5.672137843724884,1.8448366281149748,3.0746017058001422
1065,sample_001065,0.3965087404674116,2.8792503106397582,0.0001137522636274335,-0.4017472348408848,0.4592794223647534,-3.9440399522873606,3.950835519190146,1.570012466509711,1.010462576099319,1.5537561742963486
1066,sample_001066,0.01,0.01,0.001,-2.0,-2.0,-3.0,0.02979666601325236,0.48899960614317395,0.03973536610916884,12.306407465825222
1067,sample_001067,0.01,0.01,0.001,-2.0,-2.0,-3.0,0.02979666601325236,0.36932971365474826,0.022929182903671415,16.107408415134202
1068,sample_001068,0.14116411775329088,0.05566423918118712,0.007981063891986344,-0.8502756817696397,-1.2544237224918842,-2.0979392124560317,0.29150615336542973,0.7774385979420508,0.2667962214479427,2.9139790425920435
1069,sample_001069,0.1,0.1,0.01,-1.0,-1.0,-2.0,0.29796666013252326,0.617955286252151,0.09196763136764247,6.71926934577517
1070,sample_001070,0.01,0.01,0.001,-2.0,-2.0,-3.0,0.02979666601325236,0.6115179411075949,0.0031091555498763174,196.68296786628164
1071,sample_001071,0.01,0.01,0.001,-2.0,-2.0,-3.0,0.02979666601325236,0.7122856590045308,0.11064014175611415,6.43785924076845
1072,sample_001072,0.01,0.01,0.001,-2.0,-2.0,-3.0,0.02979666601325236,0.24354449840302397,0.047752166230750306,5.100176968436501
1073,sample_001073,0.1,0.1,0.01,-1.0,-1.0,-2.0,0.29796666013252326,0.7987464996016358,0.07665046172166735,10.420635201155589
1074,sample_001074,0.01,0.01,0.001,-2.0,-2.0,-3.0,0.02979666601325236,0.3926549188611076,0.08508543702526669,4.614831075551813
1075,sample_001075,0.1,0.1,0.01,-1.0,-1.0,-2.0,0.29796666013252326,1.111920794858448,0.7836810077614605,1.418843616019974
1076,sample_001076,0.01,0.01,0.001,-2.0,-2.0,-3.0,0.02979666601325236,0.5908782407199062,0.05382353024158493,10.978065505323993
1077,sample_001077,0.01,0.01,0.001,-2.0,-2.0,-3.0,0.02979666601325236,0.7547753302981419,0.30566056990226403,2.4693251423940086
1078,sample_001078,0.1,0.1,0.01,-1.0,-1.0,-2.0,0.29796666013252326,1.6759619002308859,0.25423860421590716,6.592082683114512
1079,sample_001079,0.1,0.1,0.01,-1.0,-1.0,-2.0,0.29796666013252326,0.4623014720334001,0.0286168061982692,16.154894044792496
1080,sample_001080,0.01,0.01,0.001,-2.0,-2.0,-3.0,0.031191310317774428,0.09894682313144976,0.09789969111657545,1.0106959685258599
1081,sample_001081,0.16765040119893956,0.22582928158513504,0.001692610122346162,-0.7755954029373555,-0.6462197470595807,-2.7714430662342755,0.6027595776633045,0.7286956074379773,0.2599875925021949,2.8028091664867643
1082,sample_001082,0.1,0.1,0.01,-1.0,-1.0,-2.0,0.3119131031777443,0.6996087735360019,0.04160110214562196,16.817073045013732
1083,sample_001083,0.6394534518199229,0.02738510507080419,0.07253717602535366,-0.1941910639351585,-1.5624855884367506,-1.1394393561236447,0.8246245323599866,0.8069941370907989,0.24041227081862226,3.356709432271996
1084,sample_001084,0.01,0.01,0.001,-2.0,-2.0,-3.0,0.031191310317774428,0.6393430259231434,0.03739951955385247,17.09495291784532
1085,sample_001085,0.01,0.01,0.001,-2.0,-2.0,-3.0,0.031191310317774428,0.23391039812201178,0.021682238964462214,10.788110882155545
1086,sample_001086,0.01,0.01,0.001,-2.0,-2.0,-3.0,0.031191310317774428,0.5278792772252578,0.07878944793307431,6.699872775776414
1087,sample_001087,1.6275726907895463,0.0922616523317011,0.013435452853914353,0.21154039417036863,-1.0349787717945826,-1.871747690701481,2.1903870304630937,0.796332852524914,0.19906345405302436,4.000397040798838
1088,sample_001088,0.01,0.01,0.001,-2.0,-2.0,-3.0,0.031191310317774428,0.2322963733649233,0.08809658574175899,2.636837414401766
1089,sample_001089,2.0071216990279392,0.13106625348146933,0.001911892977493669,0.3025737061267053,-0.8825091146668944,-2.7185364219892105,2.7655919079955336,0.8367445963359254,0.08826560322692253,9.47984906628615
1090,sample_001090,0.1,0.1,0.01,-1.0,-1.0,-2.0,0.3119131031777443,0.7627982219069975,0.2561828962802593,2.977553275346339
1091,sample_001091,0.01,0.01,0.001,-2.0,-2.0,-3.0,0.031191310317774428,0.29606043296672574,0.15077751389128857,1.9635582609498852
1092,sample_001092,0.559308447620592,0.1570192882045679,0.0015050959064318498,-0.252348621173625,-0.8040469957035743,-2.8224358254475077,1.0817361110516104,0.7637858830147797,0.0471923465411173,16.18452861523458
1093,sample_001093,0.01,0.01,0.001,-2.0,-2.0,-3.0,0.031191310317774428,0.5828646163447917,0.13304264488014,4.381035996915896
1094,sample_001094,0.01,0.01,0.001,-2.0,-2.0,-3.0,0.031191310317774428,0.6391613265100177,0.18984623311762525,3.366731675492371
1095,sample_001095,0.1,0.1,0.01,-1.0,-1.0,-2.0,0.26517780855014006,0.7885326733893485,0.06530542225180569,12.074536021663127
1096,sample_001096,0.01,0.01,0.001,-2.0,-2.0,-3.0,0.026517780855014016,6.01338506806995,5.922075832743672,1.0154184508785622
1097,sample_001097,0.1,0.1,0.01,-1.0,-1.0,-2.0,0.26517780855014006,0.8814702761656454,0.3752032690595649,2.349313955539414
1098,sample_001098,0.01,0.01,0.001,-2.0,-2.0,-3.0,0.026517780855014016,0.09959514841795711,0.044469381662209616,2.2396342088694645
1099,sample_001099,0.01,0.01,0.001,-2.0,-2.0,-3.0,0.026517780855014016,0.35664774678327604,0.05748797806901621,6.203866595466424
1100,sample_001100,0.01,0.01,0.001,-2.0,-2.0,-3.0,0.026517780855014016,0.32036265480401205,0.020052206752223755,15.97642886703651
1101,sample_001101,0.4698725192342264,0.007865994115940227,0.22011340157656858,-0.3280199541980151,-2.1042463827947753,-0.6573535146771521,0.5122777941612543,0.6342625728690652,0.06314014089103276,10.045314500702103
1102,sample_001102,0.5761316174139993,0.0017774781314525037,0.0017249642941921598,-0.23947829055780367,-2.750195733747523,-2.763219890153494,0.5884266888178462,0.909616383875675,0.26539436634094543,3.4274140646494127
1103,sample_001103,0.9867140921633885,0.07513873723092135,0.07558191561409137,-0.005808669198013483,-1.124136107891892,-1.121582105140802,1.2569794222248536,1.2155638952070085,0.02389059623236476,50.88043359756235
1104,sample_001104,0.01,0.01,0.001,-2.0,-2.0,-3.0,0.026517780855014016,0.48159643408860053,0.33106526756508764,1.4546872815461331
1105,sample_001105,0.1,0.1,0.01,-1.0,-1.0,-2.0,0.26517780855014006,0.3481847462640784,0.07128100217881081,4.884678043535993
1106,sample_001106,0.01,0.01,0.001,-2.0,-2.0,-3.0,0.026517780855014016,0.2544581293549768,0.19204918432442644,1.3249633433752244
1107,sample_001107,0.1,0.1,0.01,-1.0,-1.0,-2.0,0.26517780855014006,0.8803428734888248,0.37406905032526755,2.3534234460812313
1108,sample_001108,0.009497657786721299,4.4245604579312285,0.2873620702271827,-2.02238348268157,0.6458701337510435,-0.5415705562370272,4.44745614153322,3.4002017286252917,1.1907441892362292,2.8555266188670294
1109,sample_001109,0.1,0.1,0.01,-1.0,-1.0,-2.0,0.26517780855014006,0.5801260385755251,0.01529197874580793,37.93662339051826
1110,sample_001110,0.1,0.1,0.01,-1.0,-1.0,-2.0,0.31384981592498973,0.4305257352321765,0.03850886829005554,11.1799113905239
1111,sample_001111,0.09821290114490237,0.007465685013381805,0.014004625013471083,-1.0078314599927864,-2.1269303374522983,-1.8537285153131418,0.13905462255166037,0.7425978030581267,0.012069894673378637,61.52479563023865
1112,sample_001112,0.11555076889428612,0.010223462801563077,0.006075949159991264,-0.9372271603065974,-1.9904019788693845,-2.2163858687176825,0.16841543443698498,1.1562834524004857,0.09816410112756473,11.779086642864378
1113,sample_001113,2.2594119006919713,0.19537712628984574,0.00512043045074596,0.3539954119255668,-0.7091262825189011,-2.2906935283746,3.2783348702224413,0.861198097610038,0.09528862870256562,9.037784563971277
1114,sample_001114,0.1,0.1,0.01,-1.0,-1.0,-2.0,0.31384981592498973,0.7495935518760367,0.06592466462412264,11.3704568108148
1115,sample_001115,2.8557159559137673,0.17697848604979036,0.037695280149387514,0.45571500810623355,-0.7520795243598881,-1.4237130246854477,3.8993209934883035,0.6123597386493714,0.1861230357334746,3.2900803290478313
1116,sample_001116,0.1,0.1,0.01,-1.0,-1.0,-2.0,0.31384981592498973,0.7849666101406474,0.2787356516105927,2.8161686730956252
1117,sample_001117,0.01,0.01,0.001,-2.0,-2.0,-3.0,0.031384981592499,0.49272044178905966,0.04353911707907535,11.316730215134708
1118,sample_001118,0.1,0.1,0.01,-1.0,-1.0,-2.0,0.31384981592498973,0.7604813632988414,0.2539007936100506,2.9951909660700564
1119,sample_001119,2.4103857258346886,0.0706808166794685,0.025377596223786783,0.3820865468060308,-1.1506984410931516,-1.5955495168427758,2.952831025204426,0.782850712263577,0.19889699479379985,3.935960485854362
1120,sample_001120,0.01,0.01,0.001,-2.0,-2.0,-3.0,0.031384981592499,0.3762456094276844,0.13252273809520063,2.839102291694276
1121,sample_001121,0.21243438783195853,0.024732363858980522,0.6560970073068307,-0.6727751804491291,-1.6067343728481975,-0.1830319432106835,0.32793609352704167,1.6551214434881407,0.1795839392540088,9.216422417079782
1122,sample_001122,0.01,0.01,0.001,-2.0,-2.0,-3.0,0.031384981592499,0.4836009738265963,0.03441192644391023,14.053295580962095
1123,sample_001123,0.01,0.01,0.001,-2.0,-2.0,-3.0,0.031384981592499,0.28669361214607236,0.038060382979136276,7.532599246393039
1124,sample_001124,0.1,0.1,0.01,-1.0,-1.0,-2.0,0.31384981592498973,0.6070213780086134,0.2695759709236404,2.2517636714013998
1125,sample_001125,0.01,0.01,0.001,-2.0,-2.0,-3.0,0.0323605659872957,0.055962792338236915,0.007695632709616107,7.272019657111286
1126,sample_001126,0.1,0.1,0.01,-1.0,-1.0,-2.0,0.32360565987295714,0.6425694060523099,0.2664608602865983,2.4114964027406467
1127,sample_001127,6.514598903054466,0.022084051232741014,0.0023330140540315345,0.8138876818210488,-1.6559212540119344,-2.632082645016809,6.778713747363181,0.6141679374561769,0.1842418883815599,3.3334869874121784
1128,sample_001128,0.01,0.01,0.001,-2.0,-2.0,-3.0,0.0323605659872957,0.19159675719753094,0.040526823826641016,4.7276529248162165
1129,sample_001129,0.17141156173670874,0.04152631365370724,0.13772343174033647,-0.7659598881939775,-1.3816766200798858,-0.8609921642470413,0.3246363866723174,0.5655962899358742,0.09153957390109385,6.178707916501626
1130,sample_001130,0.01,0.01,0.001,-2.0,-2.0,-3.0,0.0323605659872957,0.5098558704437246,0.06209719349892083,8.21061052384896
1131,sample_001131,0.01,0.01,0.001,-2.0,-2.0,-3.0,0.0323605659872957,0.4660181156612654,0.016994982922325954,27.420922856537096
1132,sample_001132,0.16324759642149167,0.02635709901149293,0.013187340915136195,-0.7871532043473302,-1.5791023919775928,-1.8798427664175863,0.2758380488412113,0.5549353960292418,0.059444406440776414,9.335367770592777
1133,sample_001133,0.01,0.01,0.001,-2.0,-2.0,-3.0,0.0323605659872957,0.5595415237193033,0.11040986937558685,5.067857854408672
1134,sample_001134,0.1,0.1,0.01,-1.0,-1.0,-2.0,0.32360565987295714,1.3566767476909156,0.6350521603830998,2.1363233326731628
1135,sample_001135,0.826658644489436,0.0031363059844635595,0.1396170936178465,-0.08267378841466666,-2.5035815732575357,-0.8550614068601323,0.8638486152689349,1.8417031394849028,1.3816240193441327,1.332998785269507
1136,sample_001136,0.1,0.1,0.01,-1.0,-1.0,-2.0,0.32360565987295714,0.6376151842455807,0.271951952167972,2.344587634553017
1137,sample_001137,0.11191216174725556,0.23050168455178235,0.24414246110432683,-0.9511227151452735,-0.6373258963529871,-0.6123566817887891,0.5251654786643185,0.7786353312340193,0.2826745299825632,2.754529498225572
1138,sample_001138,0.20855473431287366,0.13926564034013447,0.0006807567097199613,-0.6807799469707785,-0.8561560196229454,-3.167008069444489,0.5655985749859102,2.182454732545164,0.25586372882742303,8.529754266253201
1139,sample_001139,0.1,0.1,0.01,-1.0,-1.0,-2.0,0.32360565987295714,1.2508411538242306,0.052303442634997394,23.915082656285133
1140,sample_001140,0.31182332492745773,0.1605687256259127,0.1112402541368023,-0.5060914019489422,-0.7943390394479568,-0.9537380276280434,0.6219053980377419,0.7813731801656072,0.06513901039210127,11.995472075215257
1141,sample_001141,0.01,0.01,0.001,-2.0,-2.0,-3.0,0.026012083439594477,0.4053515078751858,0.05867440376099975,6.908489594991311
1142,sample_001142,6.392484910117777,0.007460041289292399,0.0007814732000603358,0.8056697115188163,-2.127258768819258,-3.107085911138697,6.472987358578991,0.638529449142001,0.25031181732610996,2.5509360922825124
1143,sample_001143,0.5798683866103629,0.010035586920840984,0.0017042835933638823,-0.23667056756653082,-1.9984572231736326,-2.7684581368080012,0.6409888671517902,0.7413725757688333,0.010353045395862431,71.60913020483045
1144,sample_001144,1.285846871311447,0.07387798133301655,0.3530810948760054,0.10918925248855516,-1.1314849798791862,-0.452125535370441,1.586557591689952,1.7551502178163216,0.3111751721244507,5.640392856003212
1145,sample_001145,0.1,0.1,0.01,-1.0,-1.0,-2.0,0.2601208343959449,0.793353444368279,0.07009416296704774,11.318395295500508
1146,sample_001146,0.01,0.01,0.001,-2.0,-2.0,-3.0,0.026012083439594477,0.49073423354329326,0.0637569755673378,7.696949693371161
1147,sample_001147,1.188860309747947,0.07240510344050183,0.14536794109666396,0.0751308283195744,-1.1402308216766652,-0.8375313606019166,1.4775913438795754,0.8415518182286934,0.3371944828115587,2.495746108334148
1148,sample_001148,1.0,1.0,0.1,0.0,0.0,-1.0,2.601208343959449,2.80309154761618,1.2547343431615228,2.2340119746410227
1149,sample_001149,0.01,0.01,0.001,-2.0,-2.0,-3.0,0.026012083439594477,0.7368178327485602,0.30727579002372507,2.3979039568710236
1150,sample_001150,0.0010000467940074547,4.691497768430303,0.00010000000142097571,-2.999979678096244,0.6713115140842041,-3.999999993828781,4.69354409963367,8.75867239946164,8.75867239946164,1.0
1151,sample_001151,0.01,0.01,0.001,-2.0,-2.0,-3.0,0.026012083439594477,0.16843372163328718,0.05314022712715247,3.169608613645245
1152,sample_001152,0.01,0.01,0.001,-2.0,-2.0,-3.0,0.026012083439594477,0.333763587814343,0.05854261077686725,5.701207776442858
1153,sample_001153,0.24227754369634022,0.054837538976940936,0.00389658442543017,-0.6156868380322331,-1.260922043902898,-2.409315909672137,0.38032702311740196,1.1152847007550568,0.04444038788315737,25.096196362807685
1154,sample_001154,0.01,0.01,0.001,-2.0,-2.0,-3.0,0.026012083439594477,0.5051088739114588,0.0819807727693675,6.161309010009663
1155,sample_001155,0.01,0.01,0.001,-2.0,-2.0,-3.0,0.0275398491834968,0.1613289206219187,0.009226919188009795,17.484592347092683
1156,sample_001156,1.0969531520337659,0.05920031041267775,0.0015061749075056775,0.04018808040271882,-1.227676016078438,-2.8221245919110105,1.379971972424573,1.0102613626454862,0.4991578516678006,2.02393162657859
1157,sample_001157,0.3561233149338956,0.09186512231177052,0.02440459880396749,-0.44839959269565277,-1.036849342396053,-1.6125283274729485,0.60589528788901,0.7640848354135304,0.2653249549335134,2.879807651734075
1158,sample_001158,0.01,0.01,0.001,-2.0,-2.0,-3.0,0.0275398491834968,0.38757080006938,0.21419912856070253,1.8093948498933559
1159,sample_001159,0.09020067555106563,0.007676159208106526,0.012521471902695907,-1.0447902098305484,-2.1148560263173506,-1.90234461668103,0.12133816973588228,0.7379763182322677,0.007105345715355271,103.86212688250153
1160,sample_001160,0.1,0.1,0.01,-1.0,-1.0,-2.0,0.2753984918349681,0.8382497540716272,0.33151575836035074,2.528536677162921
1161,sample_001161,0.01,0.01,0.001,-2.0,-2.0,-3.0,0.0275398491834968,1.313067481642955,0.05572077800431127,23.5651318712987
1162,sample_001162,0.01,0.01,0.001,-2.0,-2.0,-3.0,0.0275398491834968,0.5380241274042186,0.020900401319898648,25.742286914461392
1163,sample_001163,0.14135346368890642,0.07062639541726981,0.014293924374676725,-0.849693545203829,-1.1510329584145103,-1.8448485199644917,0.29469381028542363,0.8180043250261609,0.09177818119145434,8.91284087793981
1164,sample_001164,0.01,0.01,0.001,-2.0,-2.0,-3.0,0.0275398491834968,0.0741970826725848,0.024474430138467076,3.0316163544076717
1165,sample_001165,0.05297289138959784,12.745586601014322,6.5383660289191745,-1.2759463215655016,1.105359828171002,0.8154692294731944,12.953688222193641,4.3986483980400966,1.8284064121122532,2.4057279436898225
1166,sample_001166,0.01,0.01,0.001,-2.0,-2.0,-3.0,0.0275398491834968,0.7388451333182735,0.14551957230052526,5.077290440301868
1167,sample_001167,0.15304664207505175,0.07667922876315833,0.09729730960062277,-0.8151761946146623,-1.1153222638898148,-1.011899168382807,0.31953676734242664,0.3745846963506229,0.04830611412186944,7.754395135274162
1168,sample_001168,0.01,0.01,0.001,-2.0,-2.0,-3.0,0.0275398491834968,0.49793604100468825,0.12948938103268104,3.8453812739981914
1169,sample_001169,0.01,0.01,0.001,-2.0,-2.0,-3.0,0.0275398491834968,0.05412950984620696,0.03398701249353198,1.5926527774839951
1170,sample_001170,1.2061662802754398,0.004141333126835252,0.000537955931777318,0.08140718311768591,-2.3828598336542584,-3.269253299370438,1.2639287086191164,10.608139263547542,10.158901653713945,1.044221080698164
1171,sample_001171,0.01,0.01,0.001,-2.0,-2.0,-3.0,0.03185053884684394,0.47048291014454346,0.02133874352587686,22.048294904243207
1172,sample_001172,0.01,0.01,0.001,-2.0,-2.0,-3.0,0.03185053884684394,0.39071214025743267,0.07449130013522089,5.245070760588009
1173,sample_001173,0.1,0.1,0.01,-1.0,-1.0,-2.0,0.31850538846843923,1.2796931864548942,0.18132006805615408,7.057647838840312
1174,sample_001174,0.007139410808304034,10.058036844044095,0.0016359071070151498,-2.1463376276160697,1.0025132221713404,-2.786241360845697,10.085731183598607,1.5797422033434214,1.4154134561365785,1.116099466551197
1175,sample_001175,0.01,0.01,0.001,-2.0,-2.0,-3.0,0.03185053884684394,0.37093917882571065,0.048861635945293684,7.591624219070774
1176,sample_001176,0.01,0.01,0.001,-2.0,-2.0,-3.0,0.03185053884684394,0.3249547285385367,0.01895339299869772,17.14493698098616
1177,sample_001177,1.567644426264975,0.02030988863061802,0.04665213201846109,0.1952475626705299,-1.6922924580447578,-1.3311285040569212,1.7755291822340606,0.7768185564461052,0.21679537819278222,3.5831878101909087
1178,sample_001178,0.1,0.1,0.01,-1.0,-1.0,-2.0,0.31850538846843923,0.5697022688030321,0.259857488203673,2.1923642560437075
1179,sample_001179,0.058635015799520476,0.017546406327833365,0.059544255327573015,-1.2318429534890711,-1.7558118177625568,-1.2251601317442802,0.11761432344884248,0.8131421599475098,0.29875763657228166,2.721745188765334
1180,sample_001180,0.01,0.01,0.001,-2.0,-2.0,-3.0,0.03185053884684394,0.1585566026160823,0.0850374009955892,1.8645513710409196
1181,sample_001181,0.7519223364499487,0.08057256128573197,0.024252641205134897,-0.12382701392038253,-1.0938128305401422,-1.6152409581605323,1.1508215965157103,0.6769744204941985,0.3223742702111045,2.099964181542425
1182,sample_001182,0.01,0.01,0.001,-2.0,-2.0,-3.0,0.03185053884684394,0.15908813160554727,0.005862641376960628,27.135913895525267
1183,sample_001183,0.01,0.01,0.001,-2.0,-2.0,-3.0,0.03185053884684394,0.11630218408643453,0.01940955036120177,5.9920081569181445
1184,sample_001184,0.01,0.01,0.001,-2.0,-2.0,-3.0,0.03185053884684394,0.5381340674165326,0.09348518657158995,5.756356564624656
1185,sample_001185,0.8048694239000943,0.18414191699922602,0.0007039585008115526,-0.09427457066243239,-0.7348473399623545,-3.1524529422780163,1.5090360249147938,0.7471705880918991,0.26917422703334304,2.7757879954805103
1186,sample_001186,0.01,0.01,0.001,-2.0,-2.0,-3.0,0.03236539266300546,0.019589483338190668,0.01657443024490815,1.1819099087408313
1187,sample_001187,2.584818714462711,0.012943593019850713,0.00431404614336254,0.4124300893760626,-1.8879451508625027,-2.3651152139621354,2.7596432702186546,1.2065382807145983,0.2161244483230388,5.582608955518069
1188,sample_001188,0.01,0.01,0.001,-2.0,-2.0,-3.0,0.03236539266300546,0.500666810580632,0.051628658100797746,9.697459298731916
1189,sample_001189,0.01,0.01,0.001,-2.0,-2.0,-3.0,0.03236539266300546,0.8258685405974617,0.05872657455460324,14.062944192830102
1190,sample_001190,0.7974865729625606,0.009938057455163046,0.005775045087027784,-0.09827662029254647,-2.002698496784676,-2.2384446207915003,0.9042376193266953,0.9512707925229419,0.07474269076834027,12.727275172248468
1191,sample_001191,0.1,0.1,0.01,-1.0,-1.0,-2.0,0.32365392663005454,0.8716149890009091,0.1528339638232102,5.703018931113666
1192,sample_001192,0.01,0.01,0.001,-2.0,-2.0,-3.0,0.03236539266300546,0.2618611603725621,0.07684558405930066,3.407627953878098
1193,sample_001193,0.01,0.01,0.001,-2.0,-2.0,-3.0,0.03236539266300546,0.4601719788426451,0.01072750416278108,42.89646238863324
1194,sample_001194,0.01,0.01,0.001,-2.0,-2.0,-3.0,0.03236539266300546,0.5055047427641777,0.0563099606662498,8.977181599545307
1195,sample_001195,0.01,0.01,0.001,-2.0,-2.0,-3.0,0.03236539266300546,0.5084241749489393,0.05938739464108456,8.561146317693627
1196,sample_001196,0.01,0.01,0.001,-2.0,-2.0,-3.0,0.03236539266300546,0.2666449915970428,0.09198511842833088,2.8987840223828827
1197,sample_001197,0.01,0.01,0.001,-2.0,-2.0,-3.0,0.03236539266300546,0.4503799964960783,0.0012072399256721545,373.0658561887111
1198,sample_001198,0.1,0.1,0.01,-1.0,-1.0,-2.0,0.32365392663005454,0.7958388143334725,0.28998562370211634,2.7444078233029465
1199,sample_001199,0.48367294806040056,12.840653794763641,0.004087706803307994,-0.3154482021228846,1.10858713683482,-2.388520262157086,14.653867581753222,2.8460740899362107,1.439570252360474,1.9770303569898597
1200,sample_001200,0.8919451199431144,0.00231639787144553,0.0019232624111661272,-0.04966186629550862,-2.635186842814767,-2.715961456298991,0.907626996068006,2.041438351704806,0.3143056056358625,6.495074586960775
1201,sample_001201,0.20348530527950678,0.00626843520189603,0.03158415614684032,-0.6914669479446598,-2.202840859168874,-1.5005307219251138,0.23121605244272092,0.8067621919180725,0.09979481280106237,8.084209682584666
1202,sample_001202,0.20929244378207482,0.0018542471849357877,0.007687150141149298,-0.6792464509875797,-2.731832371648934,-2.114234636449158,0.2200900280720835,0.7819981516493482,0.1311734476216449,5.961558271342644
1203,sample_001203,0.01,0.01,0.001,-2.0,-2.0,-3.0,0.025851325897289463,0.5935052340700668,0.14475765367818658,4.099992083247628
1204,sample_001204,0.1,0.1,0.01,-1.0,-1.0,-2.0,0.2585132589728942,1.5299736205672534,0.13428478808807975,11.393499162121898
1205,sample_001205,3.462159071350457,0.006693360767512726,0.024297764273832942,0.5393470179653299,-2.1743557661936466,-1.6144336855871604,3.5084661712102845,0.7585362470921988,0.23761169003469543,3.1923355579914414
1206,sample_001206,0.1,0.1,0.01,-1.0,-1.0,-2.0,0.2585132589728942,0.6699724888641345,0.3092677650892425,2.166318525536623
1207,sample_001207,0.01,0.01,0.001,-2.0,-2.0,-3.0,0.025851325897289463,0.3523728441391988,0.11583906018249958,3.0419173255035923
1208,sample_001208,0.1,0.1,0.01,-1.0,-1.0,-2.0,0.2585132589728942,0.7902397886854209,0.2836923280726003,2.785552200351322
1209,sample_001209,0.00022571618293782135,26.565751589968986,0.002089674137797511,-3.646437302647336,1.4243221073437713,-2.6799214321617217,26.566225603727066,3.4895240304775315,2.1874565773585344,1.5952426514867373
1210,sample_001210,0.01,0.01,0.001,-2.0,-2.0,-3.0,0.025851325897289463,0.49300503595744927,0.043919122270034125,11.225293459332747
1211,sample_001211,8.19653572047348,0.039890570011862164,0.0048656594627143595,0.9136303358738669,-1.3991297578431396,-2.3128582897001637,8.450036698398907,0.8025948643900885,0.2918666559015308,2.749868298285042
1212,sample_001212,0.1673799413944819,0.25499589036032355,0.0010695463032737767,-0.7762965885389868,-0.593466818813952,-2.9708004090157822,0.533577219181053,0.36669529688212127,0.037904748135899065,9.674125668040759
1213,sample_001213,0.06595242129524007,0.07274512777660727,0.004651471528533701,-1.1807692556769966,-1.1381960889481455,-2.332409632997554,0.17851418592598609,0.357709235628806,0.2584582936981568,1.38401144149996
1214,sample_001214,0.01,0.01,0.001,-2.0,-2.0,-3.0,0.025851325897289463,0.4975673084322908,0.0484911296946879,10.260996424812067
1215,sample_001215,0.01,0.01,0.001,-2.0,-2.0,-3.0,0.028679568194084105,0.47929121320522006,0.03020071881029248,15.8701922366787
1216,sample_001216,0.3774535988354154,0.06970402770035306,0.057139645650567054,-0.4231364294873279,-1.1567421263854918,-1.2430624572063484,0.6051930658804832,0.7547822804774794,0.19020382106939293,3.968281374337421
1217,sample_001217,0.01,0.01,0.001,-2.0,-2.0,-3.0,0.028679568194084105,0.5025346156422287,0.053380621701096226,9.414176898428828
1218,sample_001218,0.1,0.1,0.01,-1.0,-1.0,-2.0,0.28679568194084104,0.5772397772570046,0.10282167823634016,5.613989064934279
1219,sample_001219,2.704248377329312,0.009622674385754999,0.00840274784562232,0.43204657778353184,-2.0167042097127306,-2.0755786688140114,2.7971974184458395,0.8218299808820104,0.24432231826970477,3.36371227443414
1220,sample_001220,0.01,0.01,0.001,-2.0,-2.0,-3.0,0.028679568194084105,0.16190854582465378,0.010864752138545986,14.9021849518531
1221,sample_001221,3.2482078364834526,0.021355543319757433,0.0024093778196624346,0.5116438097779206,-1.670489374938589,-2.6180950920196646,3.435225857623605,1.240825083737894,0.22338879771348458,5.554553748614374
1222,sample_001222,0.1,0.1,0.01,-1.0,-1.0,-2.0,0.28679568194084104,0.02990589793898779,0.026537944364624182,1.1269108687579128
1223,sample_001223,0.7279698080874311,0.028845193889565048,0.020082093392907542,-0.13788663229813203,-1.5399265374863833,-1.6971910175429095,0.8870143265830789,0.46379250866697774,0.03414491054024064,13.583064103225182
1224,sample_001224,0.01,0.01,0.001,-2.0,-2.0,-3.0,0.028679568194084105,0.36662947610752294,0.020964024420752965,17.48850644080459
1225,sample_001225,0.01,0.01,0.001,-2.0,-2.0,-3.0,0.028679568194084105,1.1301979919606973,0.30694550873200704,3.6820802383769973
1226,sample_001226,0.01,0.01,0.001,-2.0,-2.0,-3.0,0.028679568194084105,0.5098447877499137,0.02520767090034621,20.22577927827959
1227,sample_001227,0.5906218330840726,0.026956374227734788,0.008677009329247597,-0.2286905028286501,-1.5693385230707744,-2.0616299356081713,0.7326800618964715,0.617328492928016,0.2530142583406838,2.4398960634731615
1228,sample_001228,0.01,0.01,0.001,-2.0,-2.0,-3.0,0.028679568194084105,0.19128947268587282,0.01790716233445829,10.682288411368194
1229,sample_001229,0.01,0.01,0.001,-2.0,-2.0,-3.0,0.028679568194084105,1.1471339869261903,0.0347938482252439,32.96944849273421
1230,sample_001230,2.871440654001679,0.022842765021340816,0.00040993053592907605,0.4580998448533222,-1.6412513277103495,-3.3872897296670206,3.0149314911315703,0.8294172013022224,0.27579740949785186,3.007342247384969
1231,sample_001231,0.9638546830774559,0.0013514514220177383,0.0009541322393397979,-0.015988438187219955,-2.86919956041942,-3.0203914294515366,0.9739560134314798,0.8059731000663313,0.1902832729976322,4.2356487113628765
1232,sample_001232,5.318494747317792,0.15297350256900683,0.2587560428077644,0.7257887346570566,-0.8153837893436053,-0.5871094992068198,6.046939621133817,0.7671128455665913,0.23261055872456485,3.2978418940772714
1233,sample_001233,0.01,0.01,0.001,-2.0,-2.0,-3.0,0.026400300977520975,0.5065176533588144,0.057319334983307144,8.836767794084235
1234,sample_001234,0.01,0.01,0.001,-2.0,-2.0,-3.0,0.026400300977520975,0.5519475009369315,0.10254457779795696,5.382512784093087
1235,sample_001235,0.01,0.01,0.001,-2.0,-2.0,-3.0,0.026400300977520975,0.5643100217448872,0.146221801426751,3.8592741727886257
1236,sample_001236,0.01,0.01,0.001,-2.0,-2.0,-3.0,0.026400300977520975,0.7656915883954261,0.31662940353464636,2.418258000829169
1237,sample_001237,0.01,0.01,0.001,-2.0,-2.0,-3.0,0.026400300977520975,0.3234637209931929,0.06272163977432733,5.15713112981447
1238,sample_001238,0.01,0.01,0.001,-2.0,-2.0,-3.0,0.026400300977520975,0.9248337581872721,0.308767917753869,2.995239158637243
1239,sample_001239,0.01,0.01,0.001,-2.0,-2.0,-3.0,0.026400300977520975,0.5636049557956236,0.09397380060465975,5.997468998478252
1240,sample_001240,0.01,0.01,0.001,-2.0,-2.0,-3.0,0.026400300977520975,0.47214680236758483,0.0572501768774431,8.247080238342694
1241,sample_001241,0.1,0.1,0.01,-1.0,-1.0,-2.0,0.2640030097752095,1.3030733989259895,0.6736622473697158,1.934312638141415
1242,sample_001242,0.04939638432574849,0.004312192852494216,0.010502402879375325,-1.3063048390286593,-2.3653018246067616,-1.9787113258953166,0.06425012320659093,0.05331124793937973,0.05331124793937973,1.0
1243,sample_001243,0.7945889567228387,0.004277144548935455,0.002824783089967686,-0.09985747510706044,-2.368846072225249,-2.5490148952593548,0.8230536247505356,0.5137053052848132,0.2609023490119626,1.968956229141729
1244,sample_001244,0.01,0.01,0.001,-2.0,-2.0,-3.0,0.026400300977520975,0.7231495439483359,0.2739716196461674,2.6395053067258534
1245,sample_001245,0.01,0.01,0.001,-2.0,-2.0,-3.0,0.03572350421820216,0.34249327826817066,0.03707424264980639,9.238038427467627
1246,sample_001246,0.1,0.1,0.01,-1.0,-1.0,-2.0,0.3572350421820219,0.9284838191022431,0.20908818237187812,4.440632696547474
1247,sample_001247,1.295590720501471,0.05429988547503859,0.023214553222818173,0.11246782877203998,-1.2652010863892604,-1.6342396701598503,1.7246402780103018,0.6083468316147269,0.24149949636030119,2.5190397528080717
1248,sample_001248,3.0236830670320023,0.04474977934539535,0.20743107836506716,0.48053626783032755,-1.3492091017852417,-0.6831261748934656,3.492509281701314,0.7515251077980569,0.18642965485685212,4.031145733628628
1249,sample_001249,0.06689448234020534,0.013846807410629536,0.003484246930586484,-1.1746097026809919,-1.858650348171825,-2.457891073873636,0.13006561260582516,0.6403001193191344,0.2757811708817522,2.3217688041279603
1250,sample_001250,0.01,0.01,0.001,-2.0,-2.0,-3.0,0.03572350421820216,0.23189431235429658,0.08391281852682639,2.7635147576429158
1251,sample_001251,0.16422876556464863,0.036511402291667445,0.0003267742823633439,-0.7845507715049624,-1.4375714868027245,-3.4857521304357837,0.326484927375718,0.8524493239434672,0.16137974432594715,5.2822572467442415
1252,sample_001252,0.037714214878000515,0.02076694668655344,0.011218982506607763,-1.4234949288522163,-1.6826273520281454,-1.9500465291585973,0.10384334226100592,0.7428317399524236,0.011255565377074245,65.99683934717761
1253,sample_001253,0.1,0.1,0.01,-1.0,-1.0,-2.0,0.3572350421820219,1.087177124620471,0.08229733005549149,13.210357175468616
1254,sample_001254,0.14753642624356278,0.031198568630593147,0.030481877948714115,-0.8311007406112566,-1.5058653306640848,-1.5159582801920228,0.2887691910709621,0.01177331063903827,0.01177331063903827,1.0
1255,sample_001255,0.01,0.01,0.001,-2.0,-2.0,-3.0,0.03572350421820216,0.10508429663570548,0.035869985243513945,2.9295885103467376
1256,sample_001256,7.90854318877617,0.04301372252841545,0.09049984944640561,0.8980964906601665,-1.3663929707546316,-1.0433521432771133,8.450682776428167,0.6421311187276967,0.22319475468641953,2.8769991464623237
1257,sample_001257,0.01,0.01,0.001,-2.0,-2.0,-3.0,0.03572350421820216,0.016941540866432788,0.013392108341158098,1.265039113696996
1258,sample_001258,0.01,0.01,0.001,-2.0,-2.0,-3.0,0.03572350421820216,0.1435502151905533,0.03189380281123647,4.500881128542605
1259,sample_001259,0.26871390511019727,0.009786039902902941,0.017654517045723517,-0.5707098595944506,-2.0093930177222865,-1.7531441584320158,0.34940825424617206,0.6251423090119108,0.2404698890468306,2.599669802692705
1260,sample_001260,0.01,0.01,0.001,-2.0,-2.0,-3.0,0.031436856984865515,0.32376848644852907,0.07378875220390854,4.3877755996445655
1261,sample_001261,0.5653933294250305,0.17398351894798367,0.12979283123205873,-0.24764931967209147,-0.7594918894699791,-0.8867492939943276,1.1183305756943516,0.7582785602339139,0.04516308652959968,16.78978605098085
1262,sample_001262,0.1,0.1,0.01,-1.0,-1.0,-2.0,0.31436856984865535,0.7966314070735163,0.07737149712436966,10.296187054426296
1263,sample_001263,2.1634441285008648,0.01094013460990324,0.0028481264581247225,0.3351456839132556,-1.9609773343116803,-2.545440731732336,2.2645152108431237,0.7923278500461841,0.10682935031379079,7.416761851671592
1264,sample_001264,7.17124318571492,0.06241590494834989,0.025108200024420175,0.8555944502137933,-1.2047047284081902,-1.6001844202015123,7.707591531438337,0.8098813620732068,0.24236216844046224,3.3416162567144188
1265,sample_001265,0.01,0.01,0.001,-2.0,-2.0,-3.0,0.031436856984865515,0.4544435106992217,0.005160118063026543,88.0684327661834
1266,sample_001266,0.01,0.01,0.001,-2.0,-2.0,-3.0,0.031436856984865515,0.09014486116085255,0.020672180955043758,4.360684601053587
1267,sample_001267,0.01,0.01,0.001,-2.0,-2.0,-3.0,0.031436856984865515,0.4635514556883539,0.027787103194792037,16.682251922367872
1268,sample_001268,0.01,0.01,0.001,-2.0,-2.0,-3.0,0.031436856984865515,0.23299620603039575,0.015310363725130898,15.218201880334735
1269,sample_001269,0.7995551463437022,0.0027591438693078834,0.0030360357950269885,-0.0971515770374145,-2.5592256536282743,-2.517693112390833,0.8260278657951174,0.4857065525830934,0.27466759750541636,1.7683431063378907
1270,sample_001270,0.01,0.01,0.001,-2.0,-2.0,-3.0,0.031436856984865515,0.4694094060323894,0.020243413285259707,23.188253849176267
1271,sample_001271,0.01,0.01,0.001,-2.0,-2.0,-3.0,0.031436856984865515,0.468162927293567,0.019050574203564243,24.574741017831194
1272,sample_001272,0.83037595314807,0.15805023667437432,0.06277704383029802,-0.0807252360446471,-0.8012048494840167,-1.2021991390726896,1.4226518535182409,0.46786565595048046,0.20138397467328523,2.3232516723811867
1273,sample_001273,0.1,0.1,0.01,-1.0,-1.0,-2.0,0.31436856984865535,2.9639529593321585,2.242997433027097,1.3214250340590343
1274,sample_001274,0.5310867580226718,0.04428532510590617,0.17809915948681887,-0.2748345270300785,-1.3537401627467602,-0.7493381301218092,0.7493574101764442,0.7508655509299739,0.24874390309383498,3.018628965738794
1275,sample_001275,0.1,0.1,0.01,-1.0,-1.0,-2.0,0.2959783505916441,0.612958798929931,0.14562505993776026,4.209157401836661
1276,sample_001276,3.927748009318433,0.03472948552345785,0.034137335427456346,0.5941436171818655,-1.4593016502043046,-1.4667703805356922,4.269382360696204,0.7620193942994742,0.09335478646466513,8.162617292128875
1277,sample_001277,0.7843771507284858,0.03885022410387505,0.0008618281473939748,-0.10547506602040357,-1.4106064716688431,-3.0645793259145595,1.006399825406795,0.7864316223823412,0.22047277355994907,3.567023762997663
1278,sample_001278,0.1,0.1,0.01,-1.0,-1.0,-2.0,0.2959783505916441,1.5822730890829906,0.25603641870089405,6.179875101797249
1279,sample_001279,0.01,0.01,0.001,-2.0,-2.0,-3.0,0.029597835059164388,0.19671105215703075,0.021769603831061773,9.036041890498497
1280,sample_001280,0.1,0.1,0.01,-1.0,-1.0,-2.0,0.2959783505916441,0.5595152080190255,0.3184351784046928,1.7570772513957267
1281,sample_001281,0.1,0.1,0.01,-1.0,-1.0,-2.0,0.2959783505916441,0.8774094546765029,0.010655930277390525,82.34001460559172
1282,sample_001282,0.1,0.1,0.01,-1.0,-1.0,-2.0,0.2959783505916441,0.7395386878769663,0.01575246940661716,46.947476537634614
1283,sample_001283,0.01,0.01,0.001,-2.0,-2.0,-3.0,0.029597835059164388,0.020327698926346914,0.01835122342081565,1.1077026561231533
1284,sample_001284,0.1,0.1,0.01,-1.0,-1.0,-2.0,0.2959783505916441,0.628054537136787,0.2714761114504428,2.3134799367105146
1285,sample_001285,0.01,0.01,0.001,-2.0,-2.0,-3.0,0.029597835059164388,0.298499281143797,0.07692105959597934,3.880592424384642
1286,sample_001286,1.1557159853785886,0.0027816698093537347,0.04038332899047096,0.06285112029764406,-2.555694423045003,-1.3937978829505848,1.1914096029206458,1.8430469636751723,0.2910510020389079,6.332384876753637
1287,sample_001287,0.01,0.01,0.001,-2.0,-2.0,-3.0,0.029597835059164388,0.3695596655358373,0.045819968160640996,8.065471897321968
1288,sample_001288,0.01,0.01,0.001,-2.0,-2.0,-3.0,0.029597835059164388,0.1228182310386126,0.0895872931056439,1.3709336087851414
1289,sample_001289,0.01,0.01,0.001,-2.0,-2.0,-3.0,0.029597835059164388,0.4361561076657773,0.042324017240657,10.30516798974366
1290,sample_001290,0.9480784481028209,0.0044191721219146735,0.0005845282666379862,-0.023155725775224845,-2.3546590828138116,-3.23319448236686,0.9779831531346869,0.7539020996914867,0.07534962468268395,10.00538626259064
1291,sample_001291,0.01,0.01,0.001,-2.0,-2.0,-3.0,0.025666166779310422,0.8145438684272517,0.36548530184689154,2.228663818520612
1292,sample_001292,0.01,0.01,0.001,-2.0,-2.0,-3.0,0.025666166779310422,0.5172443223707273,0.06818314153145189,7.586102821796939
1293,sample_001293,0.7226458279631073,0.17133621538582652,0.18562349914073498,-0.14107450028198354,-0.7661508303802202,-0.7313670448136325,1.1284426415025932,0.6391962042640087,0.2856522829651156,2.237672311346689
1294,sample_001294,0.15391748054975532,0.03140397154836313,0.04711634020662423,-0.8127120541439306,-1.5030154247781193,-1.32682845102648,0.23192493286205998,0.7852496477535555,0.05521799081084137,14.22090221362023
1295,sample_001295,0.1,0.1,0.01,-1.0,-1.0,-2.0,0.2566616677931039,0.7775130744978188,0.05307315411842208,14.649837331373872
1296,sample_001296,0.01,0.01,0.001,-2.0,-2.0,-3.0,0.025666166779310422,0.4917567051104701,0.04259316075081733,11.54543819810399
1297,sample_001297,0.01,0.01,0.001,-2.0,-2.0,-3.0,0.025666166779310422,0.20279857329117432,0.05206580263238256,3.895043637818479
1298,sample_001298,0.01,0.01,0.001,-2.0,-2.0,-3.0,0.025666166779310422,0.2344985777835131,0.08510288434171398,2.755471563595071
1299,sample_001299,0.01,0.01,0.001,-2.0,-2.0,-3.0,0.025666166779310422,0.4691264014031014,0.024441532235873857,19.193821274205757
1300,sample_001300,0.01,0.01,0.001,-2.0,-2.0,-3.0,0.025666166779310422,0.7748950725815007,0.32582462717972344,2.3782581423904214
1301,sample_001301,4.7439943032587655,0.03682978227902346,0.0009417087659410198,0.6761441588417103,-1.4338008484895939,-3.0260833869105546,4.973275725471277,0.789043138455431,0.2491439744014703,3.1670167434351346
1302,sample_001302,0.01,0.01,0.001,-2.0,-2.0,-3.0,0.025666166779310422,0.6779747258602649,0.042606036977319225,15.91264463815717
1303,sample_001303,0.1,0.1,0.01,-1.0,-1.0,-2.0,0.2566616677931039,0.49703372318316985,0.28243615269357375,1.7598091407314331
1304,sample_001304,0.1,0.1,0.01,-1.0,-1.0,-2.0,0.2566616677931039,0.6719742875041015,0.04615322369741377,14.559639255312863
1305,sample_001305,0.01,0.01,0.001,-2.0,-2.0,-3.0,0.03019199022680999,0.16835460106903993,0.01606519501046292,10.479462027033856
1306,sample_001306,0.01,0.01,0.001,-2.0,-2.0,-3.0,0.03019199022680999,0.08053276860496128,0.054665280690419954,1.4731977516228978
1307,sample_001307,0.07568341113700827,0.02426699463316081,0.0054857587185933865,-1.1209993020212456,-1.6149840059117286,-2.260763297987028,0.14815092755756087,0.7860359312788006,0.12545050839648186,6.265705426992468
1308,sample_001308,0.20852424867963573,0.007871325531122414,0.0007039838229120263,-0.6808434349088239,-2.103952126296863,-3.1524373205464697,0.260196480283542,0.819484164787585,0.09317593930275563,8.795019088831973
1309,sample_001309,0.1,0.1,0.01,-1.0,-1.0,-2.0,0.30191990226809995,2.0344371620446924,1.308804241189949,1.5544243348378874
1310,sample_001310,0.01,0.01,0.001,-2.0,-2.0,-3.0,0.03019199022680999,0.21857147623874656,0.029407022019339688,7.432628713475368
1311,sample_001311,0.01,0.01,0.001,-2.0,-2.0,-3.0,0.03019199022680999,0.8693148820510939,0.036932864427596954,23.537705388524508
1312,sample_001312,0.15812565733405884,32.70878888438987,0.006890028752328608,-0.8009976560985343,1.5146644637041895,-2.1617789657626787,33.22097440017396,2.1918424735645554,1.800688665604239,1.2172245627086573
1313,sample_001313,1.511246151693041,0.09504087835853615,0.022026031054361024,0.17933520796272084,-1.0220895586370542,-1.6570637528029115,2.0308502682700382,0.7778891746868615,0.175573586320256,4.43055923724169
1314,sample_001314,0.1,0.1,0.01,-1.0,-1.0,-2.0,0.30191990226809995,0.7675762129396446,0.2609557291246217,2.9414039519825286
1315,sample_001315,0.08033256497516719,0.02719667305624057,0.0027194029961277897,-1.09510836602829,-1.5654842195572618,-2.565526428298633,0.1599545485584576,0.2583860955674941,0.15653995136770135,1.6506079969359597
1316,sample_001316,0.1,0.1,0.01,-1.0,-1.0,-2.0,0.30191990226809995,0.4880195008168216,0.06120073020755912,7.974079707247424
1317,sample_001317,0.01,0.01,0.001,-2.0,-2.0,-3.0,0.03019199022680999,0.47761448586290406,0.028257281927737653,16.90235058999332
1318,sample_001318,3.517161541384642,0.008207694914259966,0.006648508305218222,0.5461923156927737,-2.0857787949608015,-2.177275784393559,3.6282746127629326,0.7203991961747669,0.28765635714159,2.5043743282202957
1319,sample_001319,1.9337831656591533,0.1140189899730357,0.0025194698695916945,0.286407775208648,-0.9430228104734413,-2.5986908310166106,2.571980577063122,0.7965531780323938,0.2076170272315427,3.8366466790030964
1320,sample_001320,7.976492658940759,24.512095037653236,0.17618134376291272,0.901811969833668,1.389380431790971,-0.7540400819046198,43.79549165662467,1.94646061776418,1.8173008427429564,1.0710723133910371
1321,sample_001321,0.01,0.01,0.001,-2.0,-2.0,-3.0,0.029911579516104438,0.3308724835581012,0.02429420056869051,13.619401989482123
1322,sample_001322,0.1,0.1,0.01,-1.0,-1.0,-2.0,0.2991157951610445,0.35302489365680806,0.028984068502824374,12.179963403771534
1323,sample_001323,1.4044814264147487,0.008118789545550715,0.0005642742563805064,0.14751600024181855,-2.0905087161867297,-3.248509762891262,1.493626182051628,0.7670531800993221,0.2108804635885126,3.637383791018497
1324,sample_001324,0.1,0.1,0.01,-1.0,-1.0,-2.0,0.2991157951610445,0.5092621385098056,0.11261489474455859,4.522156146972845
1325,sample_001325,0.1,0.1,0.01,-1.0,-1.0,-2.0,0.2991157951610445,0.6828194481286738,0.044971020763313156,15.183543458406666
1326,sample_001326,1.0740769001704895,0.034013754508536526,0.11536482154419109,0.03103537645115928,-1.4683454270986234,-0.9379266013913048,1.3047865477811906,0.7421362267851355,0.3320205905873726,2.2352114532181075
1327,sample_001327,0.01,0.01,0.001,-2.0,-2.0,-3.0,0.029911579516104438,0.543702164412874,0.09491682233873616,5.72819602485771
1328,sample_001328,0.01,0.01,0.001,-2.0,-2.0,-3.0,0.029911579516104438,0.45468207926532644,0.1501550897794784,3.0280830302394954
1329,sample_001329,0.01,0.01,0.001,-2.0,-2.0,-3.0,0.029911579516104438,0.5147330578700025,0.06570196448145646,7.83436327866999
1330,sample_001330,0.01,0.01,0.001,-2.0,-2.0,-3.0,0.029911579516104438,0.3149693689594068,0.015835925433560244,19.889546100786053
1331,sample_001331,0.0932254449805554,0.01254181305634339,0.04859070429424087,-1.030465535001908,-1.9016396769463788,-1.3134468060432765,0.14386118377603052,1.2686626286435136,0.010304485413103673,123.11751414876302
1332,sample_001332,0.13833175744751172,0.02409382370064418,0.10845499026415495,-0.8590781054949055,-1.6180942718026818,-0.9647504602996264,0.22676780861105328,0.575372176803435,0.0121118221229556,47.505005519601305
1333,sample_001333,0.01,0.01,0.001,-2.0,-2.0,-3.0,0.029911579516104438,0.3146660858679961,0.01431921610264753,21.97509162598757
1334,sample_001334,0.8719743155929037,0.024612645085301497,0.008541406979718199,-0.05949630722403043,-1.6088417107904376,-2.0684705844400284,1.0454552863855868,0.6489303129067441,0.2596595118471345,2.4991586416013107
1335,sample_001335,0.011947816344645474,12.377475833193952,0.0019898222474976483,-1.9227114617558954,1.0926320870519355,-2.701185717750518,12.429790976250796,2.0888617569973706,1.9426370882581,1.0752712226195504
1336,sample_001336,0.16265359309417418,0.027224031743492822,0.0008657613711739247,-0.7887363385073227,-1.5650475575202498,-3.062601795584847,0.28311618901408664,0.8215980248694682,0.31022318427593326,2.6484094887591763
1337,sample_001337,2.0606094170357223,0.007175112291759065,0.0006854837246912567,0.3139956802307591,-2.1441712977563796,-3.1640028521227372,2.159559244850783,0.7607863716248839,0.1656526327239392,4.5926609140751635
1338,sample_001338,0.01,0.01,0.001,-2.0,-2.0,-3.0,0.03304784107301565,0.5955232479003731,0.07226323494465796,8.241026690217348
1339,sample_001339,0.9611609559365151,0.04106630684952814,0.12482715987847588,-0.01720387932228018,-1.3865143521010532,-0.9036909106308473,1.2595539348484748,0.8597245911157905,0.25530332519859517,3.3674633514742847
1340,sample_001340,0.01,0.01,0.001,-2.0,-2.0,-3.0,0.03304784107301565,0.10303604573153897,0.06928010408947124,1.4872386103588107
1341,sample_001341,0.1,0.1,0.01,-1.0,-1.0,-2.0,0.33047841073015655,2.3795623949304425,1.714666683000697,1.3877696572293376
1342,sample_001342,0.01,0.01,0.001,-2.0,-2.0,-3.0,0.03304784107301565,0.29373379110539544,0.10668897612978373,2.7531784609881123
1343,sample_001343,0.01,0.01,0.001,-2.0,-2.0,-3.0,0.03304784107301565,0.3422406246793356,0.0429762287318604,7.963486671077208
1344,sample_001344,0.01,0.01,0.001,-2.0,-2.0,-3.0,0.03304784107301565,0.32616866335164657,0.027079517768925206,12.044847553597787
1345,sample_001345,0.24991316637704142,0.00953545923926079,0.02036414176191839,-0.6022108629841227,-2.0206583859662715,-1.6911338883482818,0.3219068374019448,0.5439486601756794,0.022813725822400387,23.843043631285603
1346,sample_001346,0.01,0.01,0.001,-2.0,-2.0,-3.0,0.03304784107301565,0.5345640107919429,0.016491812346880123,32.41390330839353
1347,sample_001347,0.1,0.1,0.01,-1.0,-1.0,-2.0,0.33047841073015655,0.7863320701873155,0.2884886669341469,2.7256948376651864
1348,sample_001348,0.01,0.01,0.001,-2.0,-2.0,-3.0,0.03304784107301565,0.4644203533181884,0.015141647309117512,30.671719122564596
1349,sample_001349,0.22886068087458894,6.584972254024295,0.8393836036173952,-0.6404288143415453,0.8185539493889902,-0.07603951847934987,7.516991435524068,1.7174735405112371,1.3351161971883234,1.286385068302022
1350,sample_001350,0.1,0.1,0.01,-1.0,-1.0,-2.0,0.2777456901725164,1.4131784541150438,0.43233510781568885,3.268710841585189
1351,sample_001351,3.5932944707687935,0.0034963657434615566,0.011079649452341344,0.5554928091305191,-2.456383143526488,-1.9554739799796232,3.636043593164898,0.7387157678731788,0.36799722436996746,2.0073949447252026
1352,sample_001352,0.12161132089377978,0.007767424167680774,0.10715918365588188,-0.915025994365533,-2.1097229780110056,-0.9699706035287061,0.15697226751211235,0.8405656853106502,0.11038656386258447,7.614746359502907
1353,sample_001353,1.4189724450686796,0.00498924619980962,0.0006522074563737635,0.15197396200376456,-2.301965064795916,-3.1856142404220127,1.470906359234601,0.854517786634269,0.31191679499840275,2.7395696555507527
1354,sample_001354,0.1203757319660707,0.015248894827045749,0.0028845724970823104,-0.9194610590544583,-1.816761630934129,-2.53991854157769,0.17462981966721125,0.7957466174580257,0.05015735236894859,15.865004428556249
1355,sample_001355,0.6907598566533669,0.004445481013768958,0.1294568536012653,-0.1606729092929191,-2.3520812402453326,-0.8878749525491552,0.7317726014179945,0.7860740305404743,0.12084927628892324,6.504582027128978
1356,sample_001356,0.01,0.01,0.001,-2.0,-2.0,-3.0,0.027774569017251616,0.5087936611340045,0.05975242341500715,8.51502971854725
1357,sample_001357,0.01,0.01,0.001,-2.0,-2.0,-3.0,0.027774569017251616,0.11859655667227476,0.041964698412442866,2.8261029188550046
1358,sample_001358,0.08448996776959666,0.025887396887341207,0.005925566232286508,-1.0731948555587572,-1.58691161794293,-2.2272701432405952,0.1517527029813277,7.591501762708454,6.861134611709971,1.1064499084090198
1359,sample_001359,0.01,0.01,0.001,-2.0,-2.0,-3.0,0.027774569017251616,0.40031838549825577,0.03313349211135844,12.081985929911182
1360,sample_001360,0.054849408041789775,0.01750063159319658,0.053806980764407264,-1.2608280551552955,-1.7569462774571134,-1.269161376549401,0.09973413729984815,0.727093810627653,0.17416993418200483,4.174622985548421
1361,sample_001361,8.930552520063722,0.023418924479862435,0.05833790829669592,0.9508783288764286,-1.6304330538915988,-1.2340491465459307,9.186478805038009,0.6417208038481013,0.24371430997562823,2.6330862718412975
1362,sample_001362,0.01,0.01,0.001,-2.0,-2.0,-3.0,0.027774569017251616,0.3478122759355615,0.028911758574225996,12.030132136120775
1363,sample_001363,0.1,0.1,0.01,-1.0,-1.0,-2.0,0.2777456901725164,0.6055521405368167,0.029602349709728092,20.456218728401034
1364,sample_001364,0.01,0.01,0.001,-2.0,-2.0,-3.0,0.027774569017251616,1.0638176449856382,0.6143101239010699,1.731727353327744
1365,sample_001365,0.01,0.01,0.001,-2.0,-2.0,-3.0,0.03273847797551804,0.2962497905284983,0.15838644159581364,1.8704239298746175
1366,sample_001366,0.1,0.1,0.01,-1.0,-1.0,-2.0,0.3273847797551807,1.3021695574149628,0.29657840669959507,4.390641826914706
1367,sample_001367,0.0010000228004668462,18.983711157522965,0.0001000028203521436,-2.9999900979959486,1.278381117347492,-3.999987751538994,18.98805501587187,1.8645280626400358,1.8645280626400358,1.0
1368,sample_001368,0.01,0.01,0.001,-2.0,-2.0,-3.0,0.03273847797551804,0.48445894868877454,0.03536421369164011,13.699129660086228
1369,sample_001369,0.01,0.01,0.001,-2.0,-2.0,-3.0,0.03273847797551804,0.24050535306345683,0.01626813023668705,14.78383499297796
1370,sample_001370,0.01,0.01,0.001,-2.0,-2.0,-3.0,0.03273847797551804,1.3741199711835068,0.892989594164897,1.5387860957870978
1371,sample_001371,0.01,0.01,0.001,-2.0,-2.0,-3.0,0.03273847797551804,6.777989475553712,6.514127670271182,1.040506084411997
1372,sample_001372,0.1,0.1,0.01,-1.0,-1.0,-2.0,0.3273847797551807,0.8309496889864223,0.10763693896800665,7.719930508553469
1373,sample_001373,0.01,0.01,0.001,-2.0,-2.0,-3.0,0.03273847797551804,0.6553401343953267,0.3028180188512758,2.1641385043113517
1374,sample_001374,0.01,0.01,0.001,-2.0,-2.0,-3.0,0.03273847797551804,0.5134406196065306,0.06428856333503342,7.986500132703015
1375,sample_001375,0.03927946440452136,0.09400228077391753,0.009541471145481217,-1.4058344426709013,-1.0268616090012568,-2.020384658722839,0.2025864926535963,0.8677163684113425,0.14279495996545374,6.076659628752082
1376,sample_001376,6.361582903851381,0.05805488781246698,0.05326718379323512,0.8035651912576807,-1.2361612098509855,-1.2735402635190685,6.9444078372998765,0.8236886393619973,0.2496133042799378,3.299858722427079
1377,sample_001377,0.16207540106682863,0.02515216218401194,0.10687469749764533,-0.7902828950318916,-1.5994246752512797,-0.9711251015062441,0.2724896600464763,0.787082968407828,0.05909718818757803,13.318450378884005
1378,sample_001378,0.01,0.01,0.001,-2.0,-2.0,-3.0,0.03273847797551804,0.6688185250199281,0.04068169287724198,16.440282537850738
1379,sample_001379,0.01,0.01,0.001,-2.0,-2.0,-3.0,0.03273847797551804,0.5148605975864013,0.06586300465485434,7.817144089985793
1380,sample_001380,0.01,0.01,0.001,-2.0,-2.0,-3.0,0.029406374568312046,0.3997590625040481,0.08594548282321798,4.651309753257376
1381,sample_001381,0.08796795759127861,0.0067577565144116515,0.0010367278130039537,-1.0556754912068298,-2.170197460142128,-2.984335250194047,0.12004177081083253,2.8931943091863985,0.11697170533386803,24.734138062948308
1382,sample_001382,1.9934499673731183,0.0610005441518276,0.0038554327122492294,0.2996053399901619,-1.2146662908731347,-2.4139268720887967,2.3900732765777475,0.7051317223046649,0.2663539922440636,2.6473480512300473
1383,sample_001383,0.01,0.01,0.001,-2.0,-2.0,-3.0,0.029406374568312046,0.793589775288646,0.3444279050297281,2.3040809519198224
1384,sample_001384,0.1,0.1,0.01,-1.0,-1.0,-2.0,0.2940637456831205,0.585931297038383,0.27620867924537373,2.121335573665529
1385,sample_001385,0.1,0.1,0.01,-1.0,-1.0,-2.0,0.2940637456831205,0.7750582222125943,0.2686603725163303,2.8848996781819136
1386,sample_001386,0.10536974380099057,0.0077961663679630665,0.028233644493316598,-0.9772840759037136,-2.108118901735356,-1.5492330580494373,0.14287209522521005,0.6463138777836565,0.28045140651911515,2.3045485341133585
1387,sample_001387,0.01,0.01,0.001,-2.0,-2.0,-3.0,0.029406374568312046,0.2979124722098594,0.06565565315032981,4.537499178139893
1388,sample_001388,3.843752716747249,0.10522236401230219,0.0003504476107080326,0.5847554400770001,-0.9778919452116899,-3.455376896615961,4.5527625496235995,0.7602507385537518,0.2351469359507325,3.2330880072068555
1389,sample_001389,0.01,0.01,0.001,-2.0,-2.0,-3.0,0.029406374568312046,0.596709721110614,0.28136526946095247,2.12076537468113
1390,sample_001390,0.01,0.01,0.001,-2.0,-2.0,-3.0,0.029406374568312046,0.7501384747747823,0.30103390616134373,2.491873703996433
1391,sample_001391,0.01,0.01,0.001,-2.0,-2.0,-3.0,0.029406374568312046,0.42350713421979097,0.05598295285716112,7.564930261902353
1392,sample_001392,0.1,0.1,0.01,-1.0,-1.0,-2.0,0.2940637456831205,0.3151660771797438,0.032853969641772715,9.592937493283028
1393,sample_001393,0.01,0.01,0.001,-2.0,-2.0,-3.0,0.029406374568312046,0.3765749307759863,0.051899836211861235,7.255801911180667
1394,sample_001394,0.16828858427531426,0.10546855988892594,0.0025553111109753663,-0.7739453430520307,-0.9768769839844103,-2.5925562166429956,0.40589707626999416,4.567695599635698,4.208480485796385,1.0853550622491095
1395,sample_001395,0.01,0.01,0.001,-2.0,-2.0,-3.0,0.02592607472679203,0.4529692170427632,0.0037127405069974965,122.00400652537947
1396,sample_001396,0.1,0.1,0.01,-1.0,-1.0,-2.0,0.25926074726792026,1.4299582787258567,0.9728005567170975,1.469939823586785
1397,sample_001397,0.1,0.1,0.01,-1.0,-1.0,-2.0,0.25926074726792026,0.4839326639695457,0.055061301583105425,8.788979738140295
1398,sample_001398,0.01,0.01,0.001,-2.0,-2.0,-3.0,0.02592607472679203,0.48368974102568185,0.03457998903011408,13.987562014680202
1399,sample_001399,1.4307742427369385,0.07138411243397072,0.00038731371606825886,0.1555711132368529,-1.1463984359834152,-3.4119371229279847,1.7187590839474844,1.8606912092327805,0.25883745784451867,7.188647364750742
1400,sample_001400,3.098968026552909,0.006573643999063294,0.009439165427863947,0.49121709545087633,-2.1821938191818027,-2.025066402534149,3.1511692407005873,0.7018056741759803,0.4124588894825705,1.7015166652278855
1401,sample_001401,0.4517129235300588,5.15616257042137,0.006737388700556154,-0.345137484073315,0.7123266019171819,-2.171508396147847,6.037615119479702,3.902252400629287,1.1703542256864514,3.3342489948634886
1402,sample_001402,0.01,0.01,0.001,-2.0,-2.0,-3.0,0.02592607472679203,0.47601855205533583,0.026935318571259154,17.67265350123844
1403,sample_001403,2.688076699043885,0.11881855987401892,0.10186281601339685,0.4294416563074961,-0.9251157157411622,-0.9919843218553606,3.1859026447158016,0.6341201216659763,0.2248072125259368,2.820728545765922
1404,sample_001404,1.0,1.0,0.1,0.0,0.0,-1.0,2.5926074726792008,1.0298847573132157,0.7074188484035391,1.4558344884892431
1405,sample_001405,0.1,0.1,0.01,-1.0,-1.0,-2.0,0.25926074726792026,0.8113847458466994,0.30489340671675796,2.661207910607478
1406,sample_001406,0.01,0.01,0.001,-2.0,-2.0,-3.0,0.02592607472679203,0.2234387457730769,0.017259444490956618,12.945882811590574
1407,sample_001407,0.01,0.01,0.001,-2.0,-2.0,-3.0,0.02592607472679203,0.7589520888353884,0.3098794293243858,2.449185124969711
1408,sample_001408,0.01,0.01,0.001,-2.0,-2.0,-3.0,0.02592607472679203,0.23418401463911911,0.012606613362499294,18.57628277359111
1409,sample_001409,0.01,0.01,0.001,-2.0,-2.0,-3.0,0.02592607472679203,0.3226331860818479,0.009709314817854671,33.229243477464614
1410,sample_001410,0.01,0.01,0.001,-2.0,-2.0,-3.0,0.033265641019447095,0.353912913246543,0.07992657710627668,4.42797535012606
1411,sample_001411,9.174008144238735,0.009747354041368983,0.004151916689986395,0.9625591213416769,-2.011113259294902,-2.3817513693797787,9.310255354132044,0.7549602708246171,0.21226140518681047,3.556747728868465
1412,sample_001412,0.01,0.01,0.001,-2.0,-2.0,-3.0,0.033265641019447095,0.5257279114399589,0.09886691201972891,5.317531423809917
1413,sample_001413,3.693296686707016,0.06713937937460444,0.005933987388688254,0.5674141964200725,-1.173022677616311,-2.226653381010232,4.3089227160732575,0.8672716947839811,0.25644118961788603,3.3819516126729567
1414,sample_001414,0.5215149395678905,0.16496578056674036,0.02637496989312478,-0.28273324605055805,-0.782606133678815,-1.5788080274386012,1.0990505076994517,0.5586644378820305,0.19845566432898326,2.8150591708782025
1415,sample_001415,2.4468775599305523,0.18428824473343006,0.16767262703314217,0.3886122380984487,-0.7345023664099353,-0.775537831244681,3.5319182332002166,0.9434439933232641,0.35554960009949155,2.653480676280511
1416,sample_001416,0.01,0.01,0.001,-2.0,-2.0,-3.0,0.033265641019447095,0.4112467494353573,0.061492202797602494,6.68778691810649
1417,sample_001417,0.1,0.1,0.01,-1.0,-1.0,-2.0,0.3326564101944712,0.7442022069420628,0.021359923011485867,34.84105286998849
1418,sample_001418,1.4450304257424562,0.01874433656871968,0.26029815913405824,0.15987699144754597,-1.7271299262556608,-0.5845289032728136,1.6323045320382612,0.6067894558866787,0.2132236746161464,2.8457883815155363
1419,sample_001419,0.01,0.01,0.001,-2.0,-2.0,-3.0,0.033265641019447095,0.5012851412591087,0.052213341565621574,9.600709822969193
1420,sample_001420,0.1,0.1,0.01,-1.0,-1.0,-2.0,0.3326564101944712,0.609501760635895,0.021020933776094142,28.994989810064723
1421,sample_001421,0.01,0.01,0.001,-2.0,-2.0,-3.0,0.033265641019447095,0.4345696583088982,0.1292572626895032,3.3620521529440452
1422,sample_001422,0.01,0.01,0.001,-2.0,-2.0,-3.0,0.033265641019447095,0.2603754742368935,0.017375536637652397,14.985175978545936
1423,sample_001423,2.123244779279879,0.02405598584437753,0.1840106250468477,0.32700006489728217,-1.6187768404658418,-0.7351570994578971,2.371186144320954,0.7614485684743391,0.17378109618655707,4.381653615862283
1424,sample_001424,1.463678012518497,0.029584823805747822,0.24403304809530593,0.16544554887646612,-1.5289310128469769,-0.6125513554910391,1.7273726500899542,0.7535514207696812,0.26825551473775067,2.809080817989374
1425,sample_001425,0.1,0.1,0.01,-1.0,-1.0,-2.0,0.35424473742490886,0.7784520592535153,0.054736694048602555,14.221758781454751
1426,sample_001426,0.01,0.01,0.001,-2.0,-2.0,-3.0,0.035424473742490865,4.459887921839998,4.010727465624153,1.1119897724454202
1427,sample_001427,1.3087922221577648,0.006654007831049991,0.016440150038802604,0.11687070542565792,-2.1769166923491023,-1.7840942232481156,1.4041895433733664,0.6695094734840367,0.2764110416599726,2.4221516964855354
1428,sample_001428,0.01,0.01,0.001,-2.0,-2.0,-3.0,0.035424473742490865,0.3632289825257822,0.11845108867432519,3.0664891863042345
1429,sample_001429,0.4013676175971036,0.14526638717333984,0.23382376413358852,-0.39645766938265403,-0.8378348643935905,-0.6311113524230656,0.9389925499340309,0.4827492248370303,0.26861908983457516,1.7971515916248686
1430,sample_001430,0.1,0.1,0.01,-1.0,-1.0,-2.0,0.35424473742490886,0.6812938581703785,0.06252106390822351,10.897029186363008
1431,sample_001431,0.1,0.1,0.01,-1.0,-1.0,-2.0,0.35424473742490886,0.7943905240772584,0.2888469065524415,2.7502130230812534
1432,sample_001432,0.1,0.1,0.01,-1.0,-1.0,-2.0,0.35424473742490886,0.76651607688124,0.04633273309255878,16.543726771955647
1433,sample_001433,0.01,0.01,0.001,-2.0,-2.0,-3.0,0.035424473742490865,0.5058458064383824,0.05680976594413566,8.904205078679782
1434,sample_001434,0.1,0.1,0.01,-1.0,-1.0,-2.0,0.35424473742490886,0.8115764486276572,0.08895846570510862,9.123094043887615
1435,sample_001435,0.17916908190433933,0.002839695081781079,1.0676287992689428,-0.746736931709747,-2.546728290730893,0.028420280359840788,0.2110603471396349,0.7984597008578389,0.2718660570726199,2.9369598744890655
1436,sample_001436,1.3662418428740277,0.024451264949774107,0.0006911307259223795,0.13552758201695525,-1.6116986683810008,-3.1604397989686466,1.6280974514850717,0.8460800668261208,0.2557501777530902,3.3082286560244536
1437,sample_001437,0.01,0.01,0.001,-2.0,-2.0,-3.0,0.035424473742490865,0.30967016163582345,0.010207410537621866,30.337778665260853
1438,sample_001438,1.409829469437395,0.009184995053358219,0.5711692231499902,0.14916658431405416,-2.0369210732503675,-0.24323520210064142,1.5362498486423546,0.6017120603916768,0.12350649563410022,4.871906188434867
1439,sample_001439,3.179593390894431,0.040682276582137335,0.0025291555488333606,0.502371585587742,-1.39059475192935,-2.5970244597332584,3.6567729294982576,0.7999943689628433,0.17750574464262311,4.506864668371677
1440,sample_001440,0.1,0.1,0.01,-1.0,-1.0,-2.0,0.3415077621375921,0.038994662142285495,0.026866306969621938,1.451433655782212
1441,sample_001441,0.01,0.01,0.001,-2.0,-2.0,-3.0,0.034150776213759206,0.398319294854313,0.030671749551125494,12.986520191499697
1442,sample_001442,0.01,0.01,0.001,-2.0,-2.0,-3.0,0.034150776213759206,0.5440908570248,0.09513672108291073,5.719041510276879
1443,sample_001443,0.01,0.01,0.001,-2.0,-2.0,-3.0,0.034150776213759206,0.3987404976500823,0.0586579001653551,6.797728805941624
1444,sample_001444,7.535863151540268,0.00645077955900126,0.07817992666644337,0.8771330032308731,-2.190387798897317,-1.1069047412761677,7.627166197677853,1.4112270198538268,0.1934705080781471,7.294274635820981
1445,sample_001445,0.01,0.01,0.001,-2.0,-2.0,-3.0,0.034150776213759206,0.7308309084295433,0.050777953714016846,14.392681370060869
1446,sample_001446,0.01,0.01,0.001,-2.0,-2.0,-3.0,0.034150776213759206,0.48182341801559714,0.03277901071142325,14.69914459156283
1447,sample_001447,0.02308235293302921,87.90553521288706,3.464540372556094e-05,-1.6367199228236538,1.944016222476809,-4.460354373434001,88.01931678783374,3.4012487604632025,2.398390994700561,1.4181377298274287
1448,sample_001448,0.055430202399873195,0.01417007667377511,0.08812149063288582,-1.2562535356058504,-1.848627799794364,-1.0549181650827606,0.11135853544475065,0.7756598166585968,0.2608236161822407,2.973886444840308
1449,sample_001449,6.182093770270495,0.002746425729794776,0.026014744588618077,0.7911355881750683,-2.5612321408903647,-1.5847804336271913,6.221684338617032,0.6610401948045295,0.2700500255955661,2.4478434813945187
1450,sample_001450,0.01,0.01,0.001,-2.0,-2.0,-3.0,0.034150776213759206,0.7407302321394971,0.38353021635938894,1.9313477805498174
1451,sample_001451,0.01,0.01,0.001,-2.0,-2.0,-3.0,0.034150776213759206,0.584135047010203,0.12151122269039782,4.807251824784437
1452,sample_001452,0.1,0.1,0.01,-1.0,-1.0,-2.0,0.3415077621375921,0.7701907685423806,0.2639524918302184,2.9179143686121694
1453,sample_001453,0.1,0.1,0.01,-1.0,-1.0,-2.0,0.3415077621375921,0.7463668293050231,0.18257022744479817,4.088108120096932
1454,sample_001454,0.01,0.01,0.001,-2.0,-2.0,-3.0,0.034150776213759206,0.8108286053181764,0.3613168160736366,2.2440931870520218
1455,sample_001455,2.334326828429025,0.005193357893223839,0.11371066485036681,0.36816166141214346,-2.284551747557757,-0.944198801200951,2.3826897240568203,0.8177042667117198,0.2865704680488595,2.8534142833318867
1456,sample_001456,0.7343806469504202,0.004350940727486712,0.10264522248871315,-0.13407877656905054,-2.361416833025552,-0.9886612595917246,0.769302888169087,0.7579055407987192,0.26200811423342857,2.8926796523694116
1457,sample_001457,0.1,0.1,0.01,-1.0,-1.0,-2.0,0.2689538478306638,0.6063377097399674,0.27205746922542084,2.2287118654241733
1458,sample_001458,0.01,0.01,0.001,-2.0,-2.0,-3.0,0.026895384783066377,0.6845117861800477,0.3850919930973844,1.7775279633169216
1459,sample_001459,5.02462622037211,0.006432866965229595,0.0058222077141568815,0.7011037603278432,-2.191595429924691,-2.2349123046507344,5.087447946512206,0.7606462914128946,0.22280894151457686,3.41389482056819
1460,sample_001460,0.08780832536369663,0.01336214398959736,0.035615684739193784,-1.0564643054139173,-1.8741238526279211,-1.4483587015905135,0.12886998430251886,0.6963270114766043,0.11330670882964272,6.14550558099376
1461,sample_001461,0.25026537774762564,0.008777831071771632,0.005732894964795114,-0.601599227472013,-2.0566127813519888,-2.2416260150764957,0.29444596781728305,0.8309522203916946,0.31682427237351857,2.6227542926763108
1462,sample_001462,0.01,0.01,0.001,-2.0,-2.0,-3.0,0.026895384783066377,1.8770675307277693,1.427991045729829,1.314481303185219
1463,sample_001463,0.01,0.01,0.001,-2.0,-2.0,-3.0,0.026895384783066377,0.3164419144323855,0.01623983835242689,19.48553351118155
1464,sample_001464,0.01,0.01,0.001,-2.0,-2.0,-3.0,0.026895384783066377,0.15795282764806412,0.008578490604947331,18.41265963000188
1465,sample_001465,0.01,0.01,0.001,-2.0,-2.0,-3.0,0.026895384783066377,0.49778524197549645,0.048693370592991156,10.222854485393682
1466,sample_001466,0.1,0.1,0.01,-1.0,-1.0,-2.0,0.2689538478306638,1.040291674759691,0.05246460419209588,19.82844797514774
1467,sample_001467,0.01,0.01,0.001,-2.0,-2.0,-3.0,0.026895384783066377,0.3256163521262462,0.06854797082744324,4.750196806641071
1468,sample_001468,1.9530223961583162,0.03759066431197215,0.023840452352236273,0.29070722356035983,-1.4249199992536132,-1.6226855084864864,2.179728046537221,1.6443108756379987,0.32983663830103294,4.985228093845902
1469,sample_001469,0.01,0.01,0.001,-2.0,-2.0,-3.0,0.026895384783066377,0.38264488028986576,0.05870285187866281,6.518335447837905
1470,sample_001470,0.01,0.01,0.001,-2.0,-2.0,-3.0,0.033294060397573724,1.4872337050943687,0.0012427015689060795,1196.774625788511
1471,sample_001471,2.5102910887637484,0.04518872813018132,0.03093660732082954,0.39972408439495943,-1.344969882032756,-1.50952731515609,2.9366578819012408,0.7523085725878776,0.20927071199322422,3.5949061644719587
1472,sample_001472,0.04958088035019566,0.012295395803653741,0.005082593012563972,-1.3046857662362532,-1.9102574862358823,-2.293914664933178,0.09693247411579436,0.14789214240512563,0.1357460169116128,1.0894768463182343
1473,sample_001473,0.01,0.01,0.001,-2.0,-2.0,-3.0,0.033294060397573724,0.7384860866037768,0.37634949882790036,1.9622348080805514
1474,sample_001474,0.01,0.01,0.001,-2.0,-2.0,-3.0,0.033294060397573724,0.4856990220308216,0.036595411250529994,13.27212908486682
1475,sample_001475,0.012633571989837868,0.1495926654384395,0.005858760464241531,-1.8984738405649937,-0.8250896995043187,-2.2321942577843776,0.19724521231272854,0.6290862018476514,0.3341907871954514,1.8824163500346
1476,sample_001476,0.8996762098440808,0.022571893428429177,0.1511172782823066,-0.04591376342660336,-1.6464320088873055,-0.8206858769338936,1.093234170918192,0.7779995915217786,0.21576781089408367,3.6057259342714647
1477,sample_001477,0.01,0.01,0.001,-2.0,-2.0,-3.0,0.033294060397573724,0.4827083010386962,0.03364276246871556,14.348057817415178
1478,sample_001478,0.01,0.01,0.001,-2.0,-2.0,-3.0,0.033294060397573724,0.34418858548177844,0.031143390827114113,11.051737666989053
1479,sample_001479,0.01,0.01,0.001,-2.0,-2.0,-3.0,0.033294060397573724,0.3660536272025304,0.04844551558993569,7.555985786196817
1480,sample_001480,0.01,0.01,0.001,-2.0,-2.0,-3.0,0.033294060397573724,0.22256084093094078,0.04892305283567022,4.549201818588674
1481,sample_001481,0.01,0.01,0.001,-2.0,-2.0,-3.0,0.033294060397573724,0.5313680334710881,0.0821069774022013,6.471655032046546
1482,sample_001482,0.01,0.01,0.001,-2.0,-2.0,-3.0,0.033294060397573724,0.5090119242849342,0.059599555766755866,8.540532185792848
1483,sample_001483,0.1,0.1,0.01,-1.0,-1.0,-2.0,0.3329406039757376,0.7819601725985994,0.423964896134399,1.844398391773252
1484,sample_001484,0.01,0.01,0.001,-2.0,-2.0,-3.0,0.033294060397573724,0.18061122424695708,0.019733741697784978,9.152406422104423
1485,sample_001485,0.1,0.1,0.01,-1.0,-1.0,-2.0,0.29855542819418585,2.528423044069233,0.2671354550831797,9.464947448783768
1486,sample_001486,0.01,0.01,0.001,-2.0,-2.0,-3.0,0.029855542819418553,0.6400864594437896,0.05672040161191686,11.284942300361084
1487,sample_001487,0.1,0.1,0.01,-1.0,-1.0,-2.0,0.29855542819418585,0.5559371188509479,0.06410451438652875,8.672355202612303
1488,sample_001488,0.06191656551650155,0.016502187072737737,0.04168078658824141,-1.2081931417728278,-1.7824584939268862,-1.3800640937462152,0.11318564242359755,5.552051678447298,5.120650448605908,1.0842473498574459
1489,sample_001489,0.01,0.01,0.001,-2.0,-2.0,-3.0,0.029855542819418553,0.5753969540827548,0.12560193750873622,4.5811152717507495
1490,sample_001490,0.01,0.01,0.001,-2.0,-2.0,-3.0,0.029855542819418553,0.11670501445735519,0.01746732961543991,6.68133120670008
1491,sample_001491,0.01,0.01,0.001,-2.0,-2.0,-3.0,0.029855542819418553,0.2796755411081796,0.06541805996809784,4.275203838887424
1492,sample_001492,0.0923600729959987,0.015237373370411266,0.08421080426453843,-1.034515732513773,-1.8170898905456796,-1.0746321848489258,0.14859854824856394,0.6681483151687879,0.056712382611424986,11.781347994964792
1493,sample_001493,5.849423980641509,0.019084555215609027,0.0002421625467172205,0.7671131012367525,-1.7193179572583772,-3.6158930247430097,6.061071673726359,0.8180699452212337,0.305970661546732,2.673687539471123
1494,sample_001494,0.01,0.01,0.001,-2.0,-2.0,-3.0,0.029855542819418553,0.509021776769426,0.059941819283006834,8.491930723125895
1495,sample_001495,0.01,0.01,0.001,-2.0,-2.0,-3.0,0.029855542819418553,0.48658917844576777,0.0372378727921642,13.067050880203839
1496,sample_001496,0.4373533801129788,0.05811436594676117,0.3533100369489021,-0.35916751265354474,-1.2357164961778047,-0.451844024807988,0.669180082836986,0.7575490182888915,0.07737185793839568,9.79101495652412
1497,sample_001497,0.01,0.01,0.001,-2.0,-2.0,-3.0,0.029855542819418553,0.5124971546705018,0.0633608262172811,8.088549112554388
1498,sample_001498,1.4260402837263129,0.052169368129999664,0.01930576386227897,0.1541317939260436,-1.2825844233756944,-1.7143130101699668,1.751144665996884,1.7801497812977072,0.22148845780211393,8.037212408098302
1499,sample_001499,6.616502986448277,0.005028163014332613,0.0031214727621213184,0.820628512858832,-2.2985906508195133,-2.5056404503569176,6.679820197185018,0.8378910782784745,0.3352726950854391,2.4991330655929223
1500,sample_001500,0.04091171198617316,0.06945445020427772,0.11295646304916437,-1.3881523466910286,-1.1582999221762975,-0.9470889149314328,0.14927298985247775,0.7656938025943096,0.03921595284029161,19.525059245981485
1501,sample_001501,0.20699455482797366,0.011240666148780236,0.007740294520718017,-0.6840410788873719,-1.949207950673829,-2.111242513956755,0.2612255990692054,0.4960939211937635,0.013542862787069385,36.631392416338294
1502,sample_001502,0.09975633497432912,0.007398224273807657,0.0015753749405220021,-1.001059515119569,-2.1308725073811607,-2.802616067130999,0.13177976787192922,0.7707484653182786,0.041945242077601586,18.37511067148786
1503,sample_001503,0.6026217753841212,0.033340466180280054,0.00567078186799726,-0.21995517940294906,-1.4770283319792865,-2.246357057941845,0.7624449025366911,0.7814895521224225,0.2530711836427073,3.0880226696444053
1504,sample_001504,0.01,0.01,0.001,-2.0,-2.0,-3.0,0.027940257601341716,0.5291688908272709,0.10222142211969391,5.176692711314976
1505,sample_001505,0.01,0.01,0.001,-2.0,-2.0,-3.0,0.027940257601341716,0.04334954430882885,0.03954352998615912,1.0962487244816508
1506,sample_001506,2.1520342065243434,0.1233762873711312,0.08283709251832212,0.3328491701480232,-0.908768302648455,-1.0817751527217085,2.7362379009509983,0.8163539469446202,0.23201427785518805,3.518550472372861
1507,sample_001507,0.1,0.1,0.01,-1.0,-1.0,-2.0,0.27940257601341717,0.7717513952959781,0.08862087067338792,8.708460991545284
1508,sample_001508,0.01,0.01,0.001,-2.0,-2.0,-3.0,0.027940257601341716,0.4027445719742412,0.10204681521693423,3.946664784374451
1509,sample_001509,0.10672479656613348,0.016144855410253945,0.015671422033736858,-0.9717346643552629,-1.7919658400745084,-1.8048915936153724,0.16098151376742442,0.5689573095787588,0.13415156798908479,4.241152884810499
1510,sample_001510,0.11327408100256238,0.007277870529202202,0.14249241552626546,-0.9458694525840894,-2.1379956746295843,-0.8462082513239055,0.14640053079229337,0.7364283051264868,0.010088133394425098,72.99946147950935
1511,sample_001511,0.2710826658034053,2.609171271280344,0.022764292061019376,-0.5668982521967747,0.4165025880042492,-1.6427458511222515,3.2452102588583567,1.4531762223219877,1.0851054012826398,1.339202828226892
1512,sample_001512,0.9779114619900303,0.0961887809920723,0.005897191262685595,-0.009700463525054381,-1.0168755790782846,-2.2293547865884937,1.3547026007626082,2.5812696607548222,2.0762084893041433,1.2432612977225395
1513,sample_001513,0.01,0.01,0.001,-2.0,-2.0,-3.0,0.027940257601341716,0.2276601312223554,0.06998022058945247,3.2532068247962727
1514,sample_001514,0.1,0.1,0.01,-1.0,-1.0,-2.0,0.27940257601341717,0.47462234966060707,0.1824857736270655,2.600873154257835
1515,sample_001515,0.1,0.1,0.01,-1.0,-1.0,-2.0,0.2768411799060083,0.24637047836016507,0.1921436239626372,1.2822204207414782
1516,sample_001516,0.01,0.01,0.001,-2.0,-2.0,-3.0,0.027684117990600783,0.541865703836502,0.09269552029779766,5.845651462936727
1517,sample_001517,3.3196524220579096,12.764086138515115,0.0005598910460004712,0.5210926141002608,1.1059897263703888,-3.2518964778589736,19.778359041185574,1.569680833683719,1.4321617923123948,1.0960220012218616
1518,sample_001518,0.01,0.01,0.001,-2.0,-2.0,-3.0,0.027684117990600783,0.5546110806994706,0.19869876041925358,2.79121560461295
1519,sample_001519,0.01,0.01,0.001,-2.0,-2.0,-3.0,0.027684117990600783,0.5406459049512476,0.09147030493794273,5.910616623810803
1520,sample_001520,0.01,0.01,0.001,-2.0,-2.0,-3.0,0.027684117990600783,0.630229655019517,0.18081691253144586,3.485457450833941
1521,sample_001521,0.01,0.01,0.001,-2.0,-2.0,-3.0,0.027684117990600783,0.2908426724845238,0.08878158364319812,3.275934721477637
1522,sample_001522,0.01,0.01,0.001,-2.0,-2.0,-3.0,0.027684117990600783,0.4701676108266989,0.021086465918478712,22.29712710723501
1523,sample_001523,0.1,0.1,0.01,-1.0,-1.0,-2.0,0.2768411799060083,1.29420562240885,1.0164485535949588,1.2732622992393707
1524,sample_001524,0.1,0.1,0.01,-1.0,-1.0,-2.0,0.2768411799060083,3.204894909020208,2.6076908585729854,1.229016429797983
1525,sample_001525,0.01,0.01,0.001,-2.0,-2.0,-3.0,0.027684117990600783,0.527926381811149,0.07885738452973104,6.6946980927589435
1526,sample_001526,0.01,0.01,0.001,-2.0,-2.0,-3.0,0.027684117990600783,0.5229632314395879,0.10486818458214352,4.986862636398072
1527,sample_001527,0.01,0.01,0.001,-2.0,-2.0,-3.0,0.027684117990600783,0.4765630752217901,0.02718404483295278,17.53098474308339
1528,sample_001528,0.1,0.1,0.01,-1.0,-1.0,-2.0,0.2768411799060083,0.3019569530284289,0.021276667787446323,14.191928738323854
1529,sample_001529,0.01,0.01,0.001,-2.0,-2.0,-3.0,0.027684117990600783,0.5873271687006751,0.13745136134696856,4.272981823861932
1530,sample_001530,0.39122353659867415,0.01696852171603598,0.0011593727353518607,-0.40757502528668343,-1.7703559914202835,-2.9357769170284405,0.4897811490027939,0.5283284335782121,0.06815511107729838,7.7518534593686805
1531,sample_001531,0.01,0.01,0.001,-2.0,-2.0,-3.0,0.029406862908159463,0.20145835932949563,0.01952613887096121,10.31736794769495
1532,sample_001532,0.01,0.01,0.001,-2.0,-2.0,-3.0,0.029406862908159463,0.47582960458471873,0.02669390018142953,17.82540585492055
1533,sample_001533,0.01,0.01,0.001,-2.0,-2.0,-3.0,0.029406862908159463,1.0110119088933864,0.17425522883995315,5.801902850341224
1534,sample_001534,0.1,0.1,0.01,-1.0,-1.0,-2.0,0.29406862908159437,0.7739534469849538,0.3182409993376591,2.431972777221505
1535,sample_001535,0.1,0.1,0.01,-1.0,-1.0,-2.0,0.29406862908159437,0.677138282572741,0.04202851203073761,16.111402708654424
1536,sample_001536,1.206260460652587,17.204231364326304,0.001077708628450283,0.08144109255619902,1.2356352743595354,-2.967498640040408,20.555262639915064,2.9883900489245816,1.5852602057877647,1.885110115054934
1537,sample_001537,3.174763649581467,0.05732799202726779,0.1594364489407812,0.5017113990757798,-1.2416332695762664,-0.7974123870534164,3.615895277831296,0.8019626047940918,0.3343308875658042,2.398709286578395
1538,sample_001538,0.01,0.01,0.001,-2.0,-2.0,-3.0,0.029406862908159463,0.2344713003968437,0.06663257454805874,3.5188689914379836
1539,sample_001539,1.32231376800894,0.008396408814122604,0.0010353104419842211,0.12133451985939114,-2.0759064241397533,-2.9849294057384324,1.4068344362579257,0.7804953799748776,0.2143462187697762,3.6412836412719174
1540,sample_001540,0.08641566381011354,0.0239190414091674,0.01574893873836574,-1.0634075296307461,-1.621256229326228,-1.8027487063569474,0.1579252111837237,0.3435339596165291,0.01711383093657345,20.07346928281108
1541,sample_001541,0.01,0.01,0.001,-2.0,-2.0,-3.0,0.029406862908159463,0.45897747990135984,0.08119178001741995,5.65300427953279
1542,sample_001542,0.1,0.1,0.01,-1.0,-1.0,-2.0,0.29406862908159437,0.9018782529296254,0.43284690753355937,2.083596387620492
1543,sample_001543,0.1,0.1,0.01,-1.0,-1.0,-2.0,0.29406862908159437,0.7934961174914293,0.07472523594514005,10.618850612582595
1544,sample_001544,0.01,0.01,0.001,-2.0,-2.0,-3.0,0.029406862908159463,0.42119330808862643,0.08167607459555276,5.156875011125477
1545,sample_001545,0.01,0.01,0.001,-2.0,-2.0,-3.0,0.03072568664660438,0.33264502706196564,0.09254274197319251,3.5945015240452376
1546,sample_001546,0.1,0.1,0.01,-1.0,-1.0,-2.0,0.30725686646604383,0.7659930796443555,0.042669657878335404,17.95170427258738
1547,sample_001547,0.01,0.01,0.001,-2.0,-2.0,-3.0,0.03072568664660438,0.4504989789854508,0.0013032072829594014,345.6848230332405
1548,sample_001548,0.01,0.01,0.001,-2.0,-2.0,-3.0,0.03072568664660438,0.06353852046132522,0.05958990910607089,1.0662630874000116
1549,sample_001549,0.0835273478616945,0.014316896004350738,0.015366578744771472,-1.078171307978999,-1.844151129675129,-1.8134228141957296,0.13865121011556888,0.8385508366584458,0.2980129522273787,2.8138066832029702
1550,sample_001550,0.01,0.01,0.001,-2.0,-2.0,-3.0,0.03072568664660438,0.6587260224082417,0.03396611428874771,19.393623209542824
1551,sample_001551,0.1,0.1,0.01,-1.0,-1.0,-2.0,0.30725686646604383,0.8515008389397414,0.12890262715131712,6.605767917671496
1552,sample_001552,0.1,0.1,0.01,-1.0,-1.0,-2.0,0.30725686646604383,0.7657115071196965,0.2592145334806583,2.9539682703664116
1553,sample_001553,0.1,0.1,0.01,-1.0,-1.0,-2.0,0.30725686646604383,0.6772996470415499,0.22265121041387093,3.0419760385877286
1554,sample_001554,0.9874775904922046,0.01943723270367008,0.08683084700145442,-0.005472751332902703,-1.7113655659053215,-1.061325962581332,1.14458452725722,0.6282223950982075,0.2479590715816645,2.533572944482108
1555,sample_001555,0.4106189417813273,0.007390054953122379,0.03878069323021718,-0.38656102057340114,-2.131352332139805,-1.411384431890446,0.47193192226089636,0.7632917597405482,0.2509781583656898,3.041267673294453
1556,sample_001556,0.1,0.1,0.01,-1.0,-1.0,-2.0,0.30725686646604383,0.8100436087150923,0.3038829804664324,2.6656432271124557
1557,sample_001557,0.01,0.01,0.001,-2.0,-2.0,-3.0,0.03072568664660438,0.48468062211748,0.03555359880012031,13.63239273870188
1558,sample_001558,0.01,0.01,0.001,-2.0,-2.0,-3.0,0.03072568664660438,0.06540609134570949,0.061942137691861646,1.0559224105419107
1559,sample_001559,0.01,0.01,0.001,-2.0,-2.0,-3.0,0.03072568664660438,0.39170083089145513,0.056798781203572,6.89628936732927
1560,sample_001560,0.021280808649896225,14.17574910963223,0.027005745530906157,-1.6720118732982696,1.151546018223386,-1.5685438289182665,14.235926098830234,7.272352292125162,1.3147561991424621,5.531331433819052
1561,sample_001561,0.01,0.01,0.001,-2.0,-2.0,-3.0,0.028739782497517057,0.4955835287521995,0.046489675174394486,10.66007725141423
1562,sample_001562,0.24708185942217054,0.02498422287758209,0.01514301342675506,-0.607159139025498,-1.6023341545354506,-1.8197876925778864,0.35017712840114124,0.7713095155705947,0.25808950249806534,2.9885350163607547
1563,sample_001563,0.1,0.1,0.01,-1.0,-1.0,-2.0,0.28739782497517063,0.5215681286211784,0.027478453614317333,18.980985463804313
1564,sample_001564,0.5343182296667148,0.13419839380376128,0.00507297998871966,-0.2722000084699028,-0.8722526821278151,-2.2947368508317716,0.9326553914467242,0.7425389143783223,0.030054152807498694,24.706699241678653
1565,sample_001565,0.01,0.01,0.001,-2.0,-2.0,-3.0,0.028739782497517057,0.17345567273265647,0.005834775573330958,29.727908220749963
1566,sample_001566,0.01,0.01,0.001,-2.0,-2.0,-3.0,0.028739782497517057,0.5194328516135147,0.07037575342738993,7.380849601126313
1567,sample_001567,0.6565618981825563,0.024120688149158822,0.0003229483860856396,-0.18272432399656502,-1.6176103061869767,-3.4908668814749184,0.7990322177833549,0.7571539683995134,0.07152778324875314,10.585452729135318
1568,sample_001568,2.664854258871454,13.421984788414916,0.022833862659494147,0.42567346240624016,1.1278167422800642,-1.641420615456454,19.75569280639004,2.006481498319383,1.6141188637461505,1.2430816239038383
1569,sample_001569,0.01,0.01,0.001,-2.0,-2.0,-3.0,0.028739782497517057,0.689078307792601,0.2400117559820555,2.87101898393727
1570,sample_001570,0.01,0.01,0.001,-2.0,-2.0,-3.0,0.028739782497517057,0.34043510936977683,0.08319288369527478,4.0921181505950495
1571,sample_001571,0.01,0.01,0.001,-2.0,-2.0,-3.0,0.028739782497517057,1.3921316955312728,1.2421853615906462,1.1207117219193574
1572,sample_001572,1.1713278473880535,0.1770647268304571,0.020351566537462517,0.06867846841456338,-0.7518679462556523,-1.6914021558544432,1.8025677833298408,0.9777496242315047,0.2204714771861096,4.434812324526422
1573,sample_001573,0.01,0.01,0.001,-2.0,-2.0,-3.0,0.028739782497517057,0.8839399909116117,0.3119611787315104,2.83349356001881
1574,sample_001574,0.1,0.1,0.01,-1.0,-1.0,-2.0,0.28739782497517063,0.5381848097348885,0.10145552577926334,5.304637727725313
1575,sample_001575,0.1,0.1,0.01,-1.0,-1.0,-2.0,0.2604170770803924,0.4960669693250216,0.06801615425098659,7.293369858790951
1576,sample_001576,3.139418531474712,0.15302909003186996,0.0012919034082477844,0.4968492175137964,-0.8152260042186832,-2.88876995602604,3.771406635830208,0.7915484327163971,0.3281581969339339,2.41209404522586
1577,sample_001577,0.1,0.1,0.01,-1.0,-1.0,-2.0,0.2604170770803924,0.9212351307709149,0.19598122287061503,4.700629566839195
1578,sample_001578,0.01,0.01,0.001,-2.0,-2.0,-3.0,0.026041707708039243,0.16047740772476687,0.009456721073572542,16.969667020552404
1579,sample_001579,0.1,0.1,0.01,-1.0,-1.0,-2.0,0.2604170770803924,0.5505769293303019,0.3433318316453431,1.6036291382939407
1580,sample_001580,0.1,0.1,0.01,-1.0,-1.0,-2.0,0.2604170770803924,0.59484453886801,0.11899691530368305,4.998823182516556
1581,sample_001581,0.1,0.1,0.01,-1.0,-1.0,-2.0,0.2604170770803924,0.5790106213324617,0.30858314371692075,1.8763520727613627
1582,sample_001582,0.1,0.1,0.01,-1.0,-1.0,-2.0,0.2604170770803924,0.554406957197983,0.023425371022030437,23.666944556677027
1583,sample_001583,0.1,0.1,0.01,-1.0,-1.0,-2.0,0.2604170770803924,0.6792978700604515,0.10696265696588543,6.350794654223166
1584,sample_001584,0.01,0.01,0.001,-2.0,-2.0,-3.0,0.026041707708039243,0.4801673321956906,0.03086802469868676,15.555492678354591
1585,sample_001585,0.19802514663351514,0.07849570733066942,0.0003454432405060051,-0.7032796564519588,-1.1051540927270747,-3.461623300996193,0.36180216901480133,0.7712736754571969,0.29493735083566053,2.6150423921280543
1586,sample_001586,0.890403610631765,0.17745162694074648,0.04427825270754557,-0.050413087583644156,-0.750920014529127,-1.3538095254275415,1.3516803962278576,2.780890255595727,2.2744561388518623,1.2226616324197446
1587,sample_001587,0.01,0.01,0.001,-2.0,-2.0,-3.0,0.026041707708039243,0.4179167838113514,0.06155313313661572,6.789529021760679
1588,sample_001588,0.01,0.01,0.001,-2.0,-2.0,-3.0,0.026041707708039243,0.6193418522779552,0.3764449593107384,1.6452387977566632
1589,sample_001589,0.1,0.1,0.01,-1.0,-1.0,-2.0,0.2604170770803924,0.6794673055699307,0.33394162414757567,2.0346888690631157
1590,sample_001590,0.1,0.1,0.01,-1.0,-1.0,-2.0,0.3077180536857342,0.6739515842359958,0.31788332671971964,2.120122471318618
1591,sample_001591,0.01,0.01,0.001,-2.0,-2.0,-3.0,0.03077180536857345,0.3033125150545831,0.004060826260609831,74.69231520607667
1592,sample_001592,0.01,0.01,0.001,-2.0,-2.0,-3.0,0.03077180536857345,0.19223661188889635,0.06173310742164306,3.113995389473946
1593,sample_001593,4.52369519058922,0.17107870234074066,0.007648613561643061,0.6554933342054827,-0.7668040525956865,-2.116417280806772,5.62624724332731,0.37164220097102335,0.14487836326956843,2.565201542755739
1594,sample_001594,2.7797341074158326,0.14124320570128973,0.000210704103216024,0.444003255916364,-0.8500324341096377,-3.6763270069323557,3.6068445891566867,0.8480593201909479,0.22819989229857976,3.716300264863122
1595,sample_001595,0.1,0.1,0.01,-1.0,-1.0,-2.0,0.3077180536857342,0.7572441070664993,0.037877532090152585,19.991907214656358
1596,sample_001596,0.1,0.1,0.01,-1.0,-1.0,-2.0,0.3077180536857342,0.7864406402764121,0.28004938882660785,2.808221234017174
1597,sample_001597,1.772979095590766,0.1821916952963156,0.0010163593341151402,0.24870361505771488,-0.7394714230226427,-2.99295271997223,2.6105005811012716,0.6998261451782497,0.1998250018523559,3.5021951141795964
1598,sample_001598,0.01,0.01,0.001,-2.0,-2.0,-3.0,0.03077180536857345,0.08706024389711042,0.03537889130671282,2.460796273754106
1599,sample_001599,7.841040443346452,0.004241256617158914,0.007507513305176636,0.8943736939119571,-2.3725054497651317,-2.124503889450703,7.895109226441147,0.7683214944830553,0.2318028054531658,3.3145478674471414
1600,sample_001600,0.01,0.01,0.001,-2.0,-2.0,-3.0,0.03077180536857345,0.18701692216813948,0.03246872339424088,5.759909926157167
1601,sample_001601,0.01,0.01,0.001,-2.0,-2.0,-3.0,0.03077180536857345,0.6991470455200243,0.21103524375224741,3.312939739775474
1602,sample_001602,0.22017598648980652,0.06524788414585117,0.0010930000812547215,-0.6572300491411234,-1.1854335670345897,-2.961379805764409,0.42541527980872923,0.658079698615386,0.014475329531121522,45.46215664386323
1603,sample_001603,1.90767355159102,0.03726418885668931,0.44207536372812695,0.2805040585900507,-1.4287083277786357,-0.35450368707344104,2.2001163531391787,13.417346817912547,12.964973316705631,1.0348919731769926
1604,sample_001604,0.01,0.01,0.001,-2.0,-2.0,-3.0,0.03077180536857345,0.5030407621152684,0.05400601729600843,9.314531737418971
1605,sample_001605,0.01,0.01,0.001,-2.0,-2.0,-3.0,0.03221341472764261,0.5428405530687526,0.1687201628689275,3.2174017843407694
1606,sample_001606,4.1371743448656915,0.03784950727677447,0.028756157667664,0.6167038229060751,-1.4219397697536253,-1.5412691438527988,4.5344355009566035,0.7643141120490817,0.1716913275115431,4.4516757085339425
1607,sample_001607,0.01,0.01,0.001,-2.0,-2.0,-3.0,0.03221341472764261,0.04965815270426377,0.02207703754853404,2.2493123271224937
1608,sample_001608,0.01,0.01,0.001,-2.0,-2.0,-3.0,0.03221341472764261,0.23327585154785502,0.0705840032038144,3.304939376621368
1609,sample_001609,0.1,0.1,0.01,-1.0,-1.0,-2.0,0.322134147276426,0.7397284127750834,0.017553634688621228,42.141039499619794
1610,sample_001610,0.01,0.01,0.001,-2.0,-2.0,-3.0,0.03221341472764261,0.18666205240595168,0.008241572308402943,22.64883998113258
1611,sample_001611,0.01,0.01,0.001,-2.0,-2.0,-3.0,0.03221341472764261,0.125565468076151,0.0608408566277017,2.0638346505295466
1612,sample_001612,0.1,0.1,0.01,-1.0,-1.0,-2.0,0.322134147276426,0.760875786445331,0.03658286763720061,20.79869172616766
1613,sample_001613,0.1,0.1,0.01,-1.0,-1.0,-2.0,0.322134147276426,0.31591205619046736,0.2655807016667139,1.1895143517879396
1614,sample_001614,0.1,0.1,0.01,-1.0,-1.0,-2.0,0.322134147276426,0.6182573190523744,0.08897541046427457,6.948631265945294
1615,sample_001615,0.1,0.1,0.01,-1.0,-1.0,-2.0,0.322134147276426,0.620869836048225,0.028911485846363882,21.47485049186118
1616,sample_001616,0.9594686776556047,0.20054757491921582,0.10857533844976873,-0.017969198461984526,-0.6977825852683255,-0.9642688081859694,1.7358892050879726,0.7690652046222439,0.2203919421282702,3.4895341326709697
1617,sample_001617,0.01,0.01,0.001,-2.0,-2.0,-3.0,0.03221341472764261,0.4714880675956149,0.14621522613145943,3.2246167521001445
1618,sample_001618,0.01,0.01,0.001,-2.0,-2.0,-3.0,0.03221341472764261,0.4926625612201514,0.04399215521986457,11.19887304356688
1619,sample_001619,0.48523566608601576,0.002598503317720364,0.1783526882283908,-0.3140472848560183,-2.585276724341708,-0.7487203403544598,0.5158846336353303,0.5916534823552791,0.3300560226697355,1.7925850210808192
1620,sample_001620,0.1,0.1,0.01,-1.0,-1.0,-2.0,0.27497730209466986,0.7380255105313055,0.015097470572157278,48.88405027875136
1621,sample_001621,0.01,0.01,0.001,-2.0,-2.0,-3.0,0.02749773020946697,0.10550988214094446,0.027172006734783396,3.8830360661540424
1622,sample_001622,8.401290674395073,0.00462401827503264,0.06073049973522491,0.9243460110272048,-2.3349804581666476,-1.2165931451682708,8.43928622268273,0.7548559038797368,0.287216312746915,2.6281790775055645
1623,sample_001623,0.01,0.01,0.001,-2.0,-2.0,-3.0,0.02749773020946697,0.6544542484072406,0.2053603262831967,3.186858242057587
1624,sample_001624,4.70203658138209,0.06923461895761666,0.015001452481222461,0.6722860035704139,-1.1596766936537772,-1.8238666893415925,5.120066547222632,0.8032372028025117,0.2331207680263921,3.445584061869492
1625,sample_001625,0.1,0.1,0.01,-1.0,-1.0,-2.0,0.27497730209466986,0.7513756833956731,0.4008743695419533,1.874342039512801
1626,sample_001626,0.1,0.1,0.01,-1.0,-1.0,-2.0,0.27497730209466986,0.1649530177680667,0.12362173991134787,1.3343366456932129
1627,sample_001627,0.1,0.1,0.01,-1.0,-1.0,-2.0,0.27497730209466986,0.7666111471940509,0.26004804338654586,2.9479596816444
1628,sample_001628,1.774410829098954,0.02330342732631474,0.0011817162994768372,0.24905417928049545,-1.6325802008862844,-2.927486774182604,1.9184217788968132,0.8296267982276084,0.2764532123609249,3.000966388281591
1629,sample_001629,0.007763716070755432,0.1726137347507562,0.037370710734881005,-2.1099303557101203,-0.7629246507462728,-1.427468642441995,0.19146569475683545,0.6163581555024462,0.3217808563816715,1.9154593670773565
1630,sample_001630,0.1,0.1,0.01,-1.0,-1.0,-2.0,0.27497730209466986,0.45795389570886935,0.021075945500018255,21.72874738684785
1631,sample_001631,0.01,0.01,0.001,-2.0,-2.0,-3.0,0.02749773020946697,0.08712129897861255,0.055082696575674876,1.5816454965838813
1632,sample_001632,0.4124780037530685,0.20559027738953828,0.002301940430111786,-0.3845992061525365,-0.6869974274973583,-2.637905919285063,0.8534339041265943,0.7544443539647694,0.2507996541936666,3.0081554792822405
1633,sample_001633,2.4565551730064916,0.029311715347597335,0.030202235944900093,0.39032652261828105,-1.5329587655193397,-1.5199609039770827,2.641125705080609,0.49126026341616796,0.22949055414256608,2.140655702591502
1634,sample_001634,0.702099080747512,0.14026880148640467,0.024523543573311577,-0.1536015955831065,-0.8530389137827958,-1.6104167754610001,1.104653898448999,0.6137208861285828,0.25301992993260153,2.4255831795229073
1635,sample_001635,0.1199609453551173,0.009000049466558033,0.02224100818057383,-0.920960120430907,-2.0457551035613246,-1.6528455301594018,0.1589049451782742,1.2013437872306387,0.26432284481643376,4.54498659798
1636,sample_001636,0.1,0.1,0.01,-1.0,-1.0,-2.0,0.2855428159243368,0.8088439621557224,0.1962561361677797,4.121369033089699
1637,sample_001637,5.936656962972505,0.1821771762659012,0.002095236859941167,0.7735419548731253,-0.7395060337442878,-2.6787668742963398,6.972265694761812,0.750807607791306,0.12267437578328055,6.120329555356372
1638,sample_001638,0.01,0.01,0.001,-2.0,-2.0,-3.0,0.02855428159243368,0.42523619645815147,0.06518988531399061,6.523039493166436
1639,sample_001639,0.1,0.1,0.01,-1.0,-1.0,-2.0,0.2855428159243368,0.7196033678730358,0.27064455692078654,2.658850324056776
1640,sample_001640,0.01,0.01,0.001,-2.0,-2.0,-3.0,0.02855428159243368,0.3973000078972327,0.09534840563839925,4.1668238208823265
1641,sample_001641,4.847487528372698,0.03728814402643903,0.01591245962569014,0.6855167003983169,-1.428429232598349,-1.7982626852620731,5.138915282890877,0.7917801972610805,0.1512035573083814,5.236518315810756
1642,sample_001642,0.6369045449969268,0.12564500080199145,0.006976160897333127,-0.19592565194642741,-0.9008547865564918,-2.156383511444453,1.0303656696723313,0.8429024127457367,0.5109599798254516,1.6496446806532277
1643,sample_001643,0.01,0.01,0.001,-2.0,-2.0,-3.0,0.02855428159243368,0.4043558427524679,0.07817476261517273,5.172460129402268
1644,sample_001644,0.01,0.01,0.001,-2.0,-2.0,-3.0,0.02855428159243368,0.944568787117366,0.13256419714523926,7.125368745548112
1645,sample_001645,0.1,0.1,0.01,-1.0,-1.0,-2.0,0.2855428159243368,0.6534498509385775,0.38453499289821,1.6993248027015107
1646,sample_001646,0.01,0.01,0.001,-2.0,-2.0,-3.0,0.02855428159243368,0.5033633363512852,0.08531095493061144,5.900336442848412
1647,sample_001647,0.01,0.01,0.001,-2.0,-2.0,-3.0,0.02855428159243368,1.1780849182393007,0.7290510103620649,1.6159156238659274
1648,sample_001648,0.01,0.01,0.001,-2.0,-2.0,-3.0,0.02855428159243368,0.35853286328147094,0.020083004287285124,17.852551249439504
1649,sample_001649,0.01,0.01,0.001,-2.0,-2.0,-3.0,0.02855428159243368,0.12092331415506631,0.1031024303153098,1.172846399306557
1650,sample_001650,1.1701781388684687,0.11254292793436348,0.08549141022163298,0.0682519804116195,-0.948681790362083,-1.0680775189648166,1.6680537091856091,0.7397308666431914,0.24320451307426572,3.0416000809051797
1651,sample_001651,0.01,0.01,0.001,-2.0,-2.0,-3.0,0.03028367215146812,0.5349935311285163,0.015827402470884704,33.80172660123249
1652,sample_001652,0.01,0.01,0.001,-2.0,-2.0,-3.0,0.03028367215146812,0.10240646580861863,0.058872348963227045,1.7394662793662938
1653,sample_001653,0.01,0.01,0.001,-2.0,-2.0,-3.0,0.03028367215146812,0.04452473927039112,0.03923750132791729,1.1347496085004778
1654,sample_001654,0.01,0.01,0.001,-2.0,-2.0,-3.0,0.03028367215146812,0.45079343497373053,0.023867000602739413,18.887728813397242
1655,sample_001655,0.1,0.1,0.01,-1.0,-1.0,-2.0,0.3028367215146812,0.5080215261570168,0.3005507950936062,1.690301720874816
1656,sample_001656,0.1,0.1,0.01,-1.0,-1.0,-2.0,0.3028367215146812,0.8101168901845937,0.2633742716116898,3.0759150665217705
1657,sample_001657,0.1,0.1,0.01,-1.0,-1.0,-2.0,0.3028367215146812,0.6829383570794045,0.11523972519279152,5.926240764084395
1658,sample_001658,0.13557461375263366,0.14546364796596845,0.0006982874070760225,-0.8678216241806416,-0.8372455253055957,-3.155965789960571,0.4243116898174817,0.8719504351969531,0.7830243875441135,1.1135674048821753
1659,sample_001659,0.0010000000218874487,1.6613052236062182,0.0001000031116428539,-2.999999990494402,0.22044943061524663,-3.9999864865170336,1.6647267193879995,21.45746225832707,21.45746225832707,1.0
1660,sample_001660,1.8037365609811826,0.07068431225405376,0.0020138781909308985,0.2561731083352541,-1.1506769632539529,-2.695966801213572,2.2159834938971463,0.660844355605984,0.216003241266845,3.0594187000629005
1661,sample_001661,0.01,0.01,0.001,-2.0,-2.0,-3.0,0.03028367215146812,0.4527098890066624,0.0035637897076057578,127.0304720956176
1662,sample_001662,0.1,0.1,0.01,-1.0,-1.0,-2.0,0.3028367215146812,0.7835298150811261,0.06657971941991087,11.76829553965962
1663,sample_001663,0.01,0.01,0.001,-2.0,-2.0,-3.0,0.03028367215146812,0.08262647653971361,0.061816648361960325,1.3366379240735233
1664,sample_001664,0.01,0.01,0.001,-2.0,-2.0,-3.0,0.03028367215146812,0.4649656784408041,0.16571808378884212,2.805763063452164
1665,sample_001665,0.01,0.01,0.001,-2.0,-2.0,-3.0,0.030534800394661075,0.7408644274725964,0.04811663879143252,15.397260616726872
1666,sample_001666,0.01,0.01,0.001,-2.0,-2.0,-3.0,0.030534800394661075,0.8350021849051492,0.38584775024835155,2.1640716691174138
1667,sample_001667,0.01,0.01,0.001,-2.0,-2.0,-3.0,0.030534800394661075,0.18166560397200776,0.1052526419204829,1.7259956677311143
1668,sample_001668,0.01,0.01,0.001,-2.0,-2.0,-3.0,0.030534800394661075,0.3437353942931231,0.04707727219811704,7.301514685187549
1669,sample_001669,0.01,0.01,0.001,-2.0,-2.0,-3.0,0.030534800394661075,0.6219458506476034,0.06360866490846669,9.777690689508857
1670,sample_001670,0.1,0.1,0.01,-1.0,-1.0,-2.0,0.305348003946611,0.801898542359931,0.2442129101308633,3.28360422031017
1671,sample_001671,0.1,0.1,0.01,-1.0,-1.0,-2.0,0.305348003946611,0.5177170766969983,0.03286912273701512,15.750863837749407
1672,sample_001672,0.34773787511995635,0.06366750483192067,0.03424271074308371,-0.45874800399673177,-1.1960821700664583,-1.4654318627400844,0.5809132161439119,0.9067048779240678,0.18321095948359975,4.948966374499186
1673,sample_001673,0.02439662718799646,0.17299106122691166,0.002272087031703429,-1.6126702103370976,-0.7619763371031247,-2.643575037105107,0.2434977720149485,0.7146382026112719,0.4197690688358125,1.7024556015841028
1674,sample_001674,0.1,0.1,0.01,-1.0,-1.0,-2.0,0.305348003946611,0.7371004039223914,0.06765229432102313,10.89542359679198
1675,sample_001675,0.01,0.01,0.001,-2.0,-2.0,-3.0,0.030534800394661075,0.5201609784439933,0.07093610826790168,7.33280963877411
1676,sample_001676,0.1,0.1,0.01,-1.0,-1.0,-2.0,0.305348003946611,0.6083126798553407,0.03404623856485826,17.867250700734587
1677,sample_001677,0.5304352166942686,0.0021430847477351537,0.0001067624858806024,-0.27536764993460583,-2.668960654555003,-3.971581322561007,0.5524633423408106,0.7610926372768174,0.23952791479973493,3.177469473289381
1678,sample_001678,0.01,0.01,0.001,-2.0,-2.0,-3.0,0.030534800394661075,0.49237252747759885,0.0433170205935962,11.366721919706293
1679,sample_001679,0.02569730669322007,13.449125823357736,0.2612426257562189,-1.5901123922160725,1.1286940566484587,-0.5829559597845551,13.541411058937932,2.0033373677719224,1.9821387945741573,1.0106947975872291
1680,sample_001680,0.1,0.1,0.01,-1.0,-1.0,-2.0,0.3216013624366763,0.6314042943856911,0.2751021780693213,2.295162833013221
1681,sample_001681,0.05932530546361348,0.044233507517455174,0.0015845466066451174,-1.226760016940034,-1.3542486216731469,-2.800094982279225,0.1674813665236175,0.7922621560688881,0.396282254923011,1.9992370241831983
1682,sample_001682,0.1,0.1,0.01,-1.0,-1.0,-2.0,0.3216013624366763,0.7948858852053916,0.2890050064621471,2.7504225443565216
1683,sample_001683,0.42806838513336193,0.013001736634161728,0.0011362001743004503,-0.3684868456745276,-1.8859986353653517,-2.9445451484351746,0.5254446023318147,3.1892047606575638,2.6746864626461706,1.192365836219308
1684,sample_001684,0.10758668063011852,0.01294211255582469,0.02984761248901408,-0.9682414915589721,-1.887994827496271,-1.525090402367634,0.16850801715258285,0.7741854329114479,0.18703907824357774,4.139164072992489
1685,sample_001685,2.2741043909248173,0.008503147355787059,0.000576730140014793,0.35681039674662696,-2.070420294726733,-3.2390273516928487,2.37586112217251,0.765309359004824,0.17786657880745718,4.302715912882549
1686,sample_001686,0.01,0.01,0.001,-2.0,-2.0,-3.0,0.03216013624366763,0.053018911059387705,0.045479970827947004,1.1657639636569004
1687,sample_001687,0.01,0.01,0.001,-2.0,-2.0,-3.0,0.03216013624366763,0.5129833995872923,0.06403722339991831,8.010706466513454
1688,sample_001688,0.1,0.1,0.01,-1.0,-1.0,-2.0,0.3216013624366763,0.6767825982514192,0.10159045768486241,6.661871731603232
1689,sample_001689,0.01,0.01,0.001,-2.0,-2.0,-3.0,0.03216013624366763,0.46549802583757965,0.01637272301296687,28.43131380582903
1690,sample_001690,0.6529124104128563,0.11051311745148042,0.02356683420176366,-0.18514507634484367,-0.9565861699545657,-1.6276987535404634,1.112581208239712,0.834746856042049,0.27923121477670926,2.9894467805455234
1691,sample_001691,0.1,0.1,0.01,-1.0,-1.0,-2.0,0.3216013624366763,0.7438152368794282,0.02006025827017432,37.079045885731986
1692,sample_001692,0.1,0.1,0.01,-1.0,-1.0,-2.0,0.3216013624366763,0.7535371008415847,0.019375319965409133,38.891595193621505
1693,sample_001693,0.01,0.01,0.001,-2.0,-2.0,-3.0,0.03216013624366763,0.1578627931606802,0.04387156457680414,3.598294127037943
1694,sample_001694,0.01,0.01,0.001,-2.0,-2.0,-3.0,0.03216013624366763,0.4814307629174062,0.03242465418687731,14.847676096796976
1695,sample_001695,0.012667779575806759,0.17610308064735,0.06417381807785617,-1.8972995021239067,-0.7542330466650773,-1.1926421212072311,0.22353986023521208,0.6920756282347198,0.22710068885332665,3.0474395816636997
1696,sample_001696,0.1,0.1,0.01,-1.0,-1.0,-2.0,0.32539692584305846,0.8086003587375488,0.06300801797888428,12.833293042300316
1697,sample_001697,0.01,0.01,0.001,-2.0,-2.0,-3.0,0.032539692584305835,0.28513422853553005,0.048812792060774074,5.8413833033874685
1698,sample_001698,0.1,0.1,0.01,-1.0,-1.0,-2.0,0.32539692584305846,0.7527606265201542,0.03500315394358607,21.505508553125367
1699,sample_001699,0.01,0.01,0.001,-2.0,-2.0,-3.0,0.032539692584305835,0.46439994867863,0.015004531991497677,30.950645374463022
1700,sample_001700,0.1,0.1,0.01,-1.0,-1.0,-2.0,0.32539692584305846,0.7548329198334482,0.2482522167353691,3.0405888404939483
1701,sample_001701,0.01,0.01,0.001,-2.0,-2.0,-3.0,0.032539692584305835,0.3822446378335858,0.07503900035485418,5.093946294939667
1702,sample_001702,0.1,0.1,0.01,-1.0,-1.0,-2.0,0.32539692584305846,1.5891031977532664,0.15620709390210744,10.173053976339466
1703,sample_001703,0.1,0.1,0.01,-1.0,-1.0,-2.0,0.32539692584305846,0.5071905134846416,0.04903819766480481,10.342764164202903
1704,sample_001704,0.01,0.01,0.001,-2.0,-2.0,-3.0,0.032539692584305835,1.0155673094255908,0.2691364270428691,3.7734294111879074
1705,sample_001705,0.01,0.01,0.001,-2.0,-2.0,-3.0,0.032539692584305835,0.5718225620446289,0.01133151161707166,50.463043358058336
1706,sample_001706,0.1,0.1,0.01,-1.0,-1.0,-2.0,0.32539692584305846,0.46645331605072093,0.03254716011104871,14.331613402189738
1707,sample_001707,0.00047335584580860627,10.116719887819182,2.180321719165202,-3.3248122551014934,1.0050397253959362,0.3385205810125633,10.1755872767732,7.224699285254966,2.0998497518383337,3.4405791552133826
1708,sample_001708,2.8672796167544865,0.135739241603277,0.3704886750737659,0.45747004735601227,-0.8672945816100892,-0.431225062794347,3.7581517777550033,0.5605013386548479,0.1924836259594677,2.9119429554640437
1709,sample_001709,2.2440464610808806,0.00701674181235872,0.03487397792547297,0.351031844376533,-2.153864503452777,-1.4574985116848458,2.3281550765837586,6.379297801660654,5.9400207767251345,1.0739521024331673
1710,sample_001710,6.914602406264405,0.07675680698461317,0.033576708596974175,0.8397672129732099,-1.114883099827729,-1.4739618784252144,7.4160729122339735,0.8250412184123592,0.2995043523550799,2.754688577727995
1711,sample_001711,0.01,0.01,0.001,-2.0,-2.0,-3.0,0.026123443624776956,0.47624970805506095,0.026979913809234216,17.65200998870717
1712,sample_001712,0.33960816476189803,0.021862494326497766,0.30325356904400336,-0.46902187711944787,-1.6603002902163446,-0.5181940791440107,0.4240102294405891,0.6078313998282926,0.042730189829677835,14.224870103575558
1713,sample_001713,0.01,0.01,0.001,-2.0,-2.0,-3.0,0.026123443624776956,0.47200637986778105,0.1723901617930009,2.738012279578617
1714,sample_001714,3.0818174458679777,0.009396344760537153,0.0006476155476529615,0.48880690933362825,-2.0270410569378536,-3.1886827334535086,3.1606098751209726,0.8006945242232011,0.2775331686694545,2.885040833360132
1715,sample_001715,1.0643926600826452,0.015101093553006364,0.0031149792213075226,0.027101871049779902,-1.8209916019227252,-2.506544845987663,1.1570444946393919,0.8472765976692729,0.33698401550907203,2.514293137581961
1716,sample_001716,0.01,0.01,0.001,-2.0,-2.0,-3.0,0.026123443624776956,0.5341366769673896,0.08507318665216666,6.2785549476509015
1717,sample_001717,0.1,0.1,0.01,-1.0,-1.0,-2.0,0.26123443624776954,0.3433444407130357,0.050629364231043236,6.781527793756398
1718,sample_001718,0.01,0.01,0.001,-2.0,-2.0,-3.0,0.026123443624776956,0.40507051713383485,0.09783571260708011,4.140313453438484
1719,sample_001719,1.4338957010647237,0.10533275676228329,0.025263339143451153,0.1565175626989994,-0.9774365493383863,-1.5975092477738082,1.8228990199985735,0.7941661725893343,0.2379313909410917,3.337794855265475
1720,sample_001720,0.1,0.1,0.01,-1.0,-1.0,-2.0,0.26123443624776954,0.6324618571703811,0.052231066530167736,12.108920977232627
1721,sample_001721,0.1,0.1,0.01,-1.0,-1.0,-2.0,0.26123443624776954,0.8970286928971696,0.06115194505048037,14.668849734161041
1722,sample_001722,0.01,0.01,0.001,-2.0,-2.0,-3.0,0.026123443624776956,0.3694259657198456,0.0693833101887922,5.324421171527223
1723,sample_001723,0.1,0.1,0.01,-1.0,-1.0,-2.0,0.26123443624776954,0.7670589580003428,0.04318762814663738,17.761080914096613
1724,sample_001724,0.0010000000074854116,46.47687553871344,0.00010000236523855974,-2.999999996749127,1.667236924418732,-3.999989728020929,46.47895483740671,2.2556604401096316,2.2556604401096316,1.0
1725,sample_001725,0.029651234714005447,0.018625808807078235,0.0809238947758548,-1.5279572173649965,-1.7298848593676253,-1.0919232232942528,0.0788003998169289,0.8356942950460535,0.32120685416910216,2.6017324481067736
1726,sample_001726,0.14927448023846318,0.01586488948470578,0.0214950220785577,-0.8260144323214318,-1.7995629488613702,-1.6676621044622637,0.22664942838669666,0.5820989379402344,0.08326612952852043,6.9908249757286125
1727,sample_001727,5.989356006931898,0.15028206716069553,0.0003108130890831784,0.7773801282872297,-0.8230928397577824,-3.507500700305803,7.119383676581642,0.6570565509584041,0.2325277611466516,2.825712283635711
1728,sample_001728,0.01,0.01,0.001,-2.0,-2.0,-3.0,0.03254392454875535,0.2834328006144655,0.04477963389155466,6.329502409529979
1729,sample_001729,0.01,0.01,0.001,-2.0,-2.0,-3.0,0.03254392454875535,0.3194264961974448,0.08619276137339539,3.7059550141764026
1730,sample_001730,0.18216242586699646,0.05803343865594672,0.020811495115691525,-0.7395411988310157,-1.2363216954175815,-1.6816967185788485,0.37564447321124683,0.6644443975369442,0.04258128218992345,15.604142556660262
1731,sample_001731,0.01,0.01,0.001,-2.0,-2.0,-3.0,0.03254392454875535,0.47376878156746144,0.0245122863280964,19.327808725227708
1732,sample_001732,0.01,0.01,0.001,-2.0,-2.0,-3.0,0.03254392454875535,0.3261332892444859,0.016232384076222402,20.091521227754463
1733,sample_001733,3.458055501963257,0.006577362977693588,0.01099937504222007,0.5388319594419348,-2.181948190547682,-1.958631989698656,3.530576469906219,0.7729846386921737,0.17414233339363672,4.438809470554729
1734,sample_001734,0.1,0.1,0.01,-1.0,-1.0,-2.0,0.32543924548755354,0.6053086397545324,0.02537634945087427,23.853259150861756
1735,sample_001735,0.01,0.01,0.001,-2.0,-2.0,-3.0,0.03254392454875535,1.1515978631690287,0.3011386423586598,3.824145098580413
1736,sample_001736,0.01,0.01,0.001,-2.0,-2.0,-3.0,0.03254392454875535,0.4818967770340078,0.032360222555084556,14.891639765879496
1737,sample_001737,1.0,1.0,0.1,0.0,0.0,-1.0,3.254392454875534,4.051111716723505,3.103337192553486,1.3054049448587868
1738,sample_001738,0.1,0.1,0.01,-1.0,-1.0,-2.0,0.32543924548755354,0.7776581455945188,0.05372096726939828,14.475877578576393
1739,sample_001739,0.01,0.01,0.001,-2.0,-2.0,-3.0,0.03254392454875535,0.3465172029640826,0.046670724661151936,7.42472300312317
1740,sample_001740,0.14830098957570798,0.024149742776855877,0.0027554564292773583,-0.8288559510226259,-1.6170874906344994,-2.559806451876406,0.21690030401283866,0.9683798100915901,0.24508599452253632,3.9511837956229887
1741,sample_001741,0.1,0.1,0.01,-1.0,-1.0,-2.0,0.26114837577654737,1.399969466085422,0.08093403122343705,17.29766137832037
1742,sample_001742,0.01,0.01,0.001,-2.0,-2.0,-3.0,0.02611483757765473,0.22674140777076174,0.07222894553350694,3.139204180484355
1743,sample_001743,0.1,0.1,0.01,-1.0,-1.0,-2.0,0.26114837577654737,1.1601154215516227,0.024651542968017467,47.0605601871144
1744,sample_001744,0.01,0.01,0.001,-2.0,-2.0,-3.0,0.02611483757765473,0.48295945852682,0.03391148916382947,14.241764972148502
1745,sample_001745,0.01,0.01,0.001,-2.0,-2.0,-3.0,0.02611483757765473,0.8423161745379293,0.3932821215764607,2.141760655586193
1746,sample_001746,7.30280106691301,0.05713027010187279,0.0012330273725929845,0.8634894703362779,-1.2431337226666415,-2.9090272821762584,7.7343142603460056,0.8373469630900444,0.31740894009739273,2.6380698755148977
1747,sample_001747,0.01,0.01,0.001,-2.0,-2.0,-3.0,0.02611483757765473,0.5078310877941511,0.05871854778725562,8.648563476639177
1748,sample_001748,0.6251500789185559,0.044863779170490045,0.07802184163234356,-0.20401570966088034,-1.3481041457383283,-1.1077838027896076,0.7949110364785559,0.7059783178078151,0.08480755912491292,8.324473963081294
1749,sample_001749,0.01,0.01,0.001,-2.0,-2.0,-3.0,0.02611483757765473,0.5506899157847482,0.022925583054292705,24.02075944941493
1750,sample_001750,0.01,0.01,0.001,-2.0,-2.0,-3.0,0.02611483757765473,0.14840180379886697,0.08898575280213367,1.6677029650898076
1751,sample_001751,0.01,0.01,0.001,-2.0,-2.0,-3.0,0.02611483757765473,0.21550459071159678,0.0418059491010654,5.154878560240719
1752,sample_001752,0.1,0.1,0.01,-1.0,-1.0,-2.0,0.26114837577654737,0.6736087498360817,0.11805805937715041,5.705741339387589
1753,sample_001753,0.01,0.01,0.001,-2.0,-2.0,-3.0,0.02611483757765473,0.17113808419974977,0.012605532727554275,13.576426153387487
1754,sample_001754,0.1,0.1,0.01,-1.0,-1.0,-2.0,0.26114837577654737,0.8489076464057685,0.3424580995755207,2.478865728268643
1755,sample_001755,3.0175285544378405,0.012064622489820613,0.08274142293246803,0.4796513884549256,-1.9184862629100072,-1.0822770146659693,3.094767780245799,0.8846661853648673,0.20654041515689603,4.2832594516324605
1756,sample_001756,0.1,0.1,0.01,-1.0,-1.0,-2.0,0.25967187912342293,1.4693115479141814,0.057289463411221264,25.647151507905168
1757,sample_001757,0.1,0.1,0.01,-1.0,-1.0,-2.0,0.25967187912342293,0.6506507902301414,0.06963793485198792,9.343338391827217
1758,sample_001758,0.1,0.1,0.01,-1.0,-1.0,-2.0,0.25967187912342293,0.7917421357237528,0.0703273480190659,11.257955233988204
1759,sample_001759,0.01,0.01,0.001,-2.0,-2.0,-3.0,0.025967187912342277,0.1259326686142521,0.037304381861960015,3.3758143769879223
1760,sample_001760,0.01,0.01,0.001,-2.0,-2.0,-3.0,0.025967187912342277,0.35820377535234693,0.07077951730691677,5.06083947703529
1761,sample_001761,0.01,0.01,0.001,-2.0,-2.0,-3.0,0.025967187912342277,0.02442819975945345,0.01917677552494953,1.2738429214896774
1762,sample_001762,2.5574904976327346,0.005166592061181841,0.0037033883945632195,0.4078140287641254,-2.286795827707625,-2.431400738728244,2.5924085592799666,0.7562609722211504,0.2813864068197531,2.6876243979531904
1763,sample_001763,0.01,0.01,0.001,-2.0,-2.0,-3.0,0.025967187912342277,0.47569728703358816,0.02629163656555475,18.093102947300345
1764,sample_001764,0.01,0.01,0.001,-2.0,-2.0,-3.0,0.025967187912342277,0.10229102066097398,0.020841662277952575,4.9080068229098455
1765,sample_001765,0.2555197370408151,0.0558181064049938,0.0051621965433458145,-0.5925755481443122,-1.253224900771274,-2.287165464328069,0.3933680846510793,0.3166882958190334,0.016607282600188577,19.069242298281683
1766,sample_001766,0.01,0.01,0.001,-2.0,-2.0,-3.0,0.025967187912342277,0.7582263699092558,0.30925807130395677,2.4517593565537923
1767,sample_001767,0.8140382408564598,0.020247799344434613,0.0065707744229456175,-0.08935519289599814,-1.6936221716840874,-2.182383442039672,0.9083340561565296,1.151365279628413,0.2677129574921732,4.3007454342663785
1768,sample_001768,0.01,0.01,0.001,-2.0,-2.0,-3.0,0.025967187912342277,0.4705215054242035,0.021316727280098643,22.072877287475723
1769,sample_001769,0.1,0.1,0.01,-1.0,-1.0,-2.0,0.25967187912342293,1.3491265631590414,0.3325692353985137,4.056678789132132
1770,sample_001770,0.1,0.1,0.01,-1.0,-1.0,-2.0,0.33188662297739946,0.771947697394683,0.06948004931486898,11.110350453212524
1771,sample_001771,0.01,0.01,0.001,-2.0,-2.0,-3.0,0.033188662297739965,0.31191271710070273,0.01228290312451559,25.39405496719684
1772,sample_001772,0.15678890663273298,0.028744237176429474,0.0035675958743273937,-0.804684668428516,-1.5414492123080827,-2.447624346978036,0.2813979786617651,0.9924870520625013,0.4269042863350999,2.3248467720547676
1773,sample_001773,0.1,0.1,0.01,-1.0,-1.0,-2.0,0.33188662297739946,0.6321004304538869,0.0589068130769176,10.730514815468313
1774,sample_001774,0.09667286791836809,0.08965395013148071,0.0009811539039642234,-1.014695397341252,-1.0474305707698228,-3.008262863772047,0.3099977918903411,3.2117392509794773,2.704651811506362,1.1874871424542786
1775,sample_001775,0.01,0.01,0.001,-2.0,-2.0,-3.0,0.033188662297739965,0.5000526110045305,0.05094828341778534,9.814905968548668
1776,sample_001776,0.01,0.01,0.001,-2.0,-2.0,-3.0,0.033188662297739965,0.12438925954131336,0.031198675555994614,3.9870044905612287
1777,sample_001777,1.9441837666390482,0.06100133379977809,0.04001433117603787,0.28873731257861124,-1.214660668996598,-1.3977844377724873,2.450892892711231,0.8530952329565071,0.16877516515766577,5.054625377848486
1778,sample_001778,0.01,0.01,0.001,-2.0,-2.0,-3.0,0.033188662297739965,0.3329011813452263,0.06272842221122256,5.307023030553252
1779,sample_001779,0.19945978646882967,0.001045766060632919,0.017361896938861275,-0.7001446502283439,-2.9805654569020614,-1.7604028261023261,0.21381238429363914,0.751599795380729,0.1633926269498358,4.599961512409506
1780,sample_001780,0.01,0.01,0.001,-2.0,-2.0,-3.0,0.033188662297739965,0.06768226219619135,0.06674627565267377,1.0140230527376262
1781,sample_001781,0.1,0.1,0.01,-1.0,-1.0,-2.0,0.33188662297739946,0.8439285375828413,0.12086328553730236,6.98250534751827
1782,sample_001782,0.17787504562899928,0.02688502893882264,0.0009447703838370293,-0.7498849755012218,-1.5704894917156245,-3.0246737292151904,0.303349369867169,0.6966790728659131,0.2542806694931349,2.7398035181149396
1783,sample_001783,0.0836596834055759,0.031296363794101015,0.0017664964189968806,-1.077483783258515,-1.5045061185523743,-2.752887238620571,0.18712966784127832,0.7817340814094618,0.20450542090000076,3.8225592161281376
1784,sample_001784,0.01,0.01,0.001,-2.0,-2.0,-3.0,0.033188662297739965,0.48199221623125127,0.032622509565732746,14.774835616495437
1785,sample_001785,1.6700084099218782,0.016971504359658662,0.02222270885621823,0.22271865819756442,-1.7702796599721426,-1.6532030034688114,1.8009369683932053,0.804862420579101,0.09275592054823589,8.677208051215967
1786,sample_001786,0.1,0.1,0.01,-1.0,-1.0,-2.0,0.2905020405460902,5.340865797594367,5.308170522497945,1.0061594244114518
1787,sample_001787,0.01,0.01,0.001,-2.0,-2.0,-3.0,0.02905020405460902,0.5579784227700345,0.10900642058833368,5.118766580523347
1788,sample_001788,0.01,0.01,0.001,-2.0,-2.0,-3.0,0.02905020405460902,0.2097751851995926,0.057764263068152,3.6315738149743826
1789,sample_001789,0.06299387910373189,2.531527999875875,0.11330956957969451,-1.2007016473816066,0.4033827352481758,-0.9457334101705657,2.713601535346505,1.1483876072894266,1.1483876072894266,1.0
1790,sample_001790,0.01,0.01,0.001,-2.0,-2.0,-3.0,0.02905020405460902,0.5062878114765326,0.057183240702742916,8.85377962589391
1791,sample_001791,0.1,0.1,0.01,-1.0,-1.0,-2.0,0.2905020405460902,0.7747748730272745,0.05151166909205568,15.040764290566605
1792,sample_001792,0.01,0.01,0.001,-2.0,-2.0,-3.0,0.02905020405460902,0.47535069200666624,0.026313493199271048,18.064902611251732
1793,sample_001793,0.01,0.01,0.001,-2.0,-2.0,-3.0,0.02905020405460902,0.07642909813444791,0.07357558581198909,1.0387834128803342
1794,sample_001794,0.01,0.01,0.001,-2.0,-2.0,-3.0,0.02905020405460902,0.3766691451392341,0.02541077440484852,14.823206059684804
1795,sample_001795,0.01,0.01,0.001,-2.0,-2.0,-3.0,0.02905020405460902,0.41253492282543064,0.023107287001981273,17.853022849028488
1796,sample_001796,0.01,0.01,0.001,-2.0,-2.0,-3.0,0.02905020405460902,0.6289627578541026,0.040392073362126094,15.571440272829715
1797,sample_001797,1.4010422106563785,0.009546667182738123,0.0014667354921501017,0.14645121992459575,-2.0201482176068564,-2.833648198806409,1.4801965459103568,0.7724789876843781,0.20741983081690615,3.7242291860042136
1798,sample_001798,0.01,0.01,0.001,-2.0,-2.0,-3.0,0.02905020405460902,0.49355607582604794,0.0445181887068572,11.086616283425403
1799,sample_001799,0.01,0.01,0.001,-2.0,-2.0,-3.0,0.02905020405460902,0.46994626818364027,0.02113935529941331,22.230870408648787
1800,sample_001800,0.7821687933456504,0.016499972344325053,0.00090695999486719,-0.10669951534392741,-1.7825167837083415,-3.042411868829207,0.9197747231023304,0.5889410149136789,0.21959273403764645,2.681969499103337
1801,sample_001801,0.01,0.01,0.001,-2.0,-2.0,-3.0,0.03344306699079856,0.33586146297747405,0.03588528513423152,9.359308745107077
1802,sample_001802,0.1,0.1,0.01,-1.0,-1.0,-2.0,0.334430669907986,0.5672334808236636,0.2423273617444093,2.340773558298974
1803,sample_001803,0.1,0.1,0.01,-1.0,-1.0,-2.0,0.334430669907986,0.26638255635464503,0.09763236745399434,2.728424633154246
1804,sample_001804,0.01,0.01,0.001,-2.0,-2.0,-3.0,0.03344306699079856,0.31604579287100554,0.017380644011353835,18.183779189341312
1805,sample_001805,0.14244323232145345,0.019907646657837574,0.000883582424964362,-0.8463581798767255,-1.700980076181641,-3.0537529311176086,0.23557557218094527,0.31855017953387643,0.16837825778907572,1.8918724051232212
1806,sample_001806,0.01,0.01,0.001,-2.0,-2.0,-3.0,0.03344306699079856,0.5334847918078286,0.02285633180788798,23.34078785221857
1807,sample_001807,0.01,0.01,0.001,-2.0,-2.0,-3.0,0.03344306699079856,0.39788949372352045,0.09639549298195749,4.127677357259786
1808,sample_001808,0.01,0.01,0.001,-2.0,-2.0,-3.0,0.03344306699079856,2.644331065488587,2.1956643168947285,1.2043421415293556
1809,sample_001809,3.101219076587396,0.023068744531401248,0.0002322137686405287,0.4915324467895239,-1.63697604041264,-3.6341120332308385,3.3382411288268434,0.5546349887714275,0.27525646100851675,2.0149753678416524
1810,sample_001810,0.01,0.01,0.001,-2.0,-2.0,-3.0,0.03344306699079856,0.48763377747155745,0.0386024563327399,12.632195559482588
1811,sample_001811,0.1,0.1,0.01,-1.0,-1.0,-2.0,0.334430669907986,0.7922531339282239,0.18014314222465377,4.397908930333951
1812,sample_001812,0.22950323047902454,0.028814518987404995,0.02267549267756527,-0.6392111969705541,-1.5403886258781956,-1.644443268112477,0.3694184381647678,0.597886155143966,0.01493028884129093,40.04518341872015
1813,sample_001813,0.01,0.01,0.001,-2.0,-2.0,-3.0,0.03344306699079856,0.14135426816737284,0.03830265408757302,3.6904562238477903
1814,sample_001814,0.01,0.01,0.001,-2.0,-2.0,-3.0,0.03344306699079856,0.4630156036835023,0.013657046658272063,33.90305497734052
1815,sample_001815,0.014628557658641158,0.10747611887891499,0.003779852787763694,-1.8347984921776952,-0.9686880249696497,-2.422525114106392,0.1461805468195576,1.0982790681310453,0.07696050616077837,14.270684054970063
1816,sample_001816,0.01,0.01,0.001,-2.0,-2.0,-3.0,0.029410677054145448,0.6551608423328819,0.20595554448679543,3.1810789263548407
1817,sample_001817,0.7270376639684675,0.017140051555091664,0.00037448793197836537,-0.13844309006259437,-1.7659878761083778,-3.4265621730503635,0.8382874409128931,0.30186151500449393,0.04484677993261868,6.73095181990846
1818,sample_001818,0.1,0.1,0.01,-1.0,-1.0,-2.0,0.2941067705414542,0.8064139213460333,0.08490444973077546,9.497899390468943
1819,sample_001819,0.01,0.01,0.001,-2.0,-2.0,-3.0,0.029410677054145448,0.7492918809787681,0.138586774140442,5.406662256381303
1820,sample_001820,0.01,0.01,0.001,-2.0,-2.0,-3.0,0.029410677054145448,0.5377360732671339,0.08795526741190655,6.113744964799462
1821,sample_001821,0.1,0.1,0.01,-1.0,-1.0,-2.0,0.2941067705414542,0.806942356430279,0.3009316033017532,2.681480933131285
1822,sample_001822,9.417833949755103,0.0725439209680083,0.03691149679850825,0.9739510289246249,-1.1393989746895574,-1.4328383433669991,10.018757255454975,0.8069503572993154,0.27274361656253165,2.9586406731330657
1823,sample_001823,0.01,0.01,0.001,-2.0,-2.0,-3.0,0.029410677054145448,0.036708538730387125,0.02382880528430488,1.540511086997955
1824,sample_001824,0.1,0.1,0.01,-1.0,-1.0,-2.0,0.2941067705414542,0.8080910675432132,0.08597304445024165,9.399353863883576
1825,sample_001825,0.1,0.1,0.01,-1.0,-1.0,-2.0,0.2941067705414542,0.3468340832528386,0.2761047741863863,1.2561683667907388
1826,sample_001826,0.01,0.01,0.001,-2.0,-2.0,-3.0,0.029410677054145448,0.4525750877036816,0.0221104638596811,20.46881922404902
1827,sample_001827,0.1,0.1,0.01,-1.0,-1.0,-2.0,0.2941067705414542,0.5352037921278391,0.2168477249826884,2.4681088638147624
1828,sample_001828,0.01,0.01,0.001,-2.0,-2.0,-3.0,0.029410677054145448,0.1810547751664178,0.030301564614862435,5.9750965822277475
1829,sample_001829,0.01,0.01,0.001,-2.0,-2.0,-3.0,0.029410677054145448,0.5110486762206946,0.06200858705887375,8.241579117670943
1830,sample_001830,0.1,0.1,0.01,-1.0,-1.0,-2.0,0.27999028640061874,0.6731696402313265,0.30125218769773326,2.2345717897549786
1831,sample_001831,0.01,0.01,0.001,-2.0,-2.0,-3.0,0.027999028640061867,0.5145645438747974,0.06489745876461046,7.928885871189105
1832,sample_001832,0.01,0.01,0.001,-2.0,-2.0,-3.0,0.027999028640061867,0.46039349233269017,0.30708352978151826,1.49924514890215
1833,sample_001833,0.01,0.01,0.001,-2.0,-2.0,-3.0,0.027999028640061867,0.9251530876616939,0.05119099335837972,18.072575407647385
1834,sample_001834,0.1,0.1,0.01,-1.0,-1.0,-2.0,0.27999028640061874,1.287008584527894,0.09284052259669356,13.862573675061688
1835,sample_001835,0.01,0.01,0.001,-2.0,-2.0,-3.0,0.027999028640061867,0.4905009891900498,0.04150817675232453,11.816972644132843
1836,sample_001836,3.1660856660745256,0.02500588503964196,0.0005277113999539079,0.5005226615687004,-1.6019577697493599,-3.277603523818709,3.3888200370703263,0.6318918816865131,0.22336671466195274,2.8289437960478123
1837,sample_001837,0.1,0.1,0.01,-1.0,-1.0,-2.0,0.27999028640061874,4.014259958410058,3.2856573577835855,1.2217524596411258
1838,sample_001838,1.386300159106264,0.006647999954895574,0.022049385350711367,0.14185727308253426,-2.1773089921704862,-1.656603512432647,1.4526307392152396,0.5430122379853891,0.2772756214707745,1.9583843509394996
1839,sample_001839,0.1,0.1,0.01,-1.0,-1.0,-2.0,0.27999028640061874,0.38291731527312056,0.320935191487429,1.1931297203601288
1840,sample_001840,0.01,0.01,0.001,-2.0,-2.0,-3.0,0.027999028640061867,0.8136874287116546,0.12674112206525445,6.420074364599014
1841,sample_001841,0.01,0.01,0.001,-2.0,-2.0,-3.0,0.027999028640061867,0.486772725175237,0.037462294128316795,12.993671009787356
1842,sample_001842,0.01,0.01,0.001,-2.0,-2.0,-3.0,0.027999028640061867,0.04290910270759848,0.04136316327227397,1.0373747874442854
1843,sample_001843,0.1,0.1,0.01,-1.0,-1.0,-2.0,0.27999028640061874,0.6521218443812181,0.0850194598385323,7.670265673526017
1844,sample_001844,0.01,0.01,0.001,-2.0,-2.0,-3.0,0.027999028640061867,0.0625763597784822,0.04070653717844372,1.537255785334148
1845,sample_001845,0.2887821309472322,0.026140493383775994,0.022938760890475453,-0.5394296832322674,-1.5826862196694291,-1.6394300455874689,0.41213234620202577,0.7856528152827963,0.05846778026445918,13.437363480008342
1846,sample_001846,0.01,0.01,0.001,-2.0,-2.0,-3.0,0.03039967314095684,0.4531189464828784,0.004284769138500971,105.75107592410507
1847,sample_001847,0.01,0.01,0.001,-2.0,-2.0,-3.0,0.03039967314095684,0.36643578152778866,0.046037140093316685,7.959568747863749
1848,sample_001848,0.1,0.1,0.01,-1.0,-1.0,-2.0,0.3039967314095682,0.7412038205333794,0.018244102401139994,40.62703684929245
1849,sample_001849,0.01,0.01,0.001,-2.0,-2.0,-3.0,0.03039967314095684,0.2689457683596035,0.06739842827396345,3.9903863524292214
1850,sample_001850,0.9908294578230794,0.03581285141059749,0.09674972886562781,-0.004001090116243056,-1.4459610991894882,-1.014350243387363,1.2214864052102996,0.8692186858557573,0.199935890871279,4.347486997296399
1851,sample_001851,2.7229857047625523,0.16668381522207495,0.0009200736995783549,0.4350453613696974,-0.7781065675444241,-3.036177383482443,3.6243186285532123,0.757391548245486,0.14326272703848486,5.2867313355135765
1852,sample_001852,0.6309429915153109,11.344694279791964,0.4302646329278568,-0.20000987940690695,1.054792796881304,-0.36626435076970587,13.310680881572285,2.5511322757797625,1.2726864643320228,2.0045253464047326
1853,sample_001853,0.9705885825534902,0.0051870112791092505,0.015644116122922106,-0.012964821781480396,-2.2850828076359537,-1.8056489690330544,1.0248208247299473,0.8390659293918726,0.2377010841607289,3.5299204980677006
1854,sample_001854,0.026238887058013666,0.12790764776953642,0.07484264174027322,-1.581054589830444,-0.8931034876963926,-1.1258508914957197,0.19909612937138163,0.7635282481026066,0.2997505275158631,2.5472123583242063
1855,sample_001855,0.01,0.01,0.001,-2.0,-2.0,-3.0,0.03039967314095684,0.15594713881241634,0.03810144875393213,4.092945121839294
1856,sample_001856,0.011120744452942718,8.198700125818569,4.877075706649227,-1.953866138924543,0.9137450020259426,0.6881594971795941,8.289240074724649,3.045790096787382,1.7865385815999684,1.7048554831990625
1857,sample_001857,0.01,0.01,0.001,-2.0,-2.0,-3.0,0.03039967314095684,0.48968643666814204,0.04061332314261668,12.057285609172437
1858,sample_001858,0.1,0.1,0.01,-1.0,-1.0,-2.0,0.3039967314095682,0.8384924935191611,0.1153349960969978,7.270061316115893
1859,sample_001859,0.1,0.1,0.01,-1.0,-1.0,-2.0,0.3039967314095682,0.8026639449595512,0.023764073982295478,33.77636113898423
1860,sample_001860,0.01,0.01,0.001,-2.0,-2.0,-3.0,0.025272297530729147,0.49380058590248255,0.044560079020781435,11.081681109052552
1861,sample_001861,0.1,0.1,0.01,-1.0,-1.0,-2.0,0.2527229753072914,0.7836915409913876,0.06004036011819208,13.052745510664101
1862,sample_001862,0.01,0.01,0.001,-2.0,-2.0,-3.0,0.025272297530729147,0.4529973253688563,0.0034951510234262394,129.60736813163237
1863,sample_001863,0.24439448839119343,0.012933507765725757,0.00392437865826242,-0.6119085925713899,-1.888283671817622,-2.40622909475287,0.29293627301055997,0.3825077761925549,0.02756507065569974,13.876538934735587
1864,sample_001864,0.01,0.01,0.001,-2.0,-2.0,-3.0,0.025272297530729147,0.17660105525615583,0.03177753893809359,5.557417633889005
1865,sample_001865,0.01,0.01,0.001,-2.0,-2.0,-3.0,0.025272297530729147,0.30050880536793945,0.1407731113928612,2.134703157404097
1866,sample_001866,0.01,0.01,0.001,-2.0,-2.0,-3.0,0.025272297530729147,0.5500747153260245,0.48430449620475086,1.1358034452223376
1867,sample_001867,5.202129324312765,0.03679881027691152,0.0022809204089268985,0.7161811445029294,-1.4341662220472609,-2.641889868851772,5.441044464486252,0.3386244320394153,0.2532451530131278,1.3371408218891423
1868,sample_001868,0.1,0.1,0.01,-1.0,-1.0,-2.0,0.2527229753072914,0.8575019087566945,0.011350076856490386,75.55031737660383
1869,sample_001869,0.01,0.01,0.001,-2.0,-2.0,-3.0,0.025272297530729147,0.4662297439539944,0.017158767270815126,27.171517428701986
1870,sample_001870,0.1,0.1,0.01,-1.0,-1.0,-2.0,0.2527229753072914,1.0383092100634574,0.17899429193849514,5.800795091388917
1871,sample_001871,0.0010000646469224776,4.071774067728927,0.00010000000141027174,-2.999971925105764,0.6097836721133768,-3.9999999938752677,4.073657166160562,8.639662856873723,8.639662856873723,1.0
1872,sample_001872,0.2456106173909908,0.04870497887954623,0.07714828753670802,-0.6097528632041067,-1.312426640645974,-1.1126737095439596,0.36430487936958966,0.6889841156919017,0.0060912194345963434,113.111031886107
1873,sample_001873,0.01,0.01,0.001,-2.0,-2.0,-3.0,0.025272297530729147,0.06229105471213811,0.05556171046816013,1.1211147782758464
1874,sample_001874,0.01,0.01,0.001,-2.0,-2.0,-3.0,0.025272297530729147,0.08348607540876782,0.05309184550927423,1.5724839588441928
1875,sample_001875,2.5956751858679477,0.04313319315928253,0.03495538147155744,0.4142503453659945,-1.3651883897528778,-1.4564859540102013,2.866430445189912,0.7872751385695379,0.2510299409317166,3.136180232714499
1876,sample_001876,0.1,0.1,0.01,-1.0,-1.0,-2.0,0.2690880122351318,0.7364823549108598,0.0181425892686189,40.594114985822216
1877,sample_001877,0.1,0.1,0.01,-1.0,-1.0,-2.0,0.2690880122351318,0.4669409355666445,0.03739087018590171,12.488100256695962
1878,sample_001878,0.01,0.01,0.001,-2.0,-2.0,-3.0,0.026908801223513183,0.4899282538700887,0.040858437861383476,11.990870907307361
1879,sample_001879,0.1,0.1,0.01,-1.0,-1.0,-2.0,0.2690880122351318,0.47777952893486103,0.4164491663251075,1.1472697451911216
1880,sample_001880,0.01,0.01,0.001,-2.0,-2.0,-3.0,0.026908801223513183,0.46717632865140823,0.017798773903585516,26.247669147440362
1881,sample_001881,8.957818963280776,0.02860683823388398,0.0034892858639427315,0.9522022811447641,-1.543530139868885,-2.457263448996363,9.210669539070423,1.0820647126940295,0.29338316113638624,3.6882304645664568
1882,sample_001882,0.1,0.1,0.01,-1.0,-1.0,-2.0,0.2690880122351318,0.7616919450677236,0.09219597351804973,8.261661719083675
1883,sample_001883,4.788386432964301,0.030407044386304306,0.004608822676850338,0.6801891916366065,-1.517025791927587,-2.336410000911468,5.027984940056402,0.8106920983639965,0.2769108552763427,2.9276284512391824
1884,sample_001884,0.01,0.01,0.001,-2.0,-2.0,-3.0,0.026908801223513183,0.27475677207672183,0.03785126925674516,7.258852278190373
1885,sample_001885,0.1,0.1,0.01,-1.0,-1.0,-2.0,0.2690880122351318,0.39038417618612287,0.30205385979956706,1.292432337878976
1886,sample_001886,0.01,0.01,0.001,-2.0,-2.0,-3.0,0.026908801223513183,0.23400158541468377,0.08122492099839812,2.880908747443394
1887,sample_001887,0.1,0.1,0.01,-1.0,-1.0,-2.0,0.2690880122351318,0.9717744455853596,0.2521068944604107,3.8546127334806433
1888,sample_001888,0.01,0.01,0.001,-2.0,-2.0,-3.0,0.026908801223513183,0.27677123771747136,0.04759889092667024,5.814657281487058
1889,sample_001889,0.1,0.1,0.01,-1.0,-1.0,-2.0,0.2690880122351318,0.911339874183571,0.20779837825730757,4.38569290976419
1890,sample_001890,0.11970282138476639,0.013403057316411565,0.010166157552965658,-0.9218956131909577,-1.8727961252024512,-1.9928431639768744,0.19425953745876562,0.7441063582270091,0.05588862284575652,13.314093644436744
1891,sample_001891,0.01,0.01,0.001,-2.0,-2.0,-3.0,0.035003353802103315,1.1210923444984289,0.07526984329945365,14.894309531617777
1892,sample_001892,0.012647850333721343,0.04279482020467724,0.0006196408961608749,-1.897983282198517,-1.3686087938994769,-3.2078599266280095,0.0853809838723608,0.5630166481507338,0.062157403475575794,9.057917748639007
1893,sample_001893,0.03547423531999122,8.478565381296747,0.27137482883743524,-1.4500869573895168,0.9283223735191042,-0.5664304374573055,8.672031258935995,1.6624791378723915,1.20149297906982,1.383677779922993
1894,sample_001894,0.1,0.1,0.01,-1.0,-1.0,-2.0,0.35003353802103293,2.1707223755949006,1.66283068236397,1.3054380091837638
1895,sample_001895,0.01,0.01,0.001,-2.0,-2.0,-3.0,0.035003353802103315,0.3300193551504283,0.028297330560259,11.662561401247867
1896,sample_001896,0.1,0.1,0.01,-1.0,-1.0,-2.0,0.35003353802103293,0.5646521372559606,0.04430154763841481,12.745652631926086
1897,sample_001897,0.3499741085862424,0.011460251916707409,0.000856075266103785,-0.45596408397558896,-1.9408058356990434,-3.06748805049042,0.4462694107711417,0.7820301937927171,0.12486831760239539,6.262839195790647
1898,sample_001898,0.13859143194535786,0.02861155791585165,0.08771460833328149,-0.858263618020545,-1.5434584939655576,-1.0569280715119431,0.2658759730100741,0.6072193113513091,0.00859258385356653,70.66783655527203
1899,sample_001899,0.01,0.01,0.001,-2.0,-2.0,-3.0,0.035003353802103315,0.3493373950170775,0.049641959309039974,7.037139546453436
1900,sample_001900,0.01,0.01,0.001,-2.0,-2.0,-3.0,0.035003353802103315,0.5574901644487952,0.014865495033888157,37.5022939483624
1901,sample_001901,0.01,0.01,0.001,-2.0,-2.0,-3.0,0.035003353802103315,0.17858320641372924,0.020773589621988223,8.596646495062377
1902,sample_001902,0.01,0.01,0.001,-2.0,-2.0,-3.0,0.035003353802103315,0.614293330162087,0.16490193786497717,3.7252038278960344
1903,sample_001903,0.01,0.01,0.001,-2.0,-2.0,-3.0,0.035003353802103315,0.5270551723851779,0.10901633576164828,4.834643988929545
1904,sample_001904,0.01,0.01,0.001,-2.0,-2.0,-3.0,0.035003353802103315,0.2970756907216979,0.0030182422286349816,98.42672264778835
1905,sample_001905,0.01,0.01,0.001,-2.0,-2.0,-3.0,0.026887220106882992,0.24325862790465025,0.11706896825660398,2.077908702257037
1906,sample_001906,0.01,0.01,0.001,-2.0,-2.0,-3.0,0.026887220106882992,0.24927949861627308,0.05336350575084878,4.671347864215389
1907,sample_001907,0.01,0.01,0.001,-2.0,-2.0,-3.0,0.026887220106882992,0.2802537472847292,0.09853800027110153,2.8441184772745975
1908,sample_001908,1.340684793961705,6.122753416633788,0.01436407081884972,0.1273266836427398,0.7869467693244028,-1.8427224623485383,8.820395639684635,1.3079104764853595,1.0181306229899674,1.2846195242064216
1909,sample_001909,0.01,0.01,0.001,-2.0,-2.0,-3.0,0.026887220106882992,0.08427687458791581,0.08123349957139737,1.0374645316596705
1910,sample_001910,0.01,0.01,0.001,-2.0,-2.0,-3.0,0.026887220106882992,0.5724607160796877,0.12340845022358758,4.6387481168633204
1911,sample_001911,0.1837714527320105,0.018560487791970868,0.00482452087645295,-0.7357219515128293,-1.7314106141851813,-2.316545809997815,0.25031722496819275,0.7848797870786876,0.05410736278815237,14.505970105246913
1912,sample_001912,0.01,0.01,0.001,-2.0,-2.0,-3.0,0.026887220106882992,0.3166032582250527,0.15200153483413897,2.082895140305812
1913,sample_001913,0.01,0.01,0.001,-2.0,-2.0,-3.0,0.026887220106882992,0.37685898342289603,0.06260697985701454,6.019440392805858
1914,sample_001914,1.7847644066346382,0.005060473135364927,0.00860955556677502,0.25158089627381663,-2.2958088763475386,-2.065019266650747,1.8358298568988467,0.7974495053138628,0.2519027040966848,3.1657044261334617
1915,sample_001915,5.09845301814688,0.029645063069443225,0.013476155265864572,0.7074384216668728,-1.5280476213628011,-1.8704339939272074,5.3582255686603535,1.0520265651266572,0.6051521732062605,1.7384496192961432
1916,sample_001916,4.303793700951774,6.4185098766600746,0.0019787793839384357,0.6338514455845514,0.8074342138228063,-2.7036026230139494,14.077208969507977,11.919278174713925,3.4718423091996673,3.433127749820403
1917,sample_001917,1.703500766494397,0.00380366714708944,0.02298678774377266,0.23134233331582,-2.419797494496742,-1.6385217143603494,1.7433609553492662,0.8108131278962403,0.27738495381832096,2.923060954586957
1918,sample_001918,0.01,0.01,0.001,-2.0,-2.0,-3.0,0.026887220106882992,0.4272884939649991,0.03481257925112536,12.273968294124213
1919,sample_001919,0.1,0.1,0.01,-1.0,-1.0,-2.0,0.2688722010688297,0.7749907737795128,0.2683490407309818,2.8879953200817887
1920,sample_001920,0.9233431303597097,0.08167080115079928,0.13969500083175504,-0.03463687759898093,-1.0879331841731634,-0.8548191354035737,1.2917336045261623,0.7637611806897959,0.20295521036542769,3.7632006555269917
1921,sample_001921,0.1,0.1,0.01,-1.0,-1.0,-2.0,0.2967492658564172,0.7452139156256683,0.02260197114414328,32.971191356412795
1922,sample_001922,7.938010640703183,0.11556370739993808,0.234844749836206,0.8997116767323412,-0.9371785340006671,-0.6292191444126107,8.845054579166275,0.783775028083374,0.2442102586230362,3.209427124407627
1923,sample_001923,0.1,0.1,0.01,-1.0,-1.0,-2.0,0.2967492658564172,0.5770643850018305,0.1508490588036317,3.8254423963826394
1924,sample_001924,0.01,0.01,0.001,-2.0,-2.0,-3.0,0.02967492658564172,0.1340646135782311,0.0914166035837326,1.4665236764723517
1925,sample_001925,0.01,0.01,0.001,-2.0,-2.0,-3.0,0.02967492658564172,0.355053355996025,0.04884057274243138,7.269639483313515
1926,sample_001926,0.01,0.01,0.001,-2.0,-2.0,-3.0,0.02967492658564172,0.191663518151772,0.04250834315412793,4.508844709774575
1927,sample_001927,0.12809737389962914,0.038474942528744616,0.010697768972235414,-0.8924597735542248,-1.4148220202155928,-1.970706785312447,0.2409677889099991,0.7687978830500368,0.040025993395828185,19.207465394979224
1928,sample_001928,0.01,0.01,0.001,-2.0,-2.0,-3.0,0.02967492658564172,0.08913259112332172,0.03871366477567939,2.3023547793727963
1929,sample_001929,0.1,0.1,0.01,-1.0,-1.0,-2.0,0.2967492658564172,0.6166775803868559,0.045242759053809554,13.630414972115414
1930,sample_001930,0.1,0.1,0.01,-1.0,-1.0,-2.0,0.2967492658564172,0.7809226208635593,0.12844399189033434,6.079868815742757
1931,sample_001931,0.08653245308424856,0.04698330962442799,0.007898517439668294,-1.0628209844179635,-1.328056393667402,-2.102454418607623,0.199028326689074,1.8098712967390038,0.2908939453527334,6.221756504915847
1932,sample_001932,0.5137011870882755,0.007635736130747743,0.0026119932422860935,-0.2892894306835041,-2.117149087997104,-2.5830279509963727,0.5733148656018532,0.8747729433758583,0.14865535641296784,5.884570623514701
1933,sample_001933,1.6393408193524923,0.06170190476821963,0.00202536936907102,0.21466925288518457,-1.2097014288750492,-2.6934957624142974,2.0089085396276203,0.864109939217566,0.21159695689856808,4.083754094969281
1934,sample_001934,0.7720037727285172,0.05522948645477052,0.0612500305326487,-0.1123805772922779,-1.2578289949964256,-1.2128936904710619,1.0399411020497584,0.8195129341870194,0.2172227698964769,3.7726843027440418
1935,sample_001935,1.127443455364313,0.0070606882084503966,0.006181028554116342,0.05209476993886408,-2.151152966006879,-2.2089392501201113,1.1716662500542532,0.7837155608430542,0.2745815966375527,2.8542173635822996
1936,sample_001936,0.1,0.1,0.01,-1.0,-1.0,-2.0,0.25851656997244715,0.7539075160876663,0.04814967249090596,15.657583470169127
1937,sample_001937,0.01,0.01,0.001,-2.0,-2.0,-3.0,0.02585165699724471,0.2283636641274642,0.05560156807109112,4.107144313546746
1938,sample_001938,0.1,0.1,0.01,-1.0,-1.0,-2.0,0.25851656997244715,0.5215750093441389,0.31379205614811245,1.6621676652577566
1939,sample_001939,0.12133251368560968,0.03365782953356569,0.07675082900630745,-0.9160228048866985,-1.4729138934697605,-1.1149169248941586,0.1981968469319183,0.7868500405957495,0.42194161500930155,1.8648315610642094
1940,sample_001940,0.1,0.1,0.01,-1.0,-1.0,-2.0,0.25851656997244715,0.10114914071426451,0.07922177878481898,1.276784518926346
1941,sample_001941,1.061385716455472,0.07629474290728581,0.2211266374759808,0.02587323883669601,-1.11750538609511,-0.6553589380544098,1.3274855973749042,0.3506872041166614,0.04535919485666792,7.731336617080835
1942,sample_001942,0.01,0.01,0.001,-2.0,-2.0,-3.0,0.02585165699724471,0.8268085373049459,0.056492973824878064,14.635599461765995
1943,sample_001943,2.8356027255745775,0.018611179682173972,0.006223149623763497,0.4526453851230148,-1.730226097948167,-2.205989757107499,2.9513410217408276,0.8086721632847954,0.27709697430130814,2.9183724049092867
1944,sample_001944,0.01,0.01,0.001,-2.0,-2.0,-3.0,0.02585165699724471,0.45408792806339277,0.00514576332167175,88.24500850067646
1945,sample_001945,10.750387677797347,0.026623664397974083,0.08052824753904449,1.0314241259532348,-1.5747321698119432,-1.094051751949471,10.935747610680023,2.0819994027999202,1.629683266764633,1.2775484937838617
1946,sample_001946,0.14929706023914463,0.06172801890476386,0.00020942268332648,-0.8259487437450836,-1.2095176610295777,-3.6789762801070793,0.27406773918197286,0.8086206870663395,0.15125707367161362,5.346002454218398
1947,sample_001947,0.01,0.01,0.001,-2.0,-2.0,-3.0,0.02585165699724471,0.3235011654427572,0.04856931648969143,6.660607742162041
1948,sample_001948,0.01,0.01,0.001,-2.0,-2.0,-3.0,0.02585165699724471,0.15979602947239507,0.007197620428557856,22.20123040086631
1949,sample_001949,0.01,0.01,0.001,-2.0,-2.0,-3.0,0.02585165699724471,0.46236351656267916,0.07699748806181779,6.00491689016489
1950,sample_001950,0.01,0.01,0.001,-2.0,-2.0,-3.0,0.03410263095914316,0.37733469222059446,0.07882060837138671,4.7872593223674444
1951,sample_001951,0.1805958575054658,18.0443583550481,6.503110688767759e-05,-0.7432922157232369,1.2563414434575142,-4.186878853848178,18.884590878764918,1.603705532651745,1.5631836016473568,1.025922694532929
1952,sample_001952,0.1,0.1,0.01,-1.0,-1.0,-2.0,0.34102630959143204,0.8155659513953375,0.31016082966431047,2.6294937122718913
1953,sample_001953,0.01,0.01,0.001,-2.0,-2.0,-3.0,0.03410263095914316,0.47027441492968564,0.02117681787181084,22.207038742854913
1954,sample_001954,1.2919282630238123,0.1638210648683731,0.0030255624885280556,0.1112383992334749,-0.7856302553967094,-2.519193872927335,2.15198656903492,0.6833994873774805,0.14502879124649684,4.712164264100822
1955,sample_001955,0.01,0.01,0.001,-2.0,-2.0,-3.0,0.03410263095914316,0.6941283556774055,0.24462401885967178,2.8375314857188707
1956,sample_001956,0.01,0.01,0.001,-2.0,-2.0,-3.0,0.03410263095914316,0.533380071362713,0.08432625005810211,6.325196139935143
1957,sample_001957,0.1,0.1,0.01,-1.0,-1.0,-2.0,0.34102630959143204,0.9020390370846585,0.19271077840080925,4.680791829964766
1958,sample_001958,0.052230728183553114,0.030833965210787344,0.0020970035927150685,-1.2820739193306414,-1.5109706219348031,-2.678400825474097,0.14205215697767665,0.7530953830276237,0.022162352027680916,33.98084201924971
1959,sample_001959,0.01,0.01,0.001,-2.0,-2.0,-3.0,0.03410263095914316,0.4856143181689287,0.03642515402446838,13.331839800669618
1960,sample_001960,0.1,0.1,0.01,-1.0,-1.0,-2.0,0.34102630959143204,0.812238509411272,0.30683445547745225,2.647155477201482
1961,sample_001961,2.6417659724394347,0.0581448739340117,0.0001510231087183342,0.42189434190079655,-1.2354885667532773,-3.820956594289668,3.219893138508002,0.85299819488976,0.3274481387586028,2.604987153457594
1962,sample_001962,0.1,0.1,0.01,-1.0,-1.0,-2.0,0.34102630959143204,1.0680686169457596,0.5136429983698687,2.0793987659433744
1963,sample_001963,0.01,0.01,0.001,-2.0,-2.0,-3.0,0.03410263095914316,0.7129307562371303,0.10915486045477069,6.531369773795274
1964,sample_001964,0.1,0.1,0.01,-1.0,-1.0,-2.0,0.34102630959143204,0.8765937981339345,0.1908584223577968,4.5929007863777125
1965,sample_001965,3.026946491118731,0.032084227503891,0.26539256713559606,0.481004743778751,-1.4937084128115075,-0.576111244610992,3.3451730934073214,0.776911704142523,0.22906494272825667,3.3916656773803466
1966,sample_001966,0.01,0.01,0.001,-2.0,-2.0,-3.0,0.030591507546565477,0.31981813773090595,0.06188196114245205,5.168196544299651
1967,sample_001967,0.01,0.01,0.001,-2.0,-2.0,-3.0,0.030591507546565477,0.8247643935860665,0.37568364240412083,2.195369455822279
1968,sample_001968,0.01,0.01,0.001,-2.0,-2.0,-3.0,0.030591507546565477,0.28803759157744224,0.06864611017099478,4.195978342544856
1969,sample_001969,0.01,0.01,0.001,-2.0,-2.0,-3.0,0.030591507546565477,0.31211154396441915,0.015917909725205008,19.60757092812319
1970,sample_001970,2.9233958780936815,0.14423724463084642,0.0014786155322027276,0.4658876302839108,-0.8409225825491644,-2.8301447360429335,3.799326893117155,0.7709768596219172,0.16335817154966234,4.719548782336446
1971,sample_001971,0.1951103984890365,0.05491640683976143,0.04713632552959246,-0.7097195840854136,-1.2602978862334293,-1.3266442755329502,0.3706965247506799,0.31162590075851404,0.3001106833917595,1.0383699015197094
1972,sample_001972,0.01,0.01,0.001,-2.0,-2.0,-3.0,0.030591507546565477,0.21515712663950298,0.027629211234738587,7.7873061525905225
1973,sample_001973,0.1,0.1,0.01,-1.0,-1.0,-2.0,0.30591507546565483,1.0827808824932716,0.28019600919919885,3.8643693947956756
1974,sample_001974,9.062583616422579,0.03821226168600769,0.059251181635018156,0.9572520266392868,-1.4177972567715678,-1.2273029841794472,9.531208036892897,0.7748317196544192,0.22280337328833394,3.4776480634864324
1975,sample_001975,3.075466886255074,0.16191245771807206,0.008064024860774713,0.4879110553090049,-0.7907197348780493,-2.0934481419996622,4.03625271370192,0.8714971007828227,0.47817813965378886,1.8225364744063899
1976,sample_001976,0.7218840197533637,0.02447447873341401,0.011317454808629591,-0.14153257199708946,-1.6112865491923496,-1.9462512309967908,0.891290943751702,0.8062312928331034,0.08392391669634836,9.60669287814809
1977,sample_001977,0.01,0.01,0.001,-2.0,-2.0,-3.0,0.030591507546565477,0.4289170873509751,0.0426438277248423,10.058128227103499
1978,sample_001978,0.16302180241766903,0.0435880673084451,0.016695026184527048,-0.7877543094826001,-1.3606323871393649,-1.7774128954603627,0.30503020620252586,0.7703583213142202,0.2586149128979766,2.9787853789318253
1979,sample_001979,0.1,0.1,0.01,-1.0,-1.0,-2.0,0.30591507546565483,0.7525018484792766,0.24625468688265414,3.055786909094894
1980,sample_001980,0.01,0.01,0.001,-2.0,-2.0,-3.0,0.03188032814519224,0.4744447830472174,0.03862104165149727,12.284619025256767
1981,sample_001981,3.410551591564949,0.05955607570494725,0.04314384229661787,0.5328246235087155,-1.2250739266995083,-1.365081180190546,3.959715863570225,0.664377613810336,0.22372967800876317,2.969555133335119
1982,sample_001982,3.62560990840728,0.019771077518231272,0.0019060026505772513,0.5593810750656747,-1.703969661112736,-2.7198764997468667,3.870747481305537,0.7862004887725624,0.19085468835595812,4.119366914928704
1983,sample_001983,0.01,0.01,0.001,-2.0,-2.0,-3.0,0.03188032814519224,0.6524721686426225,0.33345277285111624,1.9567153785041267
1984,sample_001984,1.4510637777813238,0.01952919098411588,0.025894906303214105,0.16168650115571204,-1.7093157474142284,-1.5867856560718723,1.6453002295185675,1.2198552572134524,0.19779298858513045,6.167333159478626
1985,sample_001985,0.01,0.01,0.001,-2.0,-2.0,-3.0,0.03188032814519224,0.40068163838481546,0.006733630366128023,59.504549046878516
1986,sample_001986,0.01,0.01,0.001,-2.0,-2.0,-3.0,0.03188032814519224,0.510057628750664,0.06086346922201645,8.380357466809635
1987,sample_001987,0.11271960801408694,15.571710989515363,0.09444027384831954,-0.9480005301685281,1.1923363346284859,-1.024842762268431,16.005833792395393,2.285950893524143,1.5180561622155953,1.505840791942644
1988,sample_001988,4.2681981655951144,0.05300061172285746,0.03526191477717397,0.6302445748167633,-1.2757191178269789,-1.4526941085261367,4.807249128861651,0.6339921796825891,0.18959237428689804,3.34397510483839
1989,sample_001989,0.1,0.1,0.01,-1.0,-1.0,-2.0,0.3188032814519227,0.6538237086871929,0.06948310886560995,9.40982232029628
1990,sample_001990,0.01,0.01,0.001,-2.0,-2.0,-3.0,0.03188032814519224,1.2742462646929518,0.06311957962162822,20.187812915286358
1991,sample_001991,1.0798257032805048,0.06429206124503976,0.00046890202865228523,0.03335366084594238,-1.1918426502534984,-3.328917888330489,1.4734767244612035,0.439814113677655,0.31038596336229446,1.4169909905503266
1992,sample_001992,0.01,0.01,0.001,-2.0,-2.0,-3.0,0.03188032814519224,0.4961524659340756,0.047033221382758186,10.548979026896063
1993,sample_001993,0.07315534595026836,0.07282921428816579,0.06754691237957598,-1.1357539315773808,-1.1376943753698354,-1.170394498117295,0.23290002054714318,0.08662645533022287,0.0836718093059143,1.0353123238139388
1994,sample_001994,0.5457315180533087,0.005008211740463157,0.0004950439607674341,-0.26302096334832825,-2.3003173180223087,-3.3053562332462416,0.6008800730556959,0.7573408313089462,0.05358793451970627,14.132674418164857
1995,sample_001995,0.01,0.01,0.001,-2.0,-2.0,-3.0,0.02649510692999566,0.06643016340078092,0.046413297851180535,1.4312743648120503
1996,sample_001996,6.446504281764723,0.007551077726250941,0.07453731792366376,0.8093242754582812,-2.1219910593428675,-1.127626238519519,6.510920808566689,0.7807514975327672,0.2736971455641038,2.8526110344468463
1997,sample_001997,0.01,0.01,0.001,-2.0,-2.0,-3.0,0.02649510692999566,0.5226454292548619,0.0734854154901246,7.112233438009179
1998,sample_001998,1.6298740963934781,0.14637457598392942,0.0007095540826195353,0.2121540575613654,-0.8345343499766695,-3.1490144967701688,2.143000302207598,0.8887447319713117,0.3002587580856897,2.9599294210018554
1999,sample_001999,0.01,0.01,0.001,-2.0,-2.0,-3.0,0.02649510692999566,0.02208128302943966,0.018678701699552838,1.1821636955617894
2000,sample_002000,0.1,0.1,0.01,-1.0,-1.0,-2.0,0.2649510692999564,1.5869438777363492,0.023566910433056348,67.33779899763218
2001,sample_002001,0.01,0.01,0.001,-2.0,-2.0,-3.0,0.02649510692999566,0.6840571417199963,0.3241720053190133,2.110167227570514
2002,sample_002002,0.01,0.01,0.001,-2.0,-2.0,-3.0,0.02649510692999566,0.7403261468326255,0.2912690626972316,2.5417259903163143
2003,sample_002003,2.612810483876536,0.08114139467546828,0.06796022491374722,0.41710790999845404,-1.0907575318220495,-1.1677451925069695,3.0092926390010457,0.9820991732359026,0.2704240636839311,3.631700374060535
2004,sample_002004,0.01,0.01,0.001,-2.0,-2.0,-3.0,0.02649510692999566,0.517800280795235,0.06859799305767421,7.548329881311411
2005,sample_002005,0.01,0.01,0.001,-2.0,-2.0,-3.0,0.02649510692999566,0.08399480884069402,0.017226477657083197,4.8759131444469705
2006,sample_002006,0.5070022006446796,0.008504496670735755,0.08209493964276185,-0.29499015560597996,-2.07035138453119,-1.0856836121004934,0.556150155241748,0.7768496568817793,0.30232952303634836,2.5695461332381373
2007,sample_002007,1.7276592528777883,0.033129051550229605,0.0018653599156869662,0.23745809046493438,-1.4797909973325831,-2.7292373599324455,1.9125787139674846,2.668046691644542,2.1670119962053267,1.2312099316093226
2008,sample_002008,0.1,0.1,0.01,-1.0,-1.0,-2.0,0.2649510692999564,0.8090018252670074,0.08549641678952355,9.462406211228958
2009,sample_002009,0.01,0.01,0.001,-2.0,-2.0,-3.0,0.02649510692999566,0.5104430322516615,0.06135079160263436,8.320072470421774
2010,sample_002010,0.01,0.01,0.001,-2.0,-2.0,-3.0,0.02557942164191542,0.4940997828527601,0.016960627819684795,29.132163508670327
2011,sample_002011,2.1389784636263776,0.002823791484952314,0.0008506805520153908,0.33020641188554833,-2.5491673757073388,-3.0702334957820803,2.160935619158401,0.781435447594393,0.32868343793007515,2.377471321693542
2012,sample_002012,0.01,0.01,0.001,-2.0,-2.0,-3.0,0.02557942164191542,0.4980626498973486,0.04904747441361523,10.154705330945438
2013,sample_002013,0.02052757948117632,0.010294339953963328,0.0018351749478053069,-1.6876622576407794,-1.9874014939746623,-2.7363225280087278,0.0398367428896291,0.5170401146539527,0.05213745694445761,9.91686485984077
2014,sample_002014,0.01,0.01,0.001,-2.0,-2.0,-3.0,0.02557942164191542,0.7871430365417588,0.03518889484009286,22.369075247140714
2015,sample_002015,0.01,0.01,0.001,-2.0,-2.0,-3.0,0.02557942164191542,10.89499094500295,10.4455952262003,1.0430225093995071
2016,sample_002016,0.4350004409470952,0.2679195997680488,0.00510421180420988,-0.36151030281365415,-0.5719955142389335,-2.292071312443035,0.9090456975447434,1.4158426932750459,0.21042190076330086,6.728589981076624
2017,sample_002017,0.01,0.01,0.001,-2.0,-2.0,-3.0,0.02557942164191542,0.575435196515464,0.1261007768371596,4.563296206006352
2018,sample_002018,0.1,0.1,0.01,-1.0,-1.0,-2.0,0.2557942164191541,0.4462655998286971,0.020127372056254356,22.172074853161224
2019,sample_002019,0.01,0.01,0.001,-2.0,-2.0,-3.0,0.02557942164191542,0.20423668811377188,0.0494905952083729,4.126777769672464
2020,sample_002020,0.01,0.01,0.001,-2.0,-2.0,-3.0,0.02557942164191542,0.4604936367865647,0.011424349285871117,40.30808453625213
2021,sample_002021,0.01,0.01,0.001,-2.0,-2.0,-3.0,0.02557942164191542,0.6057717621840064,0.15665023777648232,3.867033786749541
2022,sample_002022,0.01,0.01,0.001,-2.0,-2.0,-3.0,0.02557942164191542,0.7563642203364318,0.30728778189699135,2.4614197664063955
2023,sample_002023,0.01,0.01,0.001,-2.0,-2.0,-3.0,0.02557942164191542,0.18883420277220192,0.03637646990520722,5.191108517794099
2024,sample_002024,0.2013492173292051,0.0355409216836374,0.0011653928682297534,-0.6960500542128347,-1.4492713138146938,-2.933527643958192,0.2933983104838082,0.7656935375038805,0.3532979872602847,2.1672739871562645
2025,sample_002025,4.564398268029493,0.06891046951625825,0.0009894726603388194,0.659383531903325,-1.161714791042713,-3.004596201081659,5.1079580493961245,0.9417633400558021,0.3649026721512098,2.5808617254124973
2026,sample_002026,0.01,0.01,0.001,-2.0,-2.0,-3.0,0.030736998268131123,0.8202797206354393,0.03068708813925352,26.730451482171585
2027,sample_002027,2.178495404056131,0.17497542259458532,0.5767760282102244,0.3381566480472298,-0.7570229489202775,-0.23899279792864725,3.0333421328487815,0.9293488676086923,0.23424913060051317,3.9673524730966765
2028,sample_002028,0.1,0.1,0.01,-1.0,-1.0,-2.0,0.3073699826813111,0.7351253261726269,0.011797372780724224,62.31263009453692
2029,sample_002029,0.01,0.01,0.001,-2.0,-2.0,-3.0,0.030736998268131123,0.5330688424952212,0.0840701406675243,6.3407630612082695
2030,sample_002030,0.01,0.01,0.001,-2.0,-2.0,-3.0,0.030736998268131123,0.36541061286548454,0.058757293843422306,6.218983022588456
2031,sample_002031,0.01,0.01,0.001,-2.0,-2.0,-3.0,0.030736998268131123,0.2533414575110434,0.12725240944611235,1.9908578439791826
2032,sample_002032,0.01,0.01,0.001,-2.0,-2.0,-3.0,0.030736998268131123,0.27767170243853145,0.024263632724552304,11.443945990723648
2033,sample_002033,2.009963468712216,0.060210584984045946,0.004869063412686079,0.30318816414642047,-1.2203271533258366,-2.3125545693439573,2.408711954251781,1.3607347553081945,0.1967246452057864,6.916951121628814
2034,sample_002034,0.011760300988194278,0.10729074502811736,0.0013243095121337493,-1.9295815629674387,-0.9694377389526991,-2.8780105015257966,0.14301309515319047,0.4601002546083387,0.332057046967115,1.3856060541726865
2035,sample_002035,0.01,0.01,0.001,-2.0,-2.0,-3.0,0.030736998268131123,0.4670419677771939,0.01748215690923584,26.715351555416778
2036,sample_002036,0.014176725797209296,4.138821081016994,0.054101689583818696,-1.8484240605773659,0.6168766524924383,-1.266789171760876,4.190020820506348,20.204626620307664,19.99732633625372,1.0103664000160923
2037,sample_002037,1.8816328322508384,0.017796649296223436,0.006960441132294379,0.274534882383378,-1.7496617577552538,-2.1573632352098144,2.0363756678964755,0.66930469941215,0.2210569295059463,3.027748105015392
2038,sample_002038,0.01,0.01,0.001,-2.0,-2.0,-3.0,0.030736998268131123,0.050606025626810894,0.024668310370442,2.0514589311900306
2039,sample_002039,0.1,0.1,0.01,-1.0,-1.0,-2.0,0.3073699826813111,0.8421665467830018,0.12047125452715604,6.990601617692665
2040,sample_002040,0.01,0.01,0.001,-2.0,-2.0,-3.0,0.03092476015794382,0.474881246018027,0.025490325241188397,18.62986217416688
2041,sample_002041,0.043879364450190576,0.020211431758646668,0.09405602865565059,-1.3577396713838832,-1.694402920385977,-1.0266133624956169,0.09871067542841308,3.1057343951428105,2.376645894428914,1.3067720363487678
2042,sample_002042,0.015124124364545768,0.008116690294346791,0.0005880160413130784,-1.8203297601237107,-2.090621024936217,-3.2306108260348734,0.03595430229018748,0.6501064336708489,0.07181509260941728,9.052504286342714
2043,sample_002043,0.1,0.1,0.01,-1.0,-1.0,-2.0,0.3092476015794378,0.6247179948441292,0.2667926485902682,2.341586239895056
2044,sample_002044,0.01,0.01,0.001,-2.0,-2.0,-3.0,0.03092476015794382,0.5619840804317214,0.11310695535287255,4.9686076216837085
2045,sample_002045,0.1,0.1,0.01,-1.0,-1.0,-2.0,0.3092476015794378,0.8166864438806223,0.030130299559630976,27.105155136752472
2046,sample_002046,0.28773415865560587,0.12449324337004662,0.024102375228957706,-0.5410085773344466,-0.9048542184215149,-1.6179401566782587,0.6316230070304376,0.7632860797374013,0.042332919604512145,18.03055605113626
2047,sample_002047,0.0009528372487458684,35.195909671714,0.13021416142270184,-3.0209812735565693,1.5464921944376977,-0.8853417815643736,35.202222360887504,10.842811844946372,2.0678190407565786,5.243598028277744
2048,sample_002048,0.5695979202214154,0.06665666497969212,0.0005129025821769525,-0.2444316051120916,-1.1761564191055731,-3.289965114499505,0.8593935097775851,0.8036666805792807,0.09961999839059486,8.067322762124789
2049,sample_002049,0.01,0.01,0.001,-2.0,-2.0,-3.0,0.03092476015794382,0.2324854868192779,0.023784941950075158,9.774481993997183
2050,sample_002050,0.01,0.01,0.001,-2.0,-2.0,-3.0,0.03092476015794382,0.14817994832475367,0.039409948398445326,3.7599630130599
2051,sample_002051,0.16554443854065112,0.19617684279655362,0.0028344376423696557,-0.7810854047740525,-0.7073522591335886,-2.5475330930468543,0.5548358625991906,0.7844443220939061,0.07063463708516374,11.10566082682787
2052,sample_002052,0.01,0.01,0.001,-2.0,-2.0,-3.0,0.03092476015794382,0.7505186351140531,0.30746655862919764,2.4409764706124446
2053,sample_002053,0.01,0.01,0.001,-2.0,-2.0,-3.0,0.03092476015794382,0.9224964823001041,0.06228039850175726,14.811987471051193
2054,sample_002054,0.01,0.01,0.001,-2.0,-2.0,-3.0,0.03092476015794382,0.5080750638063969,0.05889679225299602,8.62653201254015
2055,sample_002055,1.2742232433275376,0.0057119204909147165,0.003026008213519183,0.1052455228593665,-2.2432178465045234,-2.5191298975021192,1.3307453129433746,0.7869149713494439,0.23248174765631038,3.3848462482860393
2056,sample_002056,0.01,0.01,0.001,-2.0,-2.0,-3.0,0.03235304348068502,0.6210635738486228,0.029621190709554095,20.96686726534269
2057,sample_002057,7.281364360607469,0.0974745212606138,0.42022044180491064,0.8622127637589188,-1.0111088891421236,-0.3765228249735264,8.102932738968843,0.47430892601990093,0.24835660985221733,1.9097898231987254
2058,sample_002058,0.01,0.01,0.001,-2.0,-2.0,-3.0,0.03235304348068502,0.41020869703494356,0.056490794016582524,7.261514095810537
2059,sample_002059,0.01,0.01,0.001,-2.0,-2.0,-3.0,0.03235304348068502,0.19447680751147373,0.03497279350267263,5.560802785073825
2060,sample_002060,8.797031341353314,0.0075043812560969,0.03768198141914104,0.9443361392428695,-2.124685109968415,-1.4238662689159254,8.878935526513299,0.3862845268071873,0.24690795887352068,1.5644879515814338
2061,sample_002061,0.01,0.01,0.001,-2.0,-2.0,-3.0,0.03235304348068502,0.3844102859945091,0.008312298578634452,46.2459670280107
2062,sample_002062,0.1,0.1,0.01,-1.0,-1.0,-2.0,0.3235304348068507,0.6152563208330587,0.07975528691130676,7.714301391922332
2063,sample_002063,0.1,0.1,0.01,-1.0,-1.0,-2.0,0.3235304348068507,0.7581522318502854,0.2521968815748556,3.006191936696311
2064,sample_002064,0.01,0.01,0.001,-2.0,-2.0,-3.0,0.03235304348068502,0.48204987206593597,0.18449538530671525,2.612801785066601
2065,sample_002065,0.01,0.01,0.001,-2.0,-2.0,-3.0,0.03235304348068502,0.31349951568736056,0.07988035733593934,3.9246133360286377
2066,sample_002066,0.1,0.1,0.01,-1.0,-1.0,-2.0,0.3235304348068507,0.7941228551689402,0.07133278736538354,11.132648596798184
2067,sample_002067,0.01,0.01,0.001,-2.0,-2.0,-3.0,0.03235304348068502,0.14268725076915245,0.05802615868300314,2.459015968102469
2068,sample_002068,0.04124340834766994,0.008364970332316141,0.014288301360778983,-1.384645451889468,-2.0775355949925896,-1.8450193984651069,0.07349706256334304,0.803917599787753,0.07240487058809897,11.103087309707742
2069,sample_002069,0.1,0.1,0.01,-1.0,-1.0,-2.0,0.3235304348068507,0.8100082608502118,0.08956117115942167,9.044190136910693
2070,sample_002070,1.430446005545226,0.009680844581587383,0.022706949531379025,0.15547146931616762,-2.014086752079799,-1.6438412053079068,1.5152730676584207,0.7969805186175771,0.23439647339841013,3.4001386926283974
2071,sample_002071,0.01,0.01,0.001,-2.0,-2.0,-3.0,0.029265925174286243,0.4678086348720644,0.01872869684110583,24.978173272863057
2072,sample_002072,0.01,0.01,0.001,-2.0,-2.0,-3.0,0.029265925174286243,0.3613271260160379,0.05626513905059394,6.42186497915042
2073,sample_002073,0.33042386866007045,0.023058436590928346,0.014095946336736288,-0.48092858831004737,-1.6371701420955422,-1.8509057622878498,0.4391464979654075,1.0779465643697368,0.09365900819332879,11.509267342919799
2074,sample_002074,7.888551299823772,0.10282802728193881,0.0024729166572009013,0.8969972541269753,-0.98788849589622,-2.606790520083377,8.676471430850786,0.4346493712473511,0.20611096868318166,2.108812422862665
2075,sample_002075,0.01,0.01,0.001,-2.0,-2.0,-3.0,0.029265925174286243,0.6177143847855654,0.3176293068446964,1.9447650814148405
2076,sample_002076,0.01,0.01,0.001,-2.0,-2.0,-3.0,0.029265925174286243,0.24138768773273717,0.0884078629791842,2.7303870899986844
2077,sample_002077,1.7040446623872687,0.010888242991300348,0.002436832107547477,0.23148097327935968,-1.963042195611175,-2.6131743917333967,1.800386995188478,0.7574614770639054,0.195234194771125,3.8797582459972504
2078,sample_002078,1.460166638028587,0.014320153832917296,0.10493233649877715,0.16440242143279882,-1.8440523166351275,-0.9790906567169122,1.5770560028052634,1.3649847548824785,0.2021333427651452,6.7528926015359465
2079,sample_002079,0.1,0.1,0.01,-1.0,-1.0,-2.0,0.29265925174286256,0.7421078734552162,0.03746563675353655,19.807694136819
2080,sample_002080,10.789553274372551,0.008626419656974221,0.22884116202328092,1.0330034637291359,-2.064169418173029,-0.6404658556143863,10.882958517175831,3.793758346965168,3.300188882111555,1.1495579442525161
2081,sample_002081,9.760158876108312,0.02223219597727518,0.003971345683630241,0.9894568871805811,-1.653017637898818,-2.401062308363218,9.984791111553058,0.7564705086020961,0.25376084996836223,2.9810371012565944
2082,sample_002082,0.01,0.01,0.001,-2.0,-2.0,-3.0,0.029265925174286243,0.4076713349890319,0.04120406375457164,9.893959426363626
2083,sample_002083,0.01,0.01,0.001,-2.0,-2.0,-3.0,0.029265925174286243,0.49822001026590257,0.04918787806728024,10.128918543394501
2084,sample_002084,0.01,0.01,0.001,-2.0,-2.0,-3.0,0.029265925174286243,0.19283301269549918,0.04317729111537517,4.466074821142092
2085,sample_002085,1.3826515342605976,0.005108030113717721,0.05823573525738851,0.14071273989482158,-2.291746551075246,-1.2348104369573836,1.427488466989869,1.096368948866581,0.5982412508328364,1.8326535446030854
2086,sample_002086,0.4229634490010077,0.06213272531924937,0.018850092752998423,-0.3736971611900488,-1.206679596569515,-1.7246865084811969,0.652263251307595,0.7879021849770705,0.2797761141007026,2.8161881778566453
2087,sample_002087,0.01,0.01,0.001,-2.0,-2.0,-3.0,0.029678967927062847,0.19180386026929905,0.0354503874789257,5.41048699068018
2088,sample_002088,0.1,0.1,0.01,-1.0,-1.0,-2.0,0.2967896792706286,0.7995005341095808,0.293364439821425,2.725281000642913
2089,sample_002089,0.01,0.01,0.001,-2.0,-2.0,-3.0,0.029678967927062847,0.18505630089870323,0.04754599914913724,3.892152951045119
2090,sample_002090,0.1,0.1,0.01,-1.0,-1.0,-2.0,0.2967896792706286,0.6311255114239138,0.274595357004801,2.298383768422127
2091,sample_002091,0.1,0.1,0.01,-1.0,-1.0,-2.0,0.2967896792706286,0.6528137112635465,0.3210584040052912,2.033317624206429
2092,sample_002092,1.0857264289933755,0.0023182508234698973,0.003495201319183499,0.03572040964906886,-2.634839577278471,-2.456527804383975,1.1069419327093852,0.7692471314562703,0.2593222697740162,2.9663751290107987
2093,sample_002093,0.1,0.1,0.01,-1.0,-1.0,-2.0,0.2967896792706286,0.6707960895210823,0.0699437017161615,9.590514557597187
2094,sample_002094,0.01,0.01,0.001,-2.0,-2.0,-3.0,0.029678967927062847,0.3815091445393066,0.05041163229509056,7.56787922093252
2095,sample_002095,0.1,0.1,0.01,-1.0,-1.0,-2.0,0.2967896792706286,0.6830638821103723,0.056909762479210896,12.00257833372429
2096,sample_002096,0.01,0.01,0.001,-2.0,-2.0,-3.0,0.029678967927062847,0.46881165826633875,0.01974773772294723,23.740018469131837
2097,sample_002097,2.530240115546112,0.16961876390580932,0.25030872360871875,0.4031617369499285,-0.7705261060298092,-0.6015240143585814,3.3373598033794973,0.7269666067438151,0.1937907591308016,3.751296553068041
2098,sample_002098,0.01,0.01,0.001,-2.0,-2.0,-3.0,0.029678967927062847,0.09340145616398779,0.04180055123465469,2.2344551304996534
2099,sample_002099,1.0156482591226113,20.452184859565513,0.010507396024543104,0.006743328448939323,1.310739709495845,-1.9785048988424494,23.488776376118462,3.1492696046276465,1.8447060935206647,1.7071931489190193
2100,sample_002100,0.01,0.01,0.001,-2.0,-2.0,-3.0,0.029195257564029894,0.11573796590279663,0.039325634426180374,2.9430667194969917
2101,sample_002101,0.1,0.1,0.01,-1.0,-1.0,-2.0,0.291952575640299,0.3316027905128853,0.04186886758120657,7.920032464926992
2102,sample_002102,0.01,0.01,0.001,-2.0,-2.0,-3.0,0.029195257564029894,0.41453621040689725,0.07981832270957344,5.193496885611424
2103,sample_002103,0.1,0.1,0.01,-1.0,-1.0,-2.0,0.291952575640299,0.7952140431016265,0.28898784166668,2.7517214513779793
2104,sample_002104,0.1,0.1,0.01,-1.0,-1.0,-2.0,0.291952575640299,0.26404843804720246,0.02177428580688668,12.126617625441948
2105,sample_002105,0.01,0.01,0.001,-2.0,-2.0,-3.0,0.029195257564029894,0.5202811688087019,0.08599883916416914,6.04986269425685
2106,sample_002106,0.01,0.01,0.001,-2.0,-2.0,-3.0,0.029195257564029894,0.5023988249880861,0.05323294066881402,9.437743222072482
2107,sample_002107,0.6829326736123276,0.0061418632928215006,0.00024290782932009824,-0.1656221087926708,-2.211699854424048,-3.6145584869416063,0.7298550686759792,0.8009629410383913,0.3490730992305392,2.2945421540758986
2108,sample_002108,0.0708521604569374,0.12369929632407578,0.07804018983741065,-1.1496469025058502,-0.9076327708918184,-1.1076816828290363,0.27425826219089294,0.8600589671398566,0.3911842362697892,2.198603336732355
2109,sample_002109,0.01,0.01,0.001,-2.0,-2.0,-3.0,0.029195257564029894,0.3279583411593287,0.027993141751477074,11.715667504238741
2110,sample_002110,0.1,0.1,0.01,-1.0,-1.0,-2.0,0.291952575640299,0.8907745211032496,0.20734642270111728,4.296068914520268
2111,sample_002111,0.1,0.1,0.01,-1.0,-1.0,-2.0,0.291952575640299,0.7734452637559727,0.2669693769216844,2.897131021820766
2112,sample_002112,0.31470039334139366,0.006971657342304331,0.007390823071375753,-0.5021027142653942,-2.1566639666572067,-2.131307194155629,0.3588318289999408,2.9410226691060015,0.2513195057579719,11.70232553273558
2113,sample_002113,0.05173160096673745,0.03073162311730245,0.018614408890930096,-1.2862440810291371,-1.5124145014985073,-1.7301507504465707,0.12105780867978297,0.6588014279801513,0.29537627344535866,2.2303803223450926
2114,sample_002114,0.1,0.1,0.01,-1.0,-1.0,-2.0,0.291952575640299,0.7599868182916474,0.2534062855822388,2.9990843224171178
2115,sample_002115,0.1,0.1,0.01,-1.0,-1.0,-2.0,0.28052706765579805,0.6696170571187899,0.05851936236982905,11.442658122058177
2116,sample_002116,1.4615093346906536,0.02804509933325664,0.0027499853523877786,0.1648015935502425,-1.5521430174191702,-2.5606696194039564,1.6519349831984949,0.34271496477950947,0.025570251256607324,13.40287826428582
2117,sample_002117,0.1,0.1,0.01,-1.0,-1.0,-2.0,0.28052706765579805,0.5274227652566104,0.2194869329165783,2.4029802514807157
2118,sample_002118,0.925056675760401,0.014238025920881359,0.11589395943548002,-0.03383165837883961,-1.8465502207482594,-0.9359391995170316,1.0281184342587244,0.7584621370612361,0.24516565024082618,3.0936721205282995
2119,sample_002119,0.1,0.1,0.01,-1.0,-1.0,-2.0,0.28052706765579805,0.8110876371715496,0.08691902367555057,9.331531842777707
2120,sample_002120,0.21643745108596568,0.016516275237534052,0.001071443965785428,-0.6646675892553411,-1.7820878883823288,-2.9700305366954316,0.2876630885658551,0.8024740098802164,0.2884644570375575,2.781881754589044
2121,sample_002121,1.193857802050939,0.06937176437878712,1.330945670769122,0.07695260195057685,-1.1588172596560575,0.12416032792640941,1.5228534157351143,0.7768002518037559,0.25104296610491367,3.0942920403478755
2122,sample_002122,1.6980893707211975,0.17342806489832552,0.0017415143058741476,0.22996054349902284,-0.7608806217142963,-2.759072953627977,2.3727598899270737,0.755753177522931,0.20841524505243622,3.6261895205064647
2123,sample_002123,0.01,0.01,0.001,-2.0,-2.0,-3.0,0.028052706765579784,0.7502159253549575,0.3011393194273784,2.491258620035092
2124,sample_002124,0.1,0.1,0.01,-1.0,-1.0,-2.0,0.28052706765579805,0.4402268793543913,0.07690598734792306,5.724221150205156
2125,sample_002125,4.273878663705176,0.009223858908637427,0.00038633928809255397,0.63082218829335,-2.0350873487824,-3.4130311247979814,4.373003901448621,0.7748551924987643,0.24832684987669273,3.120303716185022
2126,sample_002126,0.1,0.1,0.01,-1.0,-1.0,-2.0,0.28052706765579805,0.7921232183989395,0.06839425183306878,11.581722106300548
2127,sample_002127,0.11379648970078853,0.007966589591825106,0.004090766444812611,-0.9438711344883153,-2.09872755544604,-2.388195315081089,0.1492064461031033,0.7964575226979881,0.22586207539455289,3.5263003818001586
2128,sample_002128,0.14310628076628623,0.038929642758765634,0.0030461721206773234,-0.8443413051481095,-1.409719581604434,-2.5162455609643626,0.25017113679241537,0.9731358431391853,0.010863247681880402,89.5805629804749
2129,sample_002129,5.177294932229721,0.06829348231332454,0.17068198777006824,0.7141029059112531,-1.1656207418590911,-0.767812307970301,5.693009067470672,0.8002437774231712,0.24825756458462905,3.223441665361115
2130,sample_002130,2.273227156813613,0.10667600512559396,0.2418483023930527,0.35664283564642574,-0.9719332564279419,-0.6164569567101639,2.7878423646287365,0.8367149902973512,0.27611753731291416,3.030285574904038
2131,sample_002131,1.4900470254021323,0.05918917382943033,0.17224162761605086,0.17319997482192662,-1.2277577219275146,-0.7638618792520928,1.7927563688110972,2.219365834186765,0.24448195594912617,9.0778308181099
2132,sample_002132,0.01,0.01,0.001,-2.0,-2.0,-3.0,0.02708233041034647,0.2618627511956385,0.06834450316870369,3.831511519649918
2133,sample_002133,0.1,0.1,0.01,-1.0,-1.0,-2.0,0.2708233041034648,0.7906781803447713,0.060865965540508625,12.99048118802198
2134,sample_002134,0.1852568308608601,5.259448332754571,0.00022919811290243692,-0.7322257695808361,0.7209401930880981,-3.6397889624438813,5.6771517635064,2.7598591410741946,1.9269766575278737,1.4322224040922371
2135,sample_002135,0.01,0.01,0.001,-2.0,-2.0,-3.0,0.02708233041034647,0.1873549608202389,0.03675549134150105,5.0973325068489626
2136,sample_002136,0.01,0.01,0.001,-2.0,-2.0,-3.0,0.02708233041034647,0.48985640944732417,0.040778451045833275,12.012629143190015
2137,sample_002137,0.01,0.01,0.001,-2.0,-2.0,-3.0,0.02708233041034647,0.5079905226058917,0.05891422315324329,8.622544700021667
2138,sample_002138,0.01,0.01,0.001,-2.0,-2.0,-3.0,0.02708233041034647,0.49013845373634746,0.041059553126904694,11.937257383719045
2139,sample_002139,0.6499060950927273,0.017360717498194487,0.008757598661976252,-0.18714939001750253,-1.760432329904492,-2.0576149612771273,0.7515850029474997,13.233410802441307,12.720344479845325,1.040334310396146
2140,sample_002140,0.3190942233425552,0.027078009509396653,0.013777077604547277,-0.4960810578972463,-1.5673832635783818,-1.8608428952599514,0.4247834380960803,0.6090795547144279,0.2454181429226609,2.4818032907467984
2141,sample_002141,0.01,0.01,0.001,-2.0,-2.0,-3.0,0.02708233041034647,0.42993260207395706,0.05109587606264136,8.414232912786895
2142,sample_002142,0.01,0.01,0.001,-2.0,-2.0,-3.0,0.02708233041034647,0.10261639920182483,0.03763338586114718,2.7267384226452585
2143,sample_002143,0.18473499805230006,0.012461919566311399,0.03271884948595392,-0.7334508196592111,-1.9044150561642175,-1.485201976109713,0.23756555552327746,0.3730193613127409,0.026949685764330503,13.841325074240903
2144,sample_002144,1.61183185008951,0.031077064992387125,0.39183865486203684,0.2073197332586041,-1.507560003957349,-0.406892723100837,1.8143667142363205,0.7714938200700835,0.26252382231499427,2.9387573792994366
2145,sample_002145,0.01,0.01,0.001,-2.0,-2.0,-3.0,0.029816503713531256,0.48433772084685145,0.03525942757128446,13.736403402115911
2146,sample_002146,0.01,0.01,0.001,-2.0,-2.0,-3.0,0.029816503713531256,0.48021554577643744,0.03134347780184126,15.321067713431193
2147,sample_002147,3.9109854526792707,0.0066667392033792705,0.0023752030482590645,0.5922862005512437,-2.1760865337372852,-2.6242992580521087,3.983221589570579,0.8301365761604619,0.2514942013374749,3.300817958210172
2148,sample_002148,0.01,0.01,0.001,-2.0,-2.0,-3.0,0.029816503713531256,0.4700068227863226,0.020752061616084776,22.648680959101608
2149,sample_002149,0.01,0.01,0.001,-2.0,-2.0,-3.0,0.029816503713531256,0.16308902089526003,0.1170575628647302,1.3932377960382025
2150,sample_002150,0.14187099917142135,0.012629047469965576,0.012223008133542608,-0.8481063725977744,-1.898629404324954,-1.9128218992466568,0.19901411421555193,0.47549931683426705,0.2590184425751302,1.835773978512534
2151,sample_002151,0.1,0.1,0.01,-1.0,-1.0,-2.0,0.2981650371353126,0.4506608651639211,0.023690923033833317,19.02251189285983
2152,sample_002152,0.01,0.01,0.001,-2.0,-2.0,-3.0,0.029816503713531256,0.7580462932048749,0.30899560088719275,2.4532591759506
2153,sample_002153,0.01,0.01,0.001,-2.0,-2.0,-3.0,0.029816503713531256,1.092457123588355,0.6497975024462398,1.6812270276134802
2154,sample_002154,0.1,0.1,0.01,-1.0,-1.0,-2.0,0.2981650371353126,0.4690728758207915,0.07317445872523923,6.410336119903536
2155,sample_002155,2.4001110801604955,0.003102862867427617,0.0063343860467904,0.3802313418717711,-2.5082374178529943,-2.198295472242636,2.434356369862958,0.7579487059609946,0.13173600720167986,5.753542422161171
2156,sample_002156,7.044719249287038,0.09297759517056522,0.0005185537333800863,0.8478636900053491,-1.031621690865987,-3.285206234643579,7.78758282501629,3.9626165054843843,3.5049016466992162,1.1305927826009687
2157,sample_002157,0.01,0.01,0.001,-2.0,-2.0,-3.0,0.029816503713531256,0.37625596853220694,0.0730541920794762,5.150367936762278
2158,sample_002158,0.01,0.01,0.001,-2.0,-2.0,-3.0,0.029816503713531256,0.7511626598482015,0.30207536271536795,2.486673037800797
2159,sample_002159,0.1,0.1,0.01,-1.0,-1.0,-2.0,0.2981650371353126,0.47412603514977575,0.1941119482004387,2.442539161268921
2160,sample_002160,0.5818816479579728,0.1713643341895751,0.0005732852599512001,-0.23516533986152854,-0.7660795620887146,-3.241629224463163,1.0415068906731042,0.7608272786314102,0.267517775512515,2.8440251387923836
2161,sample_002161,9.519227259123026,0.018305303744451135,0.0019048731977445144,0.9786016951576046,-1.7374230603664662,-2.720133928834936,9.717130510485179,0.8070334274045297,0.29463857285774664,2.739062369115433
2162,sample_002162,0.01,0.01,0.001,-2.0,-2.0,-3.0,0.028097438384315047,0.5033914626873028,0.054265800452175314,9.276403526581054
2163,sample_002163,0.01,0.01,0.001,-2.0,-2.0,-3.0,0.028097438384315047,0.340441352710358,0.041116168560709876,8.279987280616409
2164,sample_002164,0.01,0.01,0.001,-2.0,-2.0,-3.0,0.028097438384315047,0.22795252481974465,0.05300572427018002,4.300526555543856
2165,sample_002165,0.01,0.01,0.001,-2.0,-2.0,-3.0,0.028097438384315047,1.5027869700584764,0.18896825716116028,7.952589459386477
2166,sample_002166,0.05644597889116876,0.025866538963933657,0.0005824315782817096,-1.2483669909857502,-1.5872616775618287,-3.234755086473681,0.11617326708157054,0.5914218046805084,0.01922075667592409,30.76995430785111
2167,sample_002167,0.1,0.1,0.01,-1.0,-1.0,-2.0,0.28097438384315054,0.6915145812521288,0.33401657017500036,2.0703002275899833
2168,sample_002168,0.1,0.1,0.01,-1.0,-1.0,-2.0,0.28097438384315054,0.8106807426650704,0.09139661215280082,8.869921144448321
2169,sample_002169,0.0002198153110214196,10.537924169220151,0.007599566884868041,-3.6579420604997552,1.0227550690699694,-2.1192111583602387,10.538603772891497,3.4509282546024873,1.5306619096270038,2.254533305426944
2170,sample_002170,0.01,0.01,0.001,-2.0,-2.0,-3.0,0.028097438384315047,0.45010920236585417,0.001142988802505572,393.8001854254035
2171,sample_002171,0.05356273470871082,0.019599090798231474,0.018586429249555926,-1.271137257676024,-1.7077640750960583,-1.730804037133277,0.10238961351236298,0.7490821809136582,0.2347286070902043,3.191269228747189
2172,sample_002172,0.6656806859576881,0.0008279314064631091,0.09190808884093252,-0.17673404347447086,-3.082005642718216,-1.0366462646270511,0.6752243976305999,0.6115954851054874,0.26932343418559396,2.2708587797229325
2173,sample_002173,0.1,0.1,0.01,-1.0,-1.0,-2.0,0.28097438384315054,0.0740147797571279,0.07162669649465848,1.0333406869133983
2174,sample_002174,0.01,0.01,0.001,-2.0,-2.0,-3.0,0.028097438384315047,0.42253510170089437,0.02043929184220013,20.672687926912626
2175,sample_002175,0.3667744467375949,5.67255289845351,8.709404884780432e-05,-0.43560092934726136,0.7537785545171927,-4.060011519399444,6.414245817743752,1.4497603083144253,1.2684148071173813,1.1429701862351895
2176,sample_002176,0.1,0.1,0.01,-1.0,-1.0,-2.0,0.26232523434039107,1.171638149580879,0.41101949578098246,2.8505658773062263
2177,sample_002177,0.22651724392383402,0.01679582370191732,0.0010872819265104713,-0.6448987311526615,-1.774798692600799,-2.963657831026387,0.28989522039171867,0.5586649671719102,0.031012745119243932,18.014044388003857
2178,sample_002178,0.44126577429861435,0.001318362394620217,0.06729449335785881,-0.355299756236656,-2.879965193421424,-1.1720204722119858,0.45355644952064345,0.6730763880034858,0.25865485259329596,2.6022182891802093
2179,sample_002179,1.1707492357038465,0.007990759172206536,0.019006276892665912,0.0684638829352533,-2.0974119580279824,-1.7211029480124491,1.2335237381398043,0.9132960038192016,0.8242243637769102,1.1080672253294372
2180,sample_002180,8.671726345615872,0.05055177496740521,0.0005397245694354136,0.9381055643437373,-1.2962635909134086,-3.267827811456093,9.083323839851564,12.562844357700472,12.512454912982658,1.0040271429602141
2181,sample_002181,0.01,0.01,0.001,-2.0,-2.0,-3.0,0.026232523434039083,0.3530881423551705,0.06337216993483298,5.571659337501918
2182,sample_002182,0.1,0.1,0.01,-1.0,-1.0,-2.0,0.26232523434039107,2.924833036506831,0.2685728974483674,10.890276212882293
2183,sample_002183,0.01,0.01,0.001,-2.0,-2.0,-3.0,0.026232523434039083,0.7760694188391046,0.3270055543691573,2.373260663221023
2184,sample_002184,0.01,0.01,0.001,-2.0,-2.0,-3.0,0.026232523434039083,0.45661741103441134,0.157241009778741,2.903933342052005
2185,sample_002185,0.1,0.1,0.01,-1.0,-1.0,-2.0,0.26232523434039107,0.27768100414800445,0.03888673678315527,7.140763846975422
2186,sample_002186,0.1,0.1,0.01,-1.0,-1.0,-2.0,0.26232523434039107,1.5022036728508046,0.3450356194552447,4.353764041006957
2187,sample_002187,0.01,0.01,0.001,-2.0,-2.0,-3.0,0.026232523434039083,0.3464975503773131,0.021577952406739244,16.0579439534353
2188,sample_002188,0.3746533370078897,18.408775276136627,7.057005090665577e-05,-0.4263703948217632,1.2650248961352748,-4.151379569281585,19.185702693451933,10.00223242098226,1.8996623524358662,5.2652685400417445
2189,sample_002189,0.1,0.1,0.01,-1.0,-1.0,-2.0,0.26232523434039107,0.7675016787987354,0.04372012603593867,17.554882576684165
2190,sample_002190,0.01,0.01,0.001,-2.0,-2.0,-3.0,0.02837218650341925,1.1775733156059167,0.10489368727878237,11.226350661848773
2191,sample_002191,0.1,0.1,0.01,-1.0,-1.0,-2.0,0.2837218650341927,0.6381616058288724,0.10807342977320693,5.904888992308843
2192,sample_002192,0.049361480790675004,0.01269857675824656,0.032546222735645385,-1.3066118204178299,-1.8962449515382906,-1.4874994077180927,0.0850731156380016,0.4729309957138441,0.0907831656522232,5.2094569771401495
2193,sample_002193,0.22721758266735545,0.06680643175693858,0.1250889834756659,-0.6435580648626322,-1.1751817240202271,-0.9027809367206681,0.40701568934941557,0.47858169707670173,0.019487228412854045,24.558735954519967
2194,sample_002194,0.01,0.01,0.001,-2.0,-2.0,-3.0,0.02837218650341925,0.5390771007000095,0.09000576557705868,5.989361873028869
2195,sample_002195,0.01,0.01,0.001,-2.0,-2.0,-3.0,0.02837218650341925,0.4950037931364838,0.046070101398805005,10.744577895574666
2196,sample_002196,0.01,0.01,0.001,-2.0,-2.0,-3.0,0.02837218650341925,0.5294095939682799,0.08036395855813175,6.587649531790153
2197,sample_002197,0.01,0.01,0.001,-2.0,-2.0,-3.0,0.02837218650341925,0.16547438895984398,0.06633409529978362,2.4945601234480654
2198,sample_002198,0.1,0.1,0.01,-1.0,-1.0,-2.0,0.2837218650341927,0.2866722766573785,0.011002526041841643,26.055132754713682
2199,sample_002199,0.01,0.01,0.001,-2.0,-2.0,-3.0,0.02837218650341925,0.44578168968058635,0.1276814169872596,3.4913591985360535
2200,sample_002200,0.01,0.01,0.001,-2.0,-2.0,-3.0,0.02837218650341925,0.5181095703183354,0.10116801205166812,5.121278552490767
2201,sample_002201,0.01,0.01,0.001,-2.0,-2.0,-3.0,0.02837218650341925,0.5339885101486987,0.08493762841035031,6.286830938684745
2202,sample_002202,0.01,0.01,0.001,-2.0,-2.0,-3.0,0.02837218650341925,0.2708700736202985,0.11983660048833047,2.260328418166998
2203,sample_002203,3.1739040254550837,0.17991424745004667,0.04152465831309054,0.5015937901423815,-0.744934443414139,-1.3816939324671722,3.9964971920601937,23.313735083419193,22.75343162798854,1.0246250088598254
2204,sample_002204,0.01,0.01,0.001,-2.0,-2.0,-3.0,0.02837218650341925,0.25906610108006023,0.0514616589381436,5.034157592771253
2205,sample_002205,0.1,0.1,0.01,-1.0,-1.0,-2.0,0.2773075854573909,0.8571463236242807,0.35093173805858846,2.4424873292058273
2206,sample_002206,0.7196130644754546,0.02794120001875601,0.15815022672078097,-0.14290096069878366,-1.5537549457403648,-0.8009301811525358,0.8651010547615102,0.7932992274968059,0.14355466112886706,5.526112640708141
2207,sample_002207,0.01,0.01,0.001,-2.0,-2.0,-3.0,0.027730758545739087,0.4763432344522442,0.029819661110393823,15.974133062371116
2208,sample_002208,2.067829419369288,0.025427325704411103,0.0013940598210547316,0.3155147098173732,-1.594699313945068,-2.8557185896551216,2.252049336038836,0.41404262430773187,0.21098176585138684,1.9624569101359157
2209,sample_002209,0.01,0.01,0.001,-2.0,-2.0,-3.0,0.027730758545739087,0.5034417329843222,0.07648723873656423,6.582035661115521
2210,sample_002210,2.487328558223521,11.241524514967594,0.0016092062033762167,0.3957331562384985,1.050825211903998,-2.7933883019230064,16.623151007714046,1.8221682315080714,1.4007353413183403,1.3008654652727532
2211,sample_002211,0.1,0.1,0.01,-1.0,-1.0,-2.0,0.2773075854573909,0.740410357325222,0.17627187574413422,4.200388486249262
2212,sample_002212,1.76134393810248,0.010081405211949227,0.2851508985484314,0.24584416904806794,-1.9964789288764688,-0.5449252555570077,1.8477351903621417,0.6899199556345663,0.35416604676377694,1.9480126961315742
2213,sample_002213,0.01,0.01,0.001,-2.0,-2.0,-3.0,0.027730758545739087,0.37410470256074735,0.14931269996489654,2.5055116051662014
2214,sample_002214,0.01,0.01,0.001,-2.0,-2.0,-3.0,0.027730758545739087,0.09246558876266571,0.018256227006271716,5.064879437076469
2215,sample_002215,0.01,0.01,0.001,-2.0,-2.0,-3.0,0.027730758545739087,0.5011177356024394,0.05182515323271049,9.6693922611723
2216,sample_002216,0.01,0.01,0.001,-2.0,-2.0,-3.0,0.027730758545739087,0.3718411162419286,0.08994836673500818,4.133939611570589
2217,sample_002217,0.48113577152505416,0.019641888805755483,0.0009772322308479258,-0.3177323529323699,-1.706816751860936,-3.010002217662002,0.5817776290324732,0.8594715565264127,0.008095481469084224,106.16682402506169
2218,sample_002218,0.551353879027848,0.0626585614435342,0.003397153348335581,-0.2585695656177034,-1.2030195801582195,-2.46888484852803,0.7785623507700971,0.8284076736098598,0.3212815907621953,2.578447372737975
2219,sample_002219,0.01,0.01,0.001,-2.0,-2.0,-3.0,0.027730758545739087,0.3704917185760039,0.0566765759748468,6.536946034644524
2220,sample_002220,0.01,0.01,0.001,-2.0,-2.0,-3.0,0.028186849568406808,0.27396751913394557,0.0501905475812177,5.458548119854935
2221,sample_002221,0.01,0.01,0.001,-2.0,-2.0,-3.0,0.028186849568406808,0.23002171676428068,0.0211827996124323,10.858891221785418
2222,sample_002222,0.01,0.01,0.001,-2.0,-2.0,-3.0,0.028186849568406808,0.7228465618596543,0.11954589118438305,6.046603147110788
2223,sample_002223,0.01,0.01,0.001,-2.0,-2.0,-3.0,0.028186849568406808,0.3454140360894561,0.04532113713766814,7.621477701237316
2224,sample_002224,0.1,0.1,0.01,-1.0,-1.0,-2.0,0.28186849568406847,0.7011703246371737,0.03343180833741579,20.973149808724127
2225,sample_002225,0.01,0.01,0.001,-2.0,-2.0,-3.0,0.028186849568406808,0.45557711580652305,0.3022844288401011,1.5071140698666583
2226,sample_002226,0.01,0.01,0.001,-2.0,-2.0,-3.0,0.028186849568406808,0.6336199469310991,0.01999453034837298,31.6896639176453
2227,sample_002227,0.1,0.1,0.01,-1.0,-1.0,-2.0,0.28186849568406847,0.853822771547871,0.13054488106744402,6.540453862045778
2228,sample_002228,0.01,0.01,0.001,-2.0,-2.0,-3.0,0.028186849568406808,0.05953145329941934,0.023172760988252335,2.5690272009278226
2229,sample_002229,0.1,0.1,0.01,-1.0,-1.0,-2.0,0.28186849568406847,0.762164420013308,0.25554627748424485,2.982490793904433
2230,sample_002230,0.01,0.01,0.001,-2.0,-2.0,-3.0,0.028186849568406808,0.520041816809069,0.053300701273109485,9.756753745966812
2231,sample_002231,0.7580974499254134,0.051401090166371864,0.08847008462629849,-0.1202749642299441,-1.2890276699498822,-1.0532035573027807,0.9866387984298761,0.46190594281166386,0.2507145545230833,1.8423579105342136
2232,sample_002232,0.01,0.01,0.001,-2.0,-2.0,-3.0,0.028186849568406808,0.725058779671234,0.0508970263237048,14.245601993716967
2233,sample_002233,0.1,0.1,0.01,-1.0,-1.0,-2.0,0.28186849568406847,0.496049516629676,0.2884710510146531,1.7195816179297618
2234,sample_002234,0.01,0.01,0.001,-2.0,-2.0,-3.0,0.028186849568406808,0.14891584261152033,0.025953998752706584,5.737683970412875
2235,sample_002235,0.0550224103297756,0.02169600286977026,0.009618691991696965,-1.2594603886829274,-1.6636202703680958,-2.0168839819549857,0.13202273783943608,0.8364068124057858,0.10602102554185105,7.88906547669283
2236,sample_002236,4.02860335869354,0.01564104553622066,0.0003556588296502856,0.6051545104734091,-1.805734219598767,-3.4489664049591133,4.284013899875717,0.7259248341944908,0.3026500181125495,2.3985620047923932
2237,sample_002237,0.01,0.01,0.001,-2.0,-2.0,-3.0,0.03512710290685304,0.3051487773803661,0.10986686981257,2.7774412605086676
2238,sample_002238,0.1,0.1,0.01,-1.0,-1.0,-2.0,0.35127102906853047,0.7512059934770459,0.24479116295643824,3.0687627135082756
2239,sample_002239,0.1,0.1,0.01,-1.0,-1.0,-2.0,0.35127102906853047,0.7879427812080891,0.28246651099456843,2.7895086693064317
2240,sample_002240,1.8745869995361004,0.1909479211091736,0.005768172010513744,0.27290560082141546,-0.7190850655217664,-2.238961797161185,3.019394292082561,0.8135359895760125,0.14792815661687453,5.4995344238826975
2241,sample_002241,0.1,0.1,0.01,-1.0,-1.0,-2.0,0.35127102906853047,0.7992291348505877,0.29336927243549427,2.724310996225146
2242,sample_002242,0.18612412802392797,0.01198635010728839,0.051788632301512635,-0.7301973238685573,-1.9213130412196437,-1.2857655582184302,0.271637694531635,0.8175282292667081,0.09288487473928153,8.801521577774931
2243,sample_002243,2.5957286771683132,0.01848621051283741,0.005058291393481202,0.41425929515190685,-1.7331521057166448,-2.2959961558267716,2.8611469011627344,5.62261095979291,5.00628794424409,1.1231097816212166
2244,sample_002244,0.14432407332798292,0.016410683497990353,0.005161599843156111,-0.8406612223263732,-1.7848733303896918,-2.2872156674879003,0.23863502093657984,1.3477742930306131,0.6241981287839468,2.1592091210787934
2245,sample_002245,0.1,0.1,0.01,-1.0,-1.0,-2.0,0.35127102906853047,0.8016684622473392,0.08007553158090913,10.011403563863016
2246,sample_002246,0.01,0.01,0.001,-2.0,-2.0,-3.0,0.03512710290685304,0.37881689148460956,0.08706335845182585,4.351048457362435
2247,sample_002247,0.01,0.01,0.001,-2.0,-2.0,-3.0,0.03512710290685304,0.6897206843568577,0.012609263564526832,54.699521572157714
2248,sample_002248,1.4732466747609894,0.0027685341306726004,0.02472203192616872,0.1682754695298998,-2.557750118107834,-1.6069158370598862,1.5238087762189265,1.0228327837513147,0.5028594323849757,2.034033206656172
2249,sample_002249,0.01,0.01,0.001,-2.0,-2.0,-3.0,0.03512710290685304,0.75068705841873,0.30149925547905326,2.4898471381826814
2250,sample_002250,1.039765769403968,0.030654843198239398,0.0007425651435099822,0.01693551572914931,-1.5135009009790417,-3.129265440696395,1.2181755863799588,0.8241894954940494,0.2615582229231029,3.1510746872460516
2251,sample_002251,0.0037381253927900523,3.4738430600426344,0.00020702651589858743,-2.4273461346095644,0.5408101941637389,-3.6839740266641288,3.4843294906542166,2.068565608736563,1.189755131653612,1.738648192138086
2252,sample_002252,0.1,0.1,0.01,-1.0,-1.0,-2.0,0.28597995950362437,0.5177362464066189,0.01647381568360532,31.427828036334535
2253,sample_002253,0.01,0.01,0.001,-2.0,-2.0,-3.0,0.028597995950362436,0.6501824809948897,0.34683399282008803,1.874621560903797
2254,sample_002254,0.07143603379297891,0.019983018967315053,0.0009488544029775818,-1.1460826659565768,-1.6993388994032737,-3.02280042280399,0.12732282118116167,0.3580989170857403,0.023398290828820473,15.304490388018328
2255,sample_002255,0.0034225735390866793,14.399630415653599,0.11425755755712905,-2.465647211630369,1.1583513455326075,-0.9421150639337812,14.41086332899199,1.9565367458010288,1.5640315579949582,1.2509573325420944
2256,sample_002256,0.01,0.01,0.001,-2.0,-2.0,-3.0,0.028597995950362436,1.2102158038342117,0.3020163177237125,4.007120585257016
2257,sample_002257,0.326246564856363,0.007703330260367471,0.001039150221079969,-0.48645405244072837,-2.1133214824866435,-2.9833216656572015,0.3739132982430935,0.74243885396641,0.03192546170662755,23.255383455027175
2258,sample_002258,0.1,0.1,0.01,-1.0,-1.0,-2.0,0.28597995950362437,0.7937400802699635,0.07035552036233064,11.2818450660617
2259,sample_002259,0.01,0.01,0.001,-2.0,-2.0,-3.0,0.028597995950362436,0.024877471295263884,0.011838387169800823,2.1014240317063764
2260,sample_002260,5.081562671605679,0.007180537413005669,0.0025051307454794186,0.705997286160823,-2.1438430506367196,-2.60116960290713,5.150651523389187,0.8002448536812057,0.23894630084002233,3.3490573022805656
2261,sample_002261,0.01,0.01,0.001,-2.0,-2.0,-3.0,0.028597995950362436,0.5829263261217318,0.13348346142103285,4.367030341557211
2262,sample_002262,2.3925764620488756,0.07177606107154304,0.123868690440607,0.37886582587010587,-1.1440203785721756,-0.9070384538113387,2.808266312004762,0.8533301089275176,0.27858823534015104,3.0630514884651086
2263,sample_002263,1.2381057356340828,0.06083362717221732,0.013966777535001767,0.09275773550925237,-1.2158562881907686,-1.8549037843083758,1.5421674169559427,0.5120719675050809,0.24452047142278338,2.09418853368597
2264,sample_002264,0.26565906396762257,0.010900356795628613,0.04167771675855785,-0.5756753618962778,-1.9625592862945482,-1.380096081126963,0.32324135585435426,0.8205944732280983,0.30681592559025594,2.674549802620022
2265,sample_002265,0.01,0.01,0.001,-2.0,-2.0,-3.0,0.026439223355366186,0.4832221649940417,0.03409699462099633,14.171987014259667
2266,sample_002266,0.1,0.1,0.01,-1.0,-1.0,-2.0,0.26439223355366176,1.8748466114458133,0.27265266857211035,6.876318582409032
2267,sample_002267,0.3021433537311982,0.029474016943937486,0.09956721995037779,-0.5197869545170049,-1.5305606711503672,-1.001883618783813,0.4014190894202932,0.7546467241853603,0.030136134633880755,25.041258056265235
2268,sample_002268,2.34582800096499,0.003279440065497028,0.027679527582173243,0.3702961659337243,-2.4842003017833725,-1.55784132643371,2.3719494079511767,0.6963618480547391,0.33443489431770285,2.082204518387417
2269,sample_002269,0.01,0.01,0.001,-2.0,-2.0,-3.0,0.026439223355366186,1.3842950345371547,0.028109947928063938,49.24573457338658
2270,sample_002270,1.4381859567724595,0.03018944190143007,0.03809542842091394,0.15781504375118338,-1.5201449155085234,-1.4191271379908876,1.5983707389117159,0.49067510821215254,0.2260479900051251,2.1706678665934063
2271,sample_002271,0.1,0.1,0.01,-1.0,-1.0,-2.0,0.26439223355366176,0.5828792933600295,0.14337099998672584,4.065531337676351
2272,sample_002272,0.01,0.01,0.001,-2.0,-2.0,-3.0,0.026439223355366186,0.5189248961523589,0.06970610100857269,7.4444688290418055
2273,sample_002273,0.1,0.1,0.01,-1.0,-1.0,-2.0,0.26439223355366176,0.47153756833159655,0.04677210124842749,10.08159898198822
2274,sample_002274,0.01,0.01,0.001,-2.0,-2.0,-3.0,0.026439223355366186,0.47327742348380625,0.024192963601492538,19.56260635446119
2275,sample_002275,2.12378879694702,0.16296531494418764,0.0010020562233800062,0.32711132555390243,-0.787904819714254,-2.999107910386269,2.7165526713840906,0.5292233124640566,0.21291776109737684,2.485576166762429
2276,sample_002276,0.01,0.01,0.001,-2.0,-2.0,-3.0,0.026439223355366186,0.5157010114308529,0.06660038721798782,7.743213410200254
2277,sample_002277,0.01,0.01,0.001,-2.0,-2.0,-3.0,0.026439223355366186,0.2728010153894101,0.09192984941587784,2.967491158995554
2278,sample_002278,0.01,0.01,0.001,-2.0,-2.0,-3.0,0.026439223355366186,1.4512814202139568,0.9979000948263346,1.4543353866165576
2279,sample_002279,0.01,0.01,0.001,-2.0,-2.0,-3.0,0.026439223355366186,0.18346405901646384,0.05735417716606446,3.1987915803457216
2280,sample_002280,0.01,0.01,0.001,-2.0,-2.0,-3.0,0.031132566133125095,0.4754815579995983,0.026416167231395164,17.999642182553135
2281,sample_002281,0.16327347974075548,0.00828925615931886,0.0019401770058791225,-0.7870843513171657,-2.0814844393408176,-2.7121586467863494,0.21597437494983315,0.9668909529043981,0.25561354040697676,3.7826280695653147
2282,sample_002282,0.03884795506552126,0.02201554398024078,0.002991854762661739,-1.4106318372783617,-1.6572705791257318,-2.524059492794719,0.09535862448718838,0.8917749115761908,0.32576084082003637,2.737514150968329
2283,sample_002283,0.01,0.01,0.001,-2.0,-2.0,-3.0,0.031132566133125095,0.47807626152768135,0.027734014934775418,17.23790308226257
2284,sample_002284,1.6912419390376623,17.137873718436452,0.00048034376035020884,0.22820573963388036,1.2339569383787552,-3.3184478463968428,22.36481593265142,5.230828189279732,5.178847683295975,1.0100370795131544
2285,sample_002285,1.8929665060771106,0.07820059916954684,0.053425225799077596,0.2771429296771739,-1.1067899193822104,-1.2722536336358408,2.4292292445230412,0.7813781415750793,0.28479837522234697,2.743618677476808
2286,sample_002286,0.01,0.01,0.001,-2.0,-2.0,-3.0,0.031132566133125095,0.34072182212166013,0.040651135276474334,8.381606560416113
2287,sample_002287,0.01,0.01,0.001,-2.0,-2.0,-3.0,0.031132566133125095,0.35428216279031155,0.020059660038192234,17.66142407776514
2288,sample_002288,0.01,0.01,0.001,-2.0,-2.0,-3.0,0.031132566133125095,0.5951420621164356,0.06129720447512693,9.709122417775696
2289,sample_002289,0.01,0.01,0.001,-2.0,-2.0,-3.0,0.031132566133125095,0.36496428943880765,0.02463026919555005,14.817714193101297
2290,sample_002290,0.0011372264362265088,18.074542311547667,0.010495727956467266,-2.9441530531551376,1.257067308783391,-1.9789874344981637,18.078820389739544,2.321816105789023,2.222442853921045,1.0447135239912488
2291,sample_002291,0.01,0.01,0.001,-2.0,-2.0,-3.0,0.031132566133125095,0.46967527637751405,0.020273257911147636,23.167232343019432
2292,sample_002292,0.10410842965595181,0.19439720846945235,0.10596195597390835,-0.9825141042565475,-0.711309975803867,-0.9748500335681358,0.44346049752808825,0.7801999567023378,0.0656899685640156,11.877003045632824
2293,sample_002293,0.01,0.01,0.001,-2.0,-2.0,-3.0,0.031132566133125095,0.34524100840639577,0.045681189724173996,7.557618584169623
2294,sample_002294,0.1,0.1,0.01,-1.0,-1.0,-2.0,0.31132566133125084,0.4620720929754171,0.12308252232852407,3.754164963747522
2295,sample_002295,0.01,0.01,0.001,-2.0,-2.0,-3.0,0.028664754865490857,0.49222890085885723,0.0427731219168422,11.507902131058591
2296,sample_002296,0.01,0.01,0.001,-2.0,-2.0,-3.0,0.028664754865490857,0.5053250806362022,0.0561181571754253,9.004662769957974
2297,sample_002297,0.01,0.01,0.001,-2.0,-2.0,-3.0,0.028664754865490857,0.6952580596310587,0.24610110450086572,2.8250911796643843
2298,sample_002298,0.01,0.01,0.001,-2.0,-2.0,-3.0,0.028664754865490857,0.511514632017941,0.06225329742396584,8.21666728003747
2299,sample_002299,0.1,0.1,0.01,-1.0,-1.0,-2.0,0.28664754865490827,0.8156369117599749,0.09434684824805456,8.645089124922553
2300,sample_002300,0.01,0.01,0.001,-2.0,-2.0,-3.0,0.028664754865490857,0.4553784728021588,0.006118511747763385,74.42634607486401
2301,sample_002301,0.01,0.01,0.001,-2.0,-2.0,-3.0,0.028664754865490857,2.3867852021668496,2.008005469196768,1.1886348113989944
2302,sample_002302,0.1,0.1,0.01,-1.0,-1.0,-2.0,0.28664754865490827,0.7511222850063346,0.028233651652574628,26.603795153711182
2303,sample_002303,0.01,0.01,0.001,-2.0,-2.0,-3.0,0.028664754865490857,0.6251234804932908,0.3189040475587644,1.9602243536219133
2304,sample_002304,0.08306405490827116,0.008282489697219002,0.07243356062115305,-1.080586871910195,-2.0818390956746433,-1.1400601656330398,0.11553756206415111,0.8153081355514447,0.08490632559506837,9.602442807851295
2305,sample_002305,0.1,0.1,0.01,-1.0,-1.0,-2.0,0.28664754865490827,0.7794846299574789,0.27354257264346177,2.8495916464654565
2306,sample_002306,0.01,0.01,0.001,-2.0,-2.0,-3.0,0.028664754865490857,0.5306645993014413,0.07425428391328563,7.14658564240082
2307,sample_002307,0.1,0.1,0.01,-1.0,-1.0,-2.0,0.28664754865490827,0.6517819728533885,0.26889593255443683,2.423919048018467
2308,sample_002308,0.01,0.01,0.001,-2.0,-2.0,-3.0,0.028664754865490857,0.37604506110051394,0.06610197143519732,5.688863023838366
2309,sample_002309,0.01,0.01,0.001,-2.0,-2.0,-3.0,0.028664754865490857,0.4615591744349266,0.14936870011234105,3.0900662192801125
2310,sample_002310,0.01,0.01,0.001,-2.0,-2.0,-3.0,0.029577447619208982,0.4563686015911185,0.08413227274635371,5.424417844588627
2311,sample_002311,0.01,0.01,0.001,-2.0,-2.0,-3.0,0.029577447619208982,0.13069527286829885,0.07675470691000652,1.702765577901778
2312,sample_002312,0.01,0.01,0.001,-2.0,-2.0,-3.0,0.029577447619208982,0.4664784052553668,0.017400562070230986,26.80823776683752
2313,sample_002313,0.01,0.01,0.001,-2.0,-2.0,-3.0,0.029577447619208982,0.3242984569941366,0.08721037930156582,3.7185763849591926
2314,sample_002314,0.01,0.01,0.001,-2.0,-2.0,-3.0,0.029577447619208982,0.163525142881931,0.007918875995820177,20.65004464879164
2315,sample_002315,0.09611335536084198,0.05401449964402551,0.05051699560581563,-1.0172162610669346,-1.2674896425822935,-1.296562486117793,0.22347988718527717,0.776538815306278,0.26547327875070936,2.9251110279746113
2316,sample_002316,1.3518290383405072,0.022139100327993537,0.07768193983419039,0.1309217711913595,-1.6548400316292367,-1.1096799379820563,1.5255016534695858,0.5462701780729803,0.25349761777508173,2.1549321956850256
2317,sample_002317,0.01,0.01,0.001,-2.0,-2.0,-3.0,0.029577447619208982,0.48892380716467204,0.03978331208546366,12.28967075728516
2318,sample_002318,0.1,0.1,0.01,-1.0,-1.0,-2.0,0.29577447619209,0.6231126799021831,0.09819834136207237,6.345450149760381
2319,sample_002319,0.01,0.01,0.001,-2.0,-2.0,-3.0,0.029577447619208982,0.7537359205307188,0.3046543598414686,2.4740690431049024
2320,sample_002320,0.08976444991087205,0.09813115138463806,0.0023839220811761406,-1.0468956261878022,-1.008193105495911,-2.622707943675199,0.27671881394463166,0.8252801482244735,0.3189625266599052,2.5873890480696846
2321,sample_002321,0.01,0.01,0.001,-2.0,-2.0,-3.0,0.029577447619208982,0.5823507351294575,0.01633425466149831,35.65211558150395
2322,sample_002322,0.001438129255458355,17.361680565346116,5.1625056663573886e-05,-2.8422020788977744,1.2395917614470902,-4.2871394586544005,17.3661464365433,2.1425953278252154,1.7168247459481623,1.247998861201124
2323,sample_002323,0.01,0.01,0.001,-2.0,-2.0,-3.0,0.029577447619208982,0.39676426428936784,0.042145605000016115,9.414131421039421
2324,sample_002324,0.01,0.01,0.001,-2.0,-2.0,-3.0,0.029577447619208982,0.19456570461734873,0.033405539286248606,5.8243545464162505
2325,sample_002325,0.01,0.01,0.001,-2.0,-2.0,-3.0,0.02663822643009975,0.8856119001657915,0.02859990984116078,30.965548670759283
2326,sample_002326,0.1,0.1,0.01,-1.0,-1.0,-2.0,0.2663822643009976,0.7936724122219094,0.07005334339209253,11.32954365617755
2327,sample_002327,0.01,0.01,0.001,-2.0,-2.0,-3.0,0.02663822643009975,0.18310225470124702,0.04159877543157183,4.401626076768587
2328,sample_002328,0.01,0.01,0.001,-2.0,-2.0,-3.0,0.02663822643009975,0.5008417738330968,0.05179382609612587,9.66991264371101
2329,sample_002329,0.01,0.01,0.001,-2.0,-2.0,-3.0,0.02663822643009975,0.8250441923881897,0.3759686899273131,2.194449204128401
2330,sample_002330,1.4890923950158064,0.1645406679252026,0.02024270133814965,0.17292164563707058,-0.7837267440807478,-1.693731532446372,2.0435780236857672,0.5787594520535966,0.2738590738615426,2.1133477298846235
2331,sample_002331,0.01,0.01,0.001,-2.0,-2.0,-3.0,0.02663822643009975,0.5006636227594747,0.051457600479873446,9.729634069417962
2332,sample_002332,1.0960906017991399,0.004611727962811347,0.13001227609466784,0.039846453997934184,-2.336136318839262,-0.886015638551152,1.1357107555711172,0.7657427341122831,0.2704013098648318,2.8318750914892483
2333,sample_002333,0.01,0.01,0.001,-2.0,-2.0,-3.0,0.02663822643009975,0.2410078126973221,0.02050170462794308,11.755501167880315
2334,sample_002334,0.01,0.01,0.001,-2.0,-2.0,-3.0,0.02663822643009975,0.0069860190811360245,0.0069259319891716575,1.008675668784838
2335,sample_002335,0.01,0.01,0.001,-2.0,-2.0,-3.0,0.02663822643009975,0.46969374937395447,0.0205564826146348,22.848935694843284
2336,sample_002336,0.01,0.01,0.001,-2.0,-2.0,-3.0,0.02663822643009975,0.23195653852151477,0.07762803563458757,2.9880511161378056
2337,sample_002337,0.01,0.01,0.001,-2.0,-2.0,-3.0,0.02663822643009975,0.465646170661394,0.016530970204212573,28.168109004439064
2338,sample_002338,0.1,0.1,0.01,-1.0,-1.0,-2.0,0.2663822643009976,0.959487287012339,0.08943104128231195,10.728794759120293
2339,sample_002339,0.01,0.01,0.001,-2.0,-2.0,-3.0,0.02663822643009975,0.03408460722081057,0.020256743440826126,1.6826301483443433
2340,sample_002340,0.09504667228221457,0.038891675211669495,0.01950474478161564,-1.022063083793495,-1.4101433497423574,-1.7098597280315628,0.17754373688501132,0.4551801788162,0.021247341032633465,21.422924314016317
2341,sample_002341,4.291955372370345,0.1338243304972751,0.030685775524473272,0.632655197535744,-0.8734649206481837,-1.5130628962763106,4.945723088567801,0.7675553303597857,0.22380695822055902,3.429541853669131
2342,sample_002342,0.0010000747265642416,7.22572434451214,0.00010000000033646162,-2.999967547878001,0.858881389567904,-3.9999999985387658,7.227884056757489,2.795013584475604,2.795013584475604,1.0
2343,sample_002343,0.11492186472899422,4.388123536248259,0.021758980269878287,-0.9395973357348923,0.6422788455106323,-1.6623614616182545,4.63192176927035,1.323483436630874,0.8993993935087806,1.471519156208941
2344,sample_002344,0.1,0.1,0.01,-1.0,-1.0,-2.0,0.2638568672362194,0.8079080094973574,0.0835461194285759,9.670203894844487
2345,sample_002345,0.0005402482600364123,4.338567927618744,0.0019242116746507132,-3.2674066231634655,0.6373464014556935,-2.715747154711821,4.339748782974906,1.6605718895581358,1.1738102244665416,1.4146851466665418
2346,sample_002346,0.14768779708447236,0.007204078624662942,0.003364032929319053,-0.8306553874085427,-2.1424215559759188,-2.4731397616994633,0.17835261226232027,1.048506209241867,0.05457407594302935,19.212532528016006
2347,sample_002347,0.01,0.01,0.001,-2.0,-2.0,-3.0,0.026385686723621952,0.3228334853633387,0.021323108340076204,15.140076212837222
2348,sample_002348,0.1,0.1,0.01,-1.0,-1.0,-2.0,0.2638568672362194,0.5564261585603838,0.10929704044878187,5.090953572719409
2349,sample_002349,0.1,0.1,0.01,-1.0,-1.0,-2.0,0.2638568672362194,0.809147367855657,0.30260976390050476,2.673897092499953
2350,sample_002350,0.1438163300212295,0.01943865928543225,0.048509742588934174,-0.8421917979903295,-1.7113336923427678,-1.3141710298988194,0.20300599161144176,0.5335862015517965,0.014705401549236202,36.28504803253815
2351,sample_002351,0.01,0.01,0.001,-2.0,-2.0,-3.0,0.026385686723621952,0.586420955486058,0.037157240257306455,15.782145052356155
2352,sample_002352,0.01,0.01,0.001,-2.0,-2.0,-3.0,0.026385686723621952,0.5061446305096781,0.05711081401434745,8.862500723287253
2353,sample_002353,0.33423202093954324,0.004612749548102887,0.0038312536765165075,-0.47595194507346505,-2.336040125020978,-2.4166590913831696,0.3623831366175608,0.7503175275091077,0.03578518638048781,20.967266162353287
2354,sample_002354,0.13794403234967711,0.03104967159391379,0.015490757326551545,-0.8602970829605479,-1.5079429889078622,-1.8099273495292154,0.21773639640361264,0.7979866298804265,0.28479274113931147,2.801990762433362
2355,sample_002355,0.1,0.1,0.01,-1.0,-1.0,-2.0,0.28802389887519264,0.804841157291201,0.448216101275986,1.7956542725706892
2356,sample_002356,1.0,1.0,0.1,0.0,0.0,-1.0,2.880238988751926,1.9311998010302416,0.5126879939091664,3.766813001227399
2357,sample_002357,0.1,0.1,0.01,-1.0,-1.0,-2.0,0.28802389887519264,6.187436696332389,5.6879849948783825,1.0878081960314112
2358,sample_002358,0.01,0.01,0.001,-2.0,-2.0,-3.0,0.028802389887519243,0.36387798196271043,0.05191699245132475,7.008841706380961
2359,sample_002359,0.1,0.1,0.01,-1.0,-1.0,-2.0,0.28802389887519264,1.080394880386986,0.7782780809402408,1.3881861854335622
2360,sample_002360,0.01,0.01,0.001,-2.0,-2.0,-3.0,0.028802389887519243,0.4518742973030942,0.002818628446980056,160.31708534952267
2361,sample_002361,0.01,0.01,0.001,-2.0,-2.0,-3.0,0.028802389887519243,0.18086125625173377,0.02351496515606925,7.691325717531552
2362,sample_002362,0.01,0.01,0.001,-2.0,-2.0,-3.0,0.028802389887519243,0.039572234422732847,0.03840656564872774,1.030350768268803
2363,sample_002363,0.01,0.01,0.001,-2.0,-2.0,-3.0,0.028802389887519243,0.5223156908172786,0.07317955986243428,7.137453297056548
2364,sample_002364,0.01,0.01,0.001,-2.0,-2.0,-3.0,0.028802389887519243,0.673786559013648,0.3680121413404029,1.8308813305983043
2365,sample_002365,0.01,0.01,0.001,-2.0,-2.0,-3.0,0.028802389887519243,0.06336582939362431,0.05632911931708759,1.1249213579379027
2366,sample_002366,0.01,0.01,0.001,-2.0,-2.0,-3.0,0.028802389887519243,1.1121213339064702,0.3054156966687457,3.64133653259046
2367,sample_002367,0.01,0.01,0.001,-2.0,-2.0,-3.0,0.028802389887519243,0.5304123064828333,0.0810768792045043,6.542090811672062
2368,sample_002368,0.01,0.01,0.001,-2.0,-2.0,-3.0,0.028802389887519243,0.3225432928303864,0.11837348666579027,2.7247933799655564
2369,sample_002369,0.01,0.01,0.001,-2.0,-2.0,-3.0,0.028802389887519243,0.3380495288505383,0.030994836365612018,10.906640217839499
2370,sample_002370,0.1,0.1,0.01,-1.0,-1.0,-2.0,0.32409810784671944,0.6001219026790086,0.03979535136399879,15.080201131781289
2371,sample_002371,0.990262715288098,0.006450454455203077,0.014555272814210889,-0.004249572408644653,-2.1904096868477985,-1.8369796500262012,1.0517652714507915,0.6962237648373714,0.28906831833448365,2.408509409985789
2372,sample_002372,3.1967188063896925,0.0068792703389116494,0.008560391353196395,0.5047044360201349,-2.1624576234780566,-2.0675063803405402,3.269455809535978,0.6134839435283398,0.18985515721260943,3.231326199063054
2373,sample_002373,0.01,0.01,0.001,-2.0,-2.0,-3.0,0.03240981078467194,0.5397642970088403,0.09061209201144804,5.956868283547033
2374,sample_002374,0.17916710307076714,0.018712607221370522,0.002944380648275903,-0.746741728303209,-1.7278656981777543,-2.531006045299388,0.2698831450359864,0.7541027742139703,0.24308352836988298,3.10223724030575
2375,sample_002375,0.1,0.1,0.01,-1.0,-1.0,-2.0,0.32409810784671944,0.7758081955677862,0.2697396440516572,2.8761370924743015
2376,sample_002376,1.4101807953031746,0.010371608312123557,0.0003593159670307397,0.14927479589580273,-1.984153892895303,-3.4445234834931866,1.5073988158501332,0.7568823151510493,0.21986090416684811,3.4425507255108267
2377,sample_002377,0.14784418166790234,0.012100593997656419,0.010938547903719021,-0.830195762238608,-1.9171933103800218,-1.9610403269293561,0.21135706402861787,0.23388233031565628,0.005490046956402625,42.60115299066742
2378,sample_002378,0.01,0.01,0.001,-2.0,-2.0,-3.0,0.03240981078467194,0.5976605807947577,0.2976030507619259,2.0082474936484083
2379,sample_002379,11.537553902427847,0.0562491224484374,0.041191959261807694,1.0621137430239829,-1.2498842486614734,-1.385187550690942,12.09297714673418,0.9840471728802598,0.21579372551416418,4.5601287550673915
2380,sample_002380,0.01,0.01,0.001,-2.0,-2.0,-3.0,0.03240981078467194,0.36367859276782466,0.04047914181052624,8.984345430793033
2381,sample_002381,0.01,0.01,0.001,-2.0,-2.0,-3.0,0.03240981078467194,0.40120319989127895,0.10131032207583258,3.960141392018981
2382,sample_002382,0.01,0.01,0.001,-2.0,-2.0,-3.0,0.03240981078467194,0.5454706570112839,0.09606423243773912,5.678186804488474
2383,sample_002383,0.1,0.1,0.01,-1.0,-1.0,-2.0,0.32409810784671944,1.7290087357601296,0.06626414110728567,26.09267556883835
2384,sample_002384,0.01,0.01,0.001,-2.0,-2.0,-3.0,0.03240981078467194,0.5339150500913639,0.04528332683320209,11.790543836542795
2385,sample_002385,0.6901006107724925,0.12957472395379527,0.00038782974392184087,-0.16108758822216274,-0.8874797077091232,-3.4113588865266125,1.2092425660409494,0.7717449264789571,0.0804792337075244,9.589367230851291
2386,sample_002386,0.1,0.1,0.01,-1.0,-1.0,-2.0,0.3245191311458494,0.7665838195728056,0.2603029639473516,2.944967694366529
2387,sample_002387,0.0209431552423354,0.2010241672040552,0.028229470930740658,-1.6789578880293412,-0.6967517283882607,-1.5492972612088378,0.27465328576403153,0.8705253462141641,0.2672664614434882,3.2571439810012643
2388,sample_002388,0.39548128329386084,0.026936635715210943,0.20045804826924837,-0.4028740652751299,-1.5696566469782147,-0.697976502402958,0.5476195005829296,0.7543896163574069,0.2549044747764127,2.9594993066289375
2389,sample_002389,0.32274076873418317,0.19094379558098956,0.0072455602570840345,-0.49114617089001644,-0.7190944487790984,-2.139928027425012,0.8340878921921782,0.76912638475731,0.21562299827472256,3.566996057523399
2390,sample_002390,0.1,0.1,0.01,-1.0,-1.0,-2.0,0.3245191311458494,0.7635725730263055,0.25712969006144276,2.969600954459382
2391,sample_002391,0.01,0.01,0.001,-2.0,-2.0,-3.0,0.03245191311458493,0.7504280803909184,0.3013366958853106,2.4903308844818985
2392,sample_002392,0.1,0.1,0.01,-1.0,-1.0,-2.0,0.3245191311458494,0.7606569551011623,0.14925024019418265,5.096520810361889
2393,sample_002393,0.01,0.01,0.001,-2.0,-2.0,-3.0,0.03245191311458493,0.35339689991763323,0.02250880233669011,15.700386659026469
2394,sample_002394,0.4926289812835448,0.03191642343055233,0.009511218682817502,-0.3074800422709991,-1.495985781838943,-2.0217638328718825,0.6757933230038403,0.534747022913151,0.2465781950104793,2.1686711709866513
2395,sample_002395,0.01,0.01,0.001,-2.0,-2.0,-3.0,0.03245191311458493,0.638262494520986,0.18932404987136967,3.371270025940358
2396,sample_002396,0.1,0.1,0.01,-1.0,-1.0,-2.0,0.3245191311458494,0.6186036112370925,0.054220004731143516,11.409139750254795
2397,sample_002397,5.7311531761126115,0.007100042569587939,0.009120369370069326,0.7582420159697847,-2.1487390473820915,-2.039987572621751,5.81243395670811,0.5286904548717404,0.19660767566717446,2.6890631460733467
2398,sample_002398,0.2726557963163996,0.08325165101546263,0.0014511610446566734,-0.5643852653291859,-1.079607144971252,-2.8382843884411755,0.5536437248893769,1.2951580729269665,0.27559192807158994,4.699550099270418
2399,sample_002399,0.01,0.01,0.001,-2.0,-2.0,-3.0,0.03245191311458493,0.5034741959979225,0.05423332665479855,9.283483552513651
2400,sample_002400,0.01,0.01,0.001,-2.0,-2.0,-3.0,0.02944215345217107,0.6576798741185035,0.20822215933939445,3.1585489085554506
2401,sample_002401,0.01,0.01,0.001,-2.0,-2.0,-3.0,0.02944215345217107,0.37871911538498676,0.027884024754114424,13.581938716687766
2402,sample_002402,8.379367970406363,0.004924696904524433,0.016426861143879503,0.923211262387257,-2.3076204934390963,-1.7844454139309622,8.43610572038889,1.1272276456833903,0.7043036136946775,1.6004853926137237
2403,sample_002403,0.027327216423044344,8.054853417067083,0.0035782625554742734,-1.5634046037145537,0.9060576414978625,-2.4463277961861367,8.13830373715674,2.702756761132827,1.6009847518593083,1.6881839492811985
2404,sample_002404,0.1,0.1,0.01,-1.0,-1.0,-2.0,0.2944215345217106,14.491233337185708,14.33045954393123,1.0112190256538258
2405,sample_002405,0.1,0.1,0.01,-1.0,-1.0,-2.0,0.2944215345217106,1.2528675178636568,0.0329644633798428,38.006610434610124
2406,sample_002406,4.417831861500028,0.03476196634587415,0.1462986270755753,0.6452091830129438,-1.458895665220803,-0.834759749447481,4.725973539471553,0.4478741625614324,0.24844818480376363,1.8026863948117997
2407,sample_002407,0.1,0.1,0.01,-1.0,-1.0,-2.0,0.2944215345217106,0.5783159424448108,0.024837063653183798,23.28439265286007
2408,sample_002408,0.01,0.01,0.001,-2.0,-2.0,-3.0,0.02944215345217107,0.33250028128904363,0.06220901736574427,5.344888817873158
2409,sample_002409,0.20856198706126303,0.012035150525429255,0.12383250275350247,-0.6807648441065535,-1.9195484735688848,-0.9071653495499623,0.27034546062301884,0.22051597074630372,0.07758255595977243,2.8423395957803215
2410,sample_002410,0.2534516106612903,0.007191293334927065,0.12475392105034082,-0.5961049445309801,-2.1431929958883296,-0.9039457954940326,0.29965673726220377,0.7176264828966183,0.04940969406448448,14.524001746702695
2411,sample_002411,1.9388302597714455,0.004179837141948361,0.0006904701463391201,0.2875397892378526,-2.3788406392132493,-3.16085509414613,1.9834364799794506,6.152268339941793,5.6261474144640005,1.0935135336349724
2412,sample_002412,1.5416892245495626,0.001716176752824899,0.03128278601642463,0.18799683696667024,-2.7654379852382487,-1.5046945760188546,1.5609722040201204,0.9744065361771648,0.25168093727218105,3.8715945146190793
2413,sample_002413,1.928271856762364,0.009469242485788398,0.1556631740286256,0.28516826274556273,-2.023684762010522,-0.8078141183748251,2.019673341179844,0.5889408930711539,0.2581467954851734,2.2814185702529075
2414,sample_002414,0.1,0.1,0.01,-1.0,-1.0,-2.0,0.2944215345217106,0.7383126075279761,0.01576700077468471,46.82644582052671
2415,sample_002415,0.6145655104185175,0.16800943558825393,0.027852512447985058,-0.21143181611871587,-0.7746663271500838,-1.5551356230008082,1.117449567838708,0.7135793880949224,0.3605681705653716,1.9790415415094142
2416,sample_002416,0.003814616418927252,5.057561506837176,0.007196393522010307,-2.4185491262591956,0.7039411730874408,-2.142885096054016,5.069176955037704,3.229613334689401,1.3531621294640157,2.386715726347325
2417,sample_002417,1.8733177376633834,0.021457755275314898,0.009051502134007443,0.27261144529338743,-1.6684157121246654,-2.0432793418582333,2.055793432905275,0.761340757920203,0.20379019282108335,3.735904791986818
2418,sample_002418,4.064617481017485,0.030541584384371094,0.0010028382737642565,0.609019680631171,-1.5151084371046957,-2.9987690993573994,4.3510842805688705,0.7969490674467934,0.20981721526901106,3.798301614216966
2419,sample_002419,0.01,0.01,0.001,-2.0,-2.0,-3.0,0.02938820773845257,0.19865694701701217,0.0483568330686847,4.108146344795685
2420,sample_002420,0.01,0.01,0.001,-2.0,-2.0,-3.0,0.02938820773845257,0.48893264452372487,0.03963830815079965,12.334851494257364
2421,sample_002421,0.01,0.01,0.001,-2.0,-2.0,-3.0,0.02938820773845257,0.7967362315995283,0.04432317170985826,17.975614128316547
2422,sample_002422,0.6819634465243986,0.029174058938357644,0.004063024240489468,-0.16623890305348077,-1.535003144004785,-2.391150586612941,0.8500102688857987,0.9091093644772774,0.18430262033863698,4.932699072899143
2423,sample_002423,0.1,0.1,0.01,-1.0,-1.0,-2.0,0.29388207738452576,0.7806737000597527,0.2742201805713576,2.8468863904660937
2424,sample_002424,0.8458442819088884,0.0021626558569494787,0.0881999214159479,-0.07270958227109325,-2.6650125842682235,-1.0545318018141598,0.8702771464868208,0.8396830585128985,0.1791581488354249,4.68682593547131
2425,sample_002425,0.1,0.1,0.01,-1.0,-1.0,-2.0,0.29388207738452576,0.8004193990724375,0.294154928933663,2.7210810370372744
2426,sample_002426,7.266845139666571,2.436010482465459,0.11225297270165467,0.8613459052455665,0.3866791527897009,-0.9498021491145705,14.051652160905139,1.6707154360270389,1.1611239765621233,1.438877733774582
2427,sample_002427,0.46515858650212266,0.19466955907921768,0.001402703776687734,-0.3323989578606579,-0.710701954784601,-2.8530340336993274,0.9670674851407314,0.8118457387733056,0.3378057484163553,2.4032916626767475
2428,sample_002428,0.01,0.01,0.001,-2.0,-2.0,-3.0,0.02938820773845257,0.9504823825370474,0.041843206025283075,22.71533357082471
2429,sample_002429,0.4264475263686213,0.06765919786225871,0.013349010564434289,-0.37013440039462875,-1.1696731553222,-1.8745509232380595,0.6725333525445587,0.5673169335135186,0.022396547297290733,25.33055323139678
2430,sample_002430,0.1,0.1,0.01,-1.0,-1.0,-2.0,0.25590871299660145,0.9751190680192742,0.3138662105540465,3.106798486839228
2431,sample_002431,0.5209028757901543,0.00132649480771635,0.00016835233244355126,-0.28324324491641484,-2.8772944456323124,-3.773780862285417,0.5298352082790528,0.718959557572679,0.2809646272751092,2.558897055993824
2432,sample_002432,0.01,0.01,0.001,-2.0,-2.0,-3.0,0.02559087129966014,0.6510421156666851,0.04905915480847173,13.270553033544324
2433,sample_002433,0.01,0.01,0.001,-2.0,-2.0,-3.0,0.02559087129966014,0.7314445471252221,0.6722870329395079,1.087994429889647
2434,sample_002434,0.01,0.01,0.001,-2.0,-2.0,-3.0,0.02559087129966014,0.486165239890616,0.32944645599702177,1.4757033534305526
2435,sample_002435,0.01,0.01,0.001,-2.0,-2.0,-3.0,0.02559087129966014,0.04190676372908905,0.03421571440073479,1.2247811996054392
2436,sample_002436,0.01,0.01,0.001,-2.0,-2.0,-3.0,0.02559087129966014,0.0657635312231116,0.0404374387234448,1.626303081974953
2437,sample_002437,0.01,0.01,0.001,-2.0,-2.0,-3.0,0.02559087129966014,0.04939151690512116,0.04606599970269468,1.0721902753416628
2438,sample_002438,0.1,0.1,0.01,-1.0,-1.0,-2.0,0.25590871299660145,0.8091695337634366,0.4512153290024868,1.7933112679311856
2439,sample_002439,1.455695086278652,0.16573606826850104,0.3195931505323146,0.1630704160385319,-0.7805829680719487,-0.4954025369860062,1.9439222782247865,0.4911071841404051,0.2929769443385838,1.6762656367009163
2440,sample_002440,0.001197581041234194,12.084294587123178,6.422381750731767e-05,-2.921695087875881,1.082221303824233,-4.192303883243392,12.08666196055966,1.8311300129567523,1.4732852358046467,1.2428889996692771
2441,sample_002441,2.6494655580066855,0.03989149828156247,0.0022929835753907803,0.42315827823235797,-1.3991196517524553,-2.639599056104208,2.855727137362501,0.8323096122257148,0.2990262827553203,2.7833995211275666
2442,sample_002442,0.01,0.01,0.001,-2.0,-2.0,-3.0,0.02559087129966014,0.22681819917762006,0.018775240467316837,12.080708077878194
2443,sample_002443,0.1,0.1,0.01,-1.0,-1.0,-2.0,0.25590871299660145,0.7501585830442048,0.18642098250085024,4.024002947419202
2444,sample_002444,0.01,0.01,0.001,-2.0,-2.0,-3.0,0.02559087129966014,0.5126837068832005,0.06345385221513375,8.079630928395005
2445,sample_002445,0.06873000298358041,0.06353707345531695,0.004626911010801505,-1.1628536372381468,-1.196972792837128,-2.3347088531885634,0.20793488270433325,0.7209782992619874,0.1104964074227649,6.524902628765908
2446,sample_002446,0.10307325804918413,0.02623221366617105,0.04637407712509626,-0.9868539960950704,-1.5811650589164152,-1.3337247200392426,0.19390675652002803,0.9529043550726972,0.07255234311038422,13.134025921435894
2447,sample_002447,0.01,0.01,0.001,-2.0,-2.0,-3.0,0.03135151557589285,0.47238815093767944,0.023273455508945405,20.297293229882083
2448,sample_002448,0.3648457252869263,0.020666977325281635,0.0014208638247191205,-0.4378907377905801,-1.6847230370129465,-2.847447542767082,0.489238956873847,1.6439164432275009,1.0442633281458815,1.5742355389864355
2449,sample_002449,0.1,0.1,0.01,-1.0,-1.0,-2.0,0.31351515575892874,0.7750958348562662,0.2686418545758476,2.8852385495925312
2450,sample_002450,0.01,0.01,0.001,-2.0,-2.0,-3.0,0.03135151557589285,0.36035829702257854,0.055174052121466505,6.531300188524206
2451,sample_002451,0.01,0.01,0.001,-2.0,-2.0,-3.0,0.03135151557589285,0.479045830862071,0.029822024867081937,16.06349109415605
2452,sample_002452,0.01,0.01,0.001,-2.0,-2.0,-3.0,0.03135151557589285,0.427646000800291,0.04196447655850842,10.190666865677478
2453,sample_002453,0.01,0.01,0.001,-2.0,-2.0,-3.0,0.03135151557589285,1.105606619250844,0.090769176008724,12.180419255371252
2454,sample_002454,0.01,0.01,0.001,-2.0,-2.0,-3.0,0.03135151557589285,0.5129608053274484,0.09493405544513994,5.403338169029088
2455,sample_002455,0.1,0.1,0.01,-1.0,-1.0,-2.0,0.31351515575892874,0.7790296564216603,0.13300869666576703,5.85698285864162
2456,sample_002456,0.1,0.1,0.01,-1.0,-1.0,-2.0,0.31351515575892874,0.7458303234411481,0.024008105550775757,31.065771593837756
2457,sample_002457,0.01,0.01,0.001,-2.0,-2.0,-3.0,0.03135151557589285,0.3413163082902956,0.05163971849394816,6.609569498917691
2458,sample_002458,2.515808696146596,0.00312645817830015,0.007491311514338747,0.4006776139725021,-2.5049473763723893,-2.125442143104477,2.56108923922655,0.6512239189524639,0.25509449038967014,2.5528733214021417
2459,sample_002459,0.01,0.01,0.001,-2.0,-2.0,-3.0,0.03135151557589285,0.5114837455788275,0.06234574310323866,8.203988277625607
2460,sample_002460,0.1,0.1,0.01,-1.0,-1.0,-2.0,0.30978620577618166,0.3991980523506265,0.06352396468544609,6.284211861261335
2461,sample_002461,0.1,0.1,0.01,-1.0,-1.0,-2.0,0.30978620577618166,0.7741384424362094,0.050749221552132906,15.25419343902574
2462,sample_002462,1.1252969061669449,0.005166727062259112,0.018067365736007694,0.0512671248452623,-2.28678447990694,-1.7431051639700028,1.194721936024549,0.40729887305267676,0.08935708427909425,4.558103885535658
2463,sample_002463,0.01,0.01,0.001,-2.0,-2.0,-3.0,0.030978620577618174,0.33751220741627014,0.036453834196796105,9.258620248125608
2464,sample_002464,0.01,0.01,0.001,-2.0,-2.0,-3.0,0.030978620577618174,0.6091125391969551,0.04839329854809373,12.586712571196466
2465,sample_002465,0.06358707393091123,12.045015105149677,0.006735164925138491,-1.1966311593676515,1.0808073489652497,-2.1716517651673346,12.266760664522865,1.6275265063182296,1.2177536840780698,1.3364989386588375
2466,sample_002466,0.01,0.01,0.001,-2.0,-2.0,-3.0,0.030978620577618174,0.5017236371488268,0.04613953098868757,10.874051521499835
2467,sample_002467,0.1,0.1,0.01,-1.0,-1.0,-2.0,0.30978620577618166,0.7969835371810561,0.07363368449317181,10.823627021610767
2468,sample_002468,2.7173413496146086,0.010472561297860878,0.0001686913976074384,0.434144197469184,-1.9799470889524367,-3.7729070636282827,2.86353374411129,0.6239085470852911,0.14305929410012394,4.3611884918754855
2469,sample_002469,0.1,0.1,0.01,-1.0,-1.0,-2.0,0.30978620577618166,2.0130578023085435,1.2937256102173542,1.556016041121994
2470,sample_002470,0.1,0.1,0.01,-1.0,-1.0,-2.0,0.30978620577618166,5.076649425303946,4.569321936602942,1.1110290532687166
2471,sample_002471,0.01,0.01,0.001,-2.0,-2.0,-3.0,0.030978620577618174,0.6548257010959888,0.30354376901049585,2.1572694548486893
2472,sample_002472,0.01,0.01,0.001,-2.0,-2.0,-3.0,0.030978620577618174,0.2993454938102218,0.04861125380439933,6.157946368030749
2473,sample_002473,0.1,0.1,0.01,-1.0,-1.0,-2.0,0.30978620577618166,0.5785947953708912,0.07762322962146602,7.4538871700190885
2474,sample_002474,0.20332752111837693,0.033515198361651455,0.08276299604706333,-0.6918038340480468,-1.4747582058654896,-1.082163796121872,0.33856198898922085,0.7886367597385506,0.27636870671315794,2.853567500885959
2475,sample_002475,0.1,0.1,0.01,-1.0,-1.0,-2.0,0.3285046359802752,0.6293122749620782,0.04527872056040037,13.898632010208761
2476,sample_002476,0.01,0.01,0.001,-2.0,-2.0,-3.0,0.03285046359802753,0.38125836565123733,0.027298292535384707,13.966381419535344
2477,sample_002477,11.66870984663,0.08717458335873973,0.057541319852602704,1.0670228408385611,-1.0596101196093723,-1.2400201807124933,12.68698751665099,0.7560593187095823,0.217767458613476,3.471865463845733
2478,sample_002478,0.1,0.1,0.01,-1.0,-1.0,-2.0,0.3285046359802752,0.7605842623125068,0.25401070567280365,2.9943000248667895
2479,sample_002479,0.1,0.1,0.01,-1.0,-1.0,-2.0,0.3285046359802752,0.7602968689720413,0.4050969430366784,1.8768269720149486
2480,sample_002480,0.01,0.01,0.001,-2.0,-2.0,-3.0,0.03285046359802753,0.3180569071791244,0.016778208718887404,18.956547299419658
2481,sample_002481,0.1,0.1,0.01,-1.0,-1.0,-2.0,0.3285046359802752,0.3511764026453509,0.19668738914403933,1.785454594591091
2482,sample_002482,0.01,0.01,0.001,-2.0,-2.0,-3.0,0.03285046359802753,0.1629726711386188,0.02152923449893722,7.569831205408807
2483,sample_002483,0.1,0.1,0.01,-1.0,-1.0,-2.0,0.3285046359802752,0.7672970303166753,0.04398765617894829,17.443462484002275
2484,sample_002484,0.01,0.01,0.001,-2.0,-2.0,-3.0,0.03285046359802753,0.3679691244210836,0.04694426454120488,7.838425588670203
2485,sample_002485,0.01,0.01,0.001,-2.0,-2.0,-3.0,0.03285046359802753,0.2704402869613862,0.08528826524015318,3.1708967957067165
2486,sample_002486,0.01,0.01,0.001,-2.0,-2.0,-3.0,0.03285046359802753,0.6342051712651466,0.05245575706406724,12.090287258471083
2487,sample_002487,0.01,0.01,0.001,-2.0,-2.0,-3.0,0.03285046359802753,0.46349181235793624,0.014405992409333988,32.17354273056737
2488,sample_002488,0.1,0.1,0.01,-1.0,-1.0,-2.0,0.3285046359802752,0.7924767895031837,0.2866210708607827,2.764893687415273
2489,sample_002489,0.17143165232135749,0.046095601653198565,0.012094594093527864,-0.7659089889508053,-1.3363405121130647,-1.9174087024074424,0.3403006269027387,0.4598043944490051,0.030537155228259907,15.057211158408421
2490,sample_002490,0.01,0.01,0.001,-2.0,-2.0,-3.0,0.028862459345423475,1.0339290905466028,1.0055794234519218,1.0281923699247575
2491,sample_002491,1.9433781847690967,0.0017814534889053462,0.0002537060545085895,0.2885573232844356,-2.7492255119463884,-3.595669168535873,1.961358310578936,0.7959916947012358,0.22362592196235226,3.5594786495066617
2492,sample_002492,1.5839441127434974,0.05113080161358639,0.048840414203517,0.19973985404937356,-1.2913173984796398,-1.3112206615670603,1.8804278365553753,0.503277996384107,0.03291516309736515,15.290156542605565
2493,sample_002493,1.4124631179360958,0.007936835218915621,0.08466260683904306,0.14997711639522215,-2.100352636231916,-1.0723083633321044,1.480787799691212,8.398191164463183,7.8355105296243766,1.0718116110892115
2494,sample_002494,0.01,0.01,0.001,-2.0,-2.0,-3.0,0.028862459345423475,0.6715785217733558,0.3071414753189689,2.1865445592325687
2495,sample_002495,0.01,0.01,0.001,-2.0,-2.0,-3.0,0.028862459345423475,0.5421886336381309,0.09300540513126486,5.829646490684096
2496,sample_002496,0.1,0.1,0.01,-1.0,-1.0,-2.0,0.28862459345423475,0.7399883279478584,0.018109632843484172,40.861586446469865
2497,sample_002497,0.15917449885072818,0.021376988522778858,0.002842707354964113,-0.7981265088063916,-1.6700534759307,-2.5462678468399575,0.2374729217411395,0.4227550839717199,0.05533394994461997,7.640066982292553
2498,sample_002498,0.01,0.01,0.001,-2.0,-2.0,-3.0,0.028862459345423475,0.5066593705214487,0.05760301762052962,8.79570882656113
2499,sample_002499,0.09554270218618523,0.021662359669561548,0.011116035338477992,-1.0198024799465966,-1.6642942376620988,-1.9540500812468071,0.16182580458819218,0.4304674306350785,0.35960332828755737,1.1970618644854547
2500,sample_002500,0.01,0.01,0.001,-2.0,-2.0,-3.0,0.028862459345423475,0.1999802849926794,0.030078912001132472,6.648521229263549
2501,sample_002501,0.01,0.01,0.001,-2.0,-2.0,-3.0,0.028862459345423475,0.4731997002745174,0.05320329053801526,8.89418108333737
2502,sample_002502,7.853900457091575,0.0503728173160525,0.00724580291876034,0.8950853925786824,-1.2978037586797369,-2.13991348267505,8.277969893029402,0.80347834144442,0.24520605262781336,3.2767475877277046
2503,sample_002503,0.01,0.01,0.001,-2.0,-2.0,-3.0,0.028862459345423475,0.4507807864950383,0.11267746090586447,4.000629610136846
2504,sample_002504,0.1,0.1,0.01,-1.0,-1.0,-2.0,0.28862459345423475,0.8633466411235415,0.02330034937377235,37.052948317391035
2505,sample_002505,7.996691620441975,0.10764419790386433,0.0014091670784074646,0.9029103484715959,-0.9680093739802427,-2.8510375115545097,8.951913923923627,0.763994011276808,0.1842338405859747,4.146871220004134
2506,sample_002506,0.01,0.01,0.001,-2.0,-2.0,-3.0,0.03167876243547844,0.32311777861760066,0.024027867464305578,13.447626140672114
2507,sample_002507,0.1,0.1,0.01,-1.0,-1.0,-2.0,0.3167876243547845,0.7465364667773067,0.02405991787799351,31.02822173221667
2508,sample_002508,0.01,0.01,0.001,-2.0,-2.0,-3.0,0.03167876243547844,1.6480172777112279,1.1986818812971636,1.3748579197074475
2509,sample_002509,0.07074849220881244,0.04960123376072265,0.052831283422523474,-1.150282811384879,-1.3045075209128276,-1.2771088389335485,0.191810157770073,0.7734483886754933,0.26218690629062386,2.9499886154427415
2510,sample_002510,0.01,0.01,0.001,-2.0,-2.0,-3.0,0.03167876243547844,0.4757160759104413,0.026647176809983734,17.852400624001852
2511,sample_002511,0.1,0.1,0.01,-1.0,-1.0,-2.0,0.3167876243547845,0.8217525617895503,0.31605811892904734,2.600004595907968
2512,sample_002512,0.01,0.01,0.001,-2.0,-2.0,-3.0,0.03167876243547844,0.32938642297059073,0.022461319189487582,14.664607193897641
2513,sample_002513,0.01,0.01,0.001,-2.0,-2.0,-3.0,0.03167876243547844,0.4254092550175091,0.021367620590520692,19.90906068438117
2514,sample_002514,0.1,0.1,0.01,-1.0,-1.0,-2.0,0.3167876243547845,0.6282062379330333,0.27182857258935095,2.311038283977818
2515,sample_002515,0.01,0.01,0.001,-2.0,-2.0,-3.0,0.03167876243547844,0.5342474395062912,0.08511516364364809,6.27675982323228
2516,sample_002516,0.4750155516085411,0.018135927862622796,0.09136980583398804,-0.3232921717073163,-1.7414602203256924,-1.0391972979876192,0.5961452239542977,0.36061733538687574,0.2966442325197912,1.2156559806461649
2517,sample_002517,3.780836302824058,0.00364263886026488,0.0036389576723297465,0.5775878743159266,-2.4385838835943985,-2.439022996016,3.825932729617482,0.7709937434671816,0.2177367216685623,3.5409449428598645
2518,sample_002518,0.40525973715768826,0.06894570853676744,0.0051178710399168515,-0.39226654157987806,-1.16149276091386,-2.290910661660658,0.6827086097453499,1.053224461434542,0.5439882169853811,1.9361163138260509
2519,sample_002519,0.9326136305987263,0.19773209038706907,0.09890913833079523,-0.03029824141149451,-0.7039228423349995,-1.004763581574763,1.6679643000743964,0.8737712580828313,0.21191145029444822,4.123284781774356
2520,sample_002520,1.0795868561142499,0.06666876256193528,0.126692320596604,0.03325758841523019,-1.1760776057340525,-0.8972497089018443,1.5171077369687151,0.797484676555714,0.19394077407917884,4.112001101068775
2521,sample_002521,0.01,0.01,0.001,-2.0,-2.0,-3.0,0.03350256337155807,0.23572106525860154,0.020373311327372006,11.570090962184675
2522,sample_002522,0.986490438430638,0.1378241818884556,0.32378131821686656,-0.005907119795405258,-0.8606745767727553,-0.4897482131162736,1.6558840164249347,0.7913626970318759,0.2298460943861466,3.443011286075494
2523,sample_002523,0.01,0.01,0.001,-2.0,-2.0,-3.0,0.03350256337155807,0.8567746356475163,0.3031774443265483,2.825984095059183
2524,sample_002524,2.5191332062183447,0.011508921580317298,0.006921954521904427,0.4012511326414421,-1.9389653691295177,-2.159771258400868,2.676029066854813,0.7511337466738981,0.2608524623310368,2.8795348142838924
2525,sample_002525,0.01,0.01,0.001,-2.0,-2.0,-3.0,0.03350256337155807,0.5247582674932646,0.0755899392292589,6.942170781507182
2526,sample_002526,0.029871599968214264,0.05447020162880667,0.0020069373903159647,-1.5247415153015451,-1.2638410171242231,-2.6974661758256286,0.13504009173682105,0.46540021802027426,0.008270419861932702,56.27286471421242
2527,sample_002527,0.01,0.01,0.001,-2.0,-2.0,-3.0,0.03350256337155807,0.37434871152893084,0.04303619302417233,8.698462508490673
2528,sample_002528,0.01,0.01,0.001,-2.0,-2.0,-3.0,0.03350256337155807,0.11955580381675147,0.08776198206209501,1.362273287448785
2529,sample_002529,0.1,0.1,0.01,-1.0,-1.0,-2.0,0.33502563371558025,0.8259320313989048,0.32082163356027255,2.5744274855571345
2530,sample_002530,0.3873396884222085,0.09650138736088865,0.002778872333193524,-0.4119080011299232,-1.0154664429375835,-2.5561314050985477,0.763853097375628,0.6699817483666006,0.2578964134804229,2.597871522619912
2531,sample_002531,0.1,0.1,0.01,-1.0,-1.0,-2.0,0.33502563371558025,0.7763335760859562,0.05352425052166594,14.50433342867092
2532,sample_002532,0.01,0.01,0.001,-2.0,-2.0,-3.0,0.03350256337155807,0.6021828230352968,0.30310625564261223,1.9867053609916945
2533,sample_002533,0.1,0.1,0.01,-1.0,-1.0,-2.0,0.33502563371558025,1.2779135443144418,0.7389957600286292,1.729256936825909
2534,sample_002534,0.997374805368834,0.03364881729312555,0.033708620958264074,-0.0011416066685772108,-1.473030195989665,-1.4722590143869771,1.2695848512497412,0.798919542633684,0.23721696415172006,3.367885368108447
2535,sample_002535,0.1,0.1,0.01,-1.0,-1.0,-2.0,0.3452720574100625,0.7332849653549528,0.3197156405975096,2.2935536215386034
2536,sample_002536,0.01,0.01,0.001,-2.0,-2.0,-3.0,0.03452720574100628,0.2775787039605667,0.07870521608380673,3.526814584499659
2537,sample_002537,0.12685789562647892,0.03789698410906135,0.07827812601420482,-0.8966824971430976,-1.4213953503725207,-1.1063595799408619,0.27143982519372534,0.7605912648795685,0.2482080509715793,3.0643295489502833
2538,sample_002538,0.1,0.1,0.01,-1.0,-1.0,-2.0,0.3452720574100625,0.7837801059297357,0.061509740552747064,12.742373791312172
2539,sample_002539,0.1,0.1,0.01,-1.0,-1.0,-2.0,0.3452720574100625,0.7427888505961961,0.018853359374610967,39.398222663515284
2540,sample_002540,1.2835829708430666,0.13904736988857716,0.05415279621226476,0.1084239467236019,-0.8568372214972726,-1.2663791134023974,2.0586310869451276,0.510152349368872,0.16081060886413776,3.17237993794227
2541,sample_002541,0.01,0.01,0.001,-2.0,-2.0,-3.0,0.03452720574100628,0.4793690477709451,0.029951758795878435,16.004704466200145
2542,sample_002542,3.3924539132123828,0.0016543591066393879,0.05200966690265101,0.5305139564427535,-2.781370213583949,-1.2839159276672722,3.419787791052848,0.7691511130839713,0.32875186300377224,2.3396098992605427
2543,sample_002543,0.01,0.01,0.001,-2.0,-2.0,-3.0,0.03452720574100628,0.5084570201127658,0.059382387677586086,8.562421283452084
2544,sample_002544,0.1,0.1,0.01,-1.0,-1.0,-2.0,0.3452720574100625,0.6011485617688319,0.1441251637628565,4.171017371803036
2545,sample_002545,1.8597918992312483,0.008260482484413044,0.0003806861665619389,0.26946435170624294,-2.0829945853432283,-3.419432904364961,1.9730998735143095,1.0105336890532979,0.2297405866706234,4.398585829773688
2546,sample_002546,0.01,0.01,0.001,-2.0,-2.0,-3.0,0.03452720574100628,0.4905483408929832,0.04590998377365754,10.685003578120462
2547,sample_002547,5.561156221873184,0.018748831530266914,0.0007838296836075734,0.7451650952827107,-1.727025793310665,-3.1057782938269516,5.828828773991952,0.6772830408654171,0.23640357657283026,2.864944137834406
2548,sample_002548,0.01,0.01,0.001,-2.0,-2.0,-3.0,0.03452720574100628,0.2052576948494003,0.08923146453714736,2.3002838282896367
2549,sample_002549,0.01,0.01,0.001,-2.0,-2.0,-3.0,0.03452720574100628,0.33864539778708874,0.024271544026252975,13.952363204450352
2550,sample_002550,0.01,0.01,0.001,-2.0,-2.0,-3.0,0.03568782237745703,0.4645094807391186,0.015570392055189619,29.8328699169972
2551,sample_002551,0.1,0.1,0.01,-1.0,-1.0,-2.0,0.35687822377457007,0.6329240192401391,0.135868405231128,4.658360552355505
2552,sample_002552,0.01,0.01,0.001,-2.0,-2.0,-3.0,0.03568782237745703,0.373326190799884,0.06709097244125478,5.564477264460139
2553,sample_002553,0.01,0.01,0.001,-2.0,-2.0,-3.0,0.03568782237745703,0.49325934070444744,0.044232991318031815,11.151390082528007
2554,sample_002554,0.01,0.01,0.001,-2.0,-2.0,-3.0,0.03568782237745703,0.5101826641718994,0.06560547158633169,7.776526131673922
2555,sample_002555,1.727823548047159,0.13065591502322402,0.004285665767628683,0.23749938859293884,-0.8838709242160494,-2.367981701921023,2.614136347806319,0.7664078182029557,0.10302846693494469,7.438796684094008
2556,sample_002556,0.1,0.1,0.01,-1.0,-1.0,-2.0,0.35687822377457007,0.6158121037324569,0.19976428760809545,3.0826936641477105
2557,sample_002557,22.76592793908404,18.65484241294161,0.002179163624244574,1.3572853568454173,1.2707915846832565,-2.6617101591807213,74.23072964333296,16.2319948256118,2.179593907137689,7.447256469407259
2558,sample_002558,0.01,0.01,0.001,-2.0,-2.0,-3.0,0.03568782237745703,0.2945835159908612,0.055649948644696745,5.29350921546509
2559,sample_002559,0.01,0.01,0.001,-2.0,-2.0,-3.0,0.03568782237745703,0.12644212437018587,0.01762348681051294,7.174637217350164
2560,sample_002560,0.01,0.01,0.001,-2.0,-2.0,-3.0,0.03568782237745703,0.1857685615524373,0.035183684033837925,5.2799633311217296
2561,sample_002561,0.1,0.1,0.01,-1.0,-1.0,-2.0,0.35687822377457007,0.7630699002938027,0.19978268808598504,3.8194996153289464
2562,sample_002562,0.01,0.01,0.001,-2.0,-2.0,-3.0,0.03568782237745703,0.29832871500262675,0.014581287130093832,20.4596968937616
2563,sample_002563,0.01,0.01,0.001,-2.0,-2.0,-3.0,0.03568782237745703,0.6270126367071249,0.06620759105897175,9.470404022835366
2564,sample_002564,1.5863307534962483,0.0144450110653897,0.1460759679109604,0.2003937437900083,-1.8402821211347136,-0.8354212273384451,1.7758117652683276,0.7698339393735851,0.16850693842729755,4.5685592923268885
2565,sample_002565,0.1,0.1,0.01,-1.0,-1.0,-2.0,0.27818226124726964,0.7403482411403537,0.01858689047060174,39.831742824940925
2566,sample_002566,0.6481557045089318,0.005823549867880601,0.08979168549530456,-0.18832065232984263,-2.234812201251784,-1.0467638761465752,0.6945267100817002,0.7442242712496212,0.022001142662526958,33.82661903816512
2567,sample_002567,0.01,0.01,0.001,-2.0,-2.0,-3.0,0.02781822612472697,0.20067821107262007,0.005366899993425083,37.39182979345027
2568,sample_002568,0.01,0.01,0.001,-2.0,-2.0,-3.0,0.02781822612472697,0.9048075468525305,0.30179724111245915,2.998064341202413
2569,sample_002569,0.12913702163406088,7.944723403746911,0.35976798815740924,-0.8889492342133494,0.900078781805516,-0.44397748241651946,8.27032197415523,2.9612668348007123,1.3511126622902991,2.1917245818575983
2570,sample_002570,0.01,0.01,0.001,-2.0,-2.0,-3.0,0.02781822612472697,0.31047079987928794,0.011009623838953198,28.199946194420363
2571,sample_002571,0.1,0.1,0.01,-1.0,-1.0,-2.0,0.27818226124726964,0.8133433971076275,0.0891561166672554,9.122687567731921
2572,sample_002572,0.01,0.01,0.001,-2.0,-2.0,-3.0,0.02781822612472697,0.38848590379151104,0.07641101451515697,5.084161050033573
2573,sample_002573,0.01,0.01,0.001,-2.0,-2.0,-3.0,0.02781822612472697,9.254210460728004,8.805111541777505,1.051004341832544
2574,sample_002574,0.008405757222080689,5.944526287102038,1.1615663276816086,-2.075423157589362,0.7741172518740358,0.06504401389834857,5.977028326434063,2.960895508716491,1.3652323305274887,2.168785079659285
2575,sample_002575,0.01,0.01,0.001,-2.0,-2.0,-3.0,0.02781822612472697,0.5528180605658116,0.039126757603470105,14.128900384957603
2576,sample_002576,0.01,0.01,0.001,-2.0,-2.0,-3.0,0.02781822612472697,0.05717852553146022,0.019588142194176886,2.919037699678232
2577,sample_002577,0.1,0.1,0.01,-1.0,-1.0,-2.0,0.27818226124726964,0.7676226870559986,0.2608604712248815,2.942656215606732
2578,sample_002578,0.01,0.01,0.001,-2.0,-2.0,-3.0,0.02781822612472697,0.5908004864367418,0.30667849658562474,1.9264490109817336
2579,sample_002579,0.864811350625048,0.020227575892861158,0.001556419721219849,-0.06307861891428068,-1.6940561607010034,-2.8078732749367257,0.9897082401083439,0.8283107715982676,0.2605512246632655,3.179070728486386
2580,sample_002580,0.039617076971322676,94.98963768479054,0.004626714502079449,-1.4021175707473796,1.977676231164927,-2.3347272984246557,95.08337863735098,3.5823983530144745,2.604888943498752,1.3752595334075097
2581,sample_002581,0.1,0.1,0.01,-1.0,-1.0,-2.0,0.2713053318777091,0.7192243369499992,0.3474700226605733,2.0698888826233355
2582,sample_002582,0.1,0.1,0.01,-1.0,-1.0,-2.0,0.2713053318777091,0.35233169637199446,0.024804733001964598,14.204212411562297
2583,sample_002583,0.1,0.1,0.01,-1.0,-1.0,-2.0,0.2713053318777091,2.2878964321717636,1.5703274559633247,1.4569549959044963
2584,sample_002584,0.01,0.01,0.001,-2.0,-2.0,-3.0,0.02713053318777091,0.5121231059978064,0.06746006416795186,7.591500427909463
2585,sample_002585,0.1,0.1,0.01,-1.0,-1.0,-2.0,0.2713053318777091,0.8008804915007403,0.07819279293402037,10.242382468375682
2586,sample_002586,0.01,0.01,0.001,-2.0,-2.0,-3.0,0.02713053318777091,0.46403087402885274,0.014863900457725433,31.218647847421177
2587,sample_002587,0.01,0.01,0.001,-2.0,-2.0,-3.0,0.02713053318777091,0.33209284172703724,0.01608539340585243,20.64561514586334
2588,sample_002588,0.01,0.01,0.001,-2.0,-2.0,-3.0,0.02713053318777091,0.2581724978546191,0.08441234600057712,3.0584684597304523
2589,sample_002589,0.3763803645835554,0.019833398766834914,0.019241969282871398,-0.42437304139633536,-1.7026028561829554,-1.7157504829781196,0.463402427322189,0.8236431497370595,0.3108055946963284,2.650026781344774
2590,sample_002590,0.01,0.01,0.001,-2.0,-2.0,-3.0,0.02713053318777091,0.9097733681698806,0.6351418552307866,1.4323939773096883
2591,sample_002591,0.01,0.01,0.001,-2.0,-2.0,-3.0,0.02713053318777091,0.7050282553778425,0.6297858826433176,1.1194729428019567
2592,sample_002592,0.6856362755449266,0.0129204664226489,0.008396986278517884,-0.16390621288733787,-1.888721808235179,-2.075876556492493,0.7619768237580313,0.8353491789347858,0.3235125138435559,2.582123235389725
2593,sample_002593,0.1,0.1,0.01,-1.0,-1.0,-2.0,0.2713053318777091,0.6897127821393347,0.38169004916509025,1.8069970219239777
2594,sample_002594,0.01,0.01,0.001,-2.0,-2.0,-3.0,0.02713053318777091,0.34254331131699156,0.02424038859155358,14.131098188597058
2595,sample_002595,0.1,0.1,0.01,-1.0,-1.0,-2.0,0.3205322530436039,1.471932108586615,0.6563829688635612,2.2424897939309236
2596,sample_002596,0.4461950347880616,19.33139979598409,0.28957173699052724,-0.35047526680911556,1.286263302640096,-0.5382438287595859,21.040238102557538,2.0490539315642198,1.7015931725430318,1.2041973161551347
2597,sample_002597,0.1,0.1,0.01,-1.0,-1.0,-2.0,0.3205322530436039,0.7556492643929058,0.24938799306749154,3.030014617377371
2598,sample_002598,7.766655208730019,0.0034302187983227097,0.0009802918911169336,0.8902340256039105,-2.4646781773701756,-3.008644589790628,7.812613119011734,1.0879300566347994,0.2517709271435553,4.32111073735881
2599,sample_002599,2.3696075794927856,0.05071988782476324,0.0041256359305114525,0.3746764303257777,-1.294821715637763,-2.3845090992775813,2.784360495961895,0.6235628897331762,0.18642879862505085,3.344777707800916
2600,sample_002600,0.041742043254886126,0.014741293092604002,0.0009763140503179208,-1.3794262962240023,-1.8314644188954872,-3.0104104606309856,0.08838002552934907,0.759193321927722,0.026858798149290153,28.266094324395027
2601,sample_002601,0.5562976574483344,9.178558658183915,0.12812522905690135,-0.25469276885551206,0.9627744877433351,-0.8923653451860485,11.164688186117314,2.5637759633141775,1.07885173116572,2.3763932422335445
2602,sample_002602,0.01,0.01,0.001,-2.0,-2.0,-3.0,0.03205322530436035,0.020689296287864263,0.007073238397570496,2.9250104584302696
2603,sample_002603,0.01,0.01,0.001,-2.0,-2.0,-3.0,0.03205322530436035,0.4371797375517928,0.055862584796102545,7.825984765071133
2604,sample_002604,0.01,0.01,0.001,-2.0,-2.0,-3.0,0.03205322530436035,0.46635928706094737,0.01713299823063316,27.2199460236396
2605,sample_002605,0.5425137757490343,0.00916905885737016,0.2895062811101691,-0.26558922954241737,-2.0376752394692335,-0.538342009408411,0.6224803914110384,0.814567246997739,0.278055338808052,2.9295148602057717
2606,sample_002606,1.8146160313176194,0.008465010606337812,0.00046009430383217966,0.2587847433548971,-2.0723724934001613,-3.3371531434567117,1.9103946474873845,0.592693790812613,0.1969937079442151,3.0086940186965396
2607,sample_002607,0.01,0.01,0.001,-2.0,-2.0,-3.0,0.03205322530436035,0.5312616743110944,0.08216131835707269,6.466080205799933
2608,sample_002608,0.01,0.01,0.001,-2.0,-2.0,-3.0,0.03205322530436035,1.6150574316395976,0.22282661246999377,7.248045526236612
2609,sample_002609,0.01,0.01,0.001,-2.0,-2.0,-3.0,0.03205322530436035,0.1704875494042671,0.0013178429957930947,129.3686349197201
2610,sample_002610,0.1,0.1,0.01,-1.0,-1.0,-2.0,0.2866999850909423,0.7624919665041645,0.039186653396498156,19.457950613672544
2611,sample_002611,1.1089618466926343,0.014070817409154526,0.009308167954865491,0.04491660471012526,-1.851680672574227,-2.0311357889850914,1.213384903117488,0.4756586000373843,0.2615724040791999,1.818458647087873
2612,sample_002612,0.12299722748548982,0.05299699944101168,0.009730916623942121,-0.9101046780022566,-1.2757487183822382,-2.0118462485322395,0.2520561504215722,0.66251562235126,0.27474818012521685,2.411355816986004
2613,sample_002613,1.0317113510790992,0.002955551742784227,0.010491913176740263,0.013558208756173862,-2.52936143306388,-1.979145311964511,1.059884408413153,0.5912731085545462,0.28854577037881646,2.049148416829313
2614,sample_002614,0.9481404894956939,0.03093092433698366,0.0033331068855991055,-0.02312730686847342,-1.5096071013853387,-2.4771507592222823,1.1265919456303055,0.8825168803555252,0.04328640271215993,20.387854500730096
2615,sample_002615,4.3313826030869675,0.07007343937630278,0.10542030876854445,0.6366265478652426,-1.1544465657447347,-0.977075716101723,4.821861023275018,0.36607484564365844,0.23132761836302648,1.5824951998129804
2616,sample_002616,0.01,0.01,0.001,-2.0,-2.0,-3.0,0.02866999850909422,0.10934540801900566,0.07905802260083566,1.383103250268365
2617,sample_002617,0.1,0.1,0.01,-1.0,-1.0,-2.0,0.2866999850909423,0.4980540362301963,0.06319552128907738,7.8811603428656145
2618,sample_002618,0.01,0.01,0.001,-2.0,-2.0,-3.0,0.02866999850909422,0.6499944177703336,0.3011251481095492,2.158552421977941
2619,sample_002619,0.01,0.01,0.001,-2.0,-2.0,-3.0,0.02866999850909422,0.30185295187922917,0.025863366821458844,11.671061774864581
2620,sample_002620,0.1,0.1,0.01,-1.0,-1.0,-2.0,0.2866999850909423,0.8046092642243039,0.0833449467015917,9.653965789973174
2621,sample_002621,0.1,0.1,0.01,-1.0,-1.0,-2.0,0.2866999850909423,6.492096107442593,5.76964638185725,1.1252155986295969
2622,sample_002622,0.01,0.01,0.001,-2.0,-2.0,-3.0,0.02866999850909422,0.1587287729403713,0.07324112732543848,2.167208216704234
2623,sample_002623,0.036909723976886785,0.055391735499629315,0.0019353707077870597,-1.432859202589853,-1.256555027593798,-2.713235836367846,0.12912006424219402,0.8232946369094983,0.09529828424927758,8.639133887824842
2624,sample_002624,0.1,0.1,0.01,-1.0,-1.0,-2.0,0.2866999850909423,1.4454621602817526,0.048614337945519226,29.733247872297323
2625,sample_002625,0.01,0.01,0.001,-2.0,-2.0,-3.0,0.03174201619973792,0.49982349560638023,0.050689420930481496,9.860509085157396
2626,sample_002626,0.3522436433290473,0.005674018596537676,0.0011433689470127717,-0.45315683552741426,-2.24610924514213,-2.941813607052772,0.40535774492706483,0.21826368152951942,0.06050756994004656,3.607212812310662
2627,sample_002627,0.01,0.01,0.001,-2.0,-2.0,-3.0,0.03174201619973792,0.4864655964980641,0.024096890402298576,20.187899283953282
2628,sample_002628,0.3791084797198256,0.009838382455947927,0.0005047078920735611,-0.42123650137060675,-2.007076298743625,-3.2969599041880486,0.45859964603495856,2.1278484799898756,1.765726050246025,1.2050841520367186
2629,sample_002629,0.1,0.1,0.01,-1.0,-1.0,-2.0,0.31742016199737944,0.5891455676985629,0.01468354844431764,40.12283338272741
2630,sample_002630,0.1,0.1,0.01,-1.0,-1.0,-2.0,0.31742016199737944,3.162156488942553,0.08049986225392466,39.28151428344073
2631,sample_002631,1.2416854415491678,0.011430049032306462,0.01115508313090406,0.09401158915623853,-1.9419519065763318,-1.9525271888800644,1.3662581293902973,0.6803182182296175,0.24245460323720155,2.8059612362320836
2632,sample_002632,0.1,0.1,0.01,-1.0,-1.0,-2.0,0.31742016199737944,0.6350303065428737,0.2754648614993945,2.3053042158855157
2633,sample_002633,0.01,0.01,0.001,-2.0,-2.0,-3.0,0.03174201619973792,0.2354818739612205,0.05767755272849031,4.082729984569929
2634,sample_002634,0.1,0.1,0.01,-1.0,-1.0,-2.0,0.31742016199737944,0.7771106161595933,0.2770071652182737,2.8053809205521905
2635,sample_002635,0.01,0.01,0.001,-2.0,-2.0,-3.0,0.03174201619973792,0.46563549971055707,0.016473654238505525,28.26546514629283
2636,sample_002636,0.01,0.01,0.001,-2.0,-2.0,-3.0,0.03174201619973792,0.3578432521608286,0.038841065039910444,9.213013386557066
2637,sample_002637,0.10579928553459235,0.011061345753022674,0.09936714613691787,-0.9755172650931936,-1.956192032384192,-1.0027571831072066,0.16049942597860822,0.8198370682696101,0.3054109854830175,2.684373212617126
2638,sample_002638,8.743471590414112,19.475859157193273,0.0018726657804032309,0.9416839032529865,1.2894966252148432,-2.7275397253895663,41.85527193051407,3.634104778415363,1.6482155900613567,2.204872226866923
2639,sample_002639,0.1,0.1,0.01,-1.0,-1.0,-2.0,0.31742016199737944,0.5126350500629706,0.21689601550427834,2.363506073964087
2640,sample_002640,0.1,0.1,0.01,-1.0,-1.0,-2.0,0.3087242128956717,0.8238278156968066,0.10217206268753026,8.063141665410969
2641,sample_002641,0.01,0.01,0.001,-2.0,-2.0,-3.0,0.030872421289567194,3.3390511837834462,2.889938907843981,1.1554054567452854
2642,sample_002642,0.1,0.1,0.01,-1.0,-1.0,-2.0,0.3087242128956717,0.6046524745629891,0.08533516449356787,7.085619136628777
2643,sample_002643,0.1,0.1,0.01,-1.0,-1.0,-2.0,0.3087242128956717,0.7375076757252716,0.23156604044762777,3.184869742988374
2644,sample_002644,2.4792778070229256,0.008567026348923012,0.0005292724385472638,0.39432519288211054,-2.0671698973720294,-3.276320720969038,2.567432360945982,0.6100492225706597,0.22185178006726236,2.749805398837464
2645,sample_002645,0.17865505737472487,0.04742970412183836,0.00299287255559513,-0.7479846852614411,-1.3239495845754892,-2.5239117761702357,0.3337894386291284,0.756334366563225,0.24465849186960428,3.0913881663520133
2646,sample_002646,0.11998317201705387,0.038984166349118145,0.02629453819973359,-0.920879660724176,-1.4091117484472537,-1.5801344521206735,0.23879882783100703,0.7289284829381779,0.36543970393405684,1.9946614313963875
2647,sample_002647,0.1,0.1,0.01,-1.0,-1.0,-2.0,0.3087242128956717,0.7502283035864897,0.06823932776308424,10.994075237539846
2648,sample_002648,9.89971722623404,0.06366534022142487,0.017334948346628687,0.9956227896642078,-1.196096935752303,-1.76107744808359,10.503386448113378,1.0945785197536646,0.322143071306526,3.3978024587471256
2649,sample_002649,0.01,0.01,0.001,-2.0,-2.0,-3.0,0.030872421289567194,0.19534722028745205,0.039288285802075225,4.972149237346816
2650,sample_002650,0.1,0.1,0.01,-1.0,-1.0,-2.0,0.3087242128956717,1.2467708552019228,0.26973445225462306,4.622215830349324
2651,sample_002651,0.7227394042665829,0.009536825163789406,0.0004235881345761244,-0.14101826659232497,-2.0205961791037947,-3.3730562137210383,0.801703472986619,0.7835152534053118,0.07606333318460423,10.300827226486847
2652,sample_002652,0.9416557545686091,0.02727138865966407,0.08773270455036156,-0.026107835227671572,-1.5642927472114878,-1.0568384823684003,1.1269672448858907,0.7936351414743388,0.22796431090374858,3.4814008312442755
2653,sample_002653,0.1,0.1,0.01,-1.0,-1.0,-2.0,0.3087242128956717,0.8004089228856803,0.07785752590435724,10.280430999938647
2654,sample_002654,1.8082145027543908,0.06378286482852215,0.0028863573362533485,0.25724994817301994,-1.1952959781743235,-2.539649903472508,2.217710333337486,0.772372222959556,0.17318059805044708,4.459923522925853
2655,sample_002655,0.01,0.01,0.001,-2.0,-2.0,-3.0,0.03014959327649674,0.5509646397568051,0.10179511575697459,5.412486008387443
2656,sample_002656,0.01,0.01,0.001,-2.0,-2.0,-3.0,0.03014959327649674,0.8816215003851787,0.4325568024453067,2.0381635322834915
2657,sample_002657,5.0339424788306895,0.06435974751621232,0.1390350828930207,0.7019082487035737,-1.1913856683102804,-0.8568755998582187,5.620474382615241,1.104293624494221,0.21424638518397732,5.154316249237735
2658,sample_002658,2.407706848884227,0.013889820575298554,0.00033828132504799596,0.38160360814135075,-1.8573033643171755,-3.470721976945897,2.561924325007951,0.7261176436152298,0.2570676173790914,2.8246173167133755
2659,sample_002659,0.1,0.1,0.01,-1.0,-1.0,-2.0,0.3014959327649674,0.7336440226839007,0.043938739258842306,16.69697481218151
2660,sample_002660,6.669173229583933,0.013802977490993512,0.0010810694515934701,0.8240719982216707,-1.8600272202344272,-2.9661464045897854,6.851414653046344,0.8131419133609618,0.2590091493364023,3.139433164597785
2661,sample_002661,6.041901706614132,0.011333999787031495,0.00340866382326035,0.781173655624066,-1.9456167998550176,-2.467415828604576,6.193344805551034,0.9424627014994501,0.21254079111149077,4.434267401428229
2662,sample_002662,0.01,0.01,0.001,-2.0,-2.0,-3.0,0.03014959327649674,1.0411539502612956,0.03565712925338208,29.199040193695406
2663,sample_002663,0.5525764636177392,0.036379045241846895,0.061763721197053416,-0.2576076173178574,-1.439148703063589,-1.2092665461136836,0.7463182081397843,0.7792197873799254,0.2684769305877397,2.9023714837400982
2664,sample_002664,10.897087410542198,0.03534896484699939,0.01640817050415341,1.0373104345865363,-1.4516232994857088,-1.7849398396808756,11.334621146876806,0.7581649093091493,0.23974069551255603,3.1624372645129064
2665,sample_002665,0.01,0.01,0.001,-2.0,-2.0,-3.0,0.03014959327649674,1.1839124674525507,0.880535719270127,1.3445365605768858
2666,sample_002666,0.6831149970103568,0.021254945319909103,0.3595271020507111,-0.16550618012069407,-1.6725400079536117,-0.4442683658445903,0.8302279571826818,0.7591691785770502,0.09142544115190246,8.30369718769744
2667,sample_002667,0.1,0.1,0.01,-1.0,-1.0,-2.0,0.3014959327649674,0.8192524040648017,0.31309416552597197,2.6166326117528453
2668,sample_002668,0.01,0.01,0.001,-2.0,-2.0,-3.0,0.03014959327649674,0.8475926548814696,0.035053618481561216,24.179890453458246
2669,sample_002669,0.01,0.01,0.001,-2.0,-2.0,-3.0,0.03014959327649674,0.3911678771073928,0.019883116557634323,19.673368406483537
2670,sample_002670,0.1,0.1,0.01,-1.0,-1.0,-2.0,0.27319559204543176,0.5421349723754028,0.05698082548230174,9.514340443238929
2671,sample_002671,0.1,0.1,0.01,-1.0,-1.0,-2.0,0.27319559204543176,0.6928349491601877,0.2186257210523188,3.1690459193243186
2672,sample_002672,0.0004166889498279196,3.1108885445211674,0.01244494003286492,-3.3801880164431077,0.492884451685196,-1.9050071917398883,3.1119748481996385,1.9440956070823399,1.227131295859527,1.5842604728947323
2673,sample_002673,0.08613138859378465,0.007054965563803131,0.0006436467985085479,-1.064838551114761,-2.1515051017518414,-3.191352386581816,0.11446238141534647,0.5192905010212541,0.08498418444057114,6.1104369529414075
2674,sample_002674,0.1,0.1,0.01,-1.0,-1.0,-2.0,0.27319559204543176,0.8363887617122507,0.11214611991861342,7.458026745100357
2675,sample_002675,0.01,0.01,0.001,-2.0,-2.0,-3.0,0.027319559204543185,0.2623617977431131,0.11245247851390958,2.3330903970307846
2676,sample_002676,0.1,0.1,0.01,-1.0,-1.0,-2.0,0.27319559204543176,0.7699583882131944,0.15707419597345776,4.901876997946252
2677,sample_002677,0.01,0.01,0.001,-2.0,-2.0,-3.0,0.027319559204543185,0.42062478193206565,0.12135876110176984,3.4659614033084543
2678,sample_002678,0.01,0.01,0.001,-2.0,-2.0,-3.0,0.027319559204543185,0.09647933229419209,0.06895961310069562,1.3990700927122641
2679,sample_002679,0.01,0.01,0.001,-2.0,-2.0,-3.0,0.027319559204543185,0.23885389746856478,0.023608216637453605,10.11740535664314
2680,sample_002680,0.01,0.01,0.001,-2.0,-2.0,-3.0,0.027319559204543185,0.5224296349504888,0.07322275292836758,7.134799144489579
2681,sample_002681,0.1,0.1,0.01,-1.0,-1.0,-2.0,0.27319559204543176,0.7760250420740883,0.26935607645756565,2.881037815370552
2682,sample_002682,0.1,0.1,0.01,-1.0,-1.0,-2.0,0.27319559204543176,0.795010129714673,0.23102529549296197,3.4412254641565534
2683,sample_002683,0.1,0.1,0.01,-1.0,-1.0,-2.0,0.27319559204543176,0.8005309901334798,0.07709363836217359,10.383878710882904
2684,sample_002684,0.1,0.1,0.01,-1.0,-1.0,-2.0,0.27319559204543176,0.7409454432025459,0.0880171683361608,8.41819223691314
2685,sample_002685,0.13246435522719782,0.010611867277521182,0.02557080052642073,-0.8779009701101703,-1.9742081903708835,-1.5922556756199278,0.18153649456929355,0.7614133666728798,0.029638739630625622,25.689802473453145
2686,sample_002686,0.01,0.01,0.001,-2.0,-2.0,-3.0,0.029767205441694658,0.5617273578658573,0.1125761061842766,4.989756502559805
2687,sample_002687,0.21878489920742378,0.002765857936423068,0.004446640431244621,-0.6599826568231135,-2.5581701304494144,-2.351967987492799,0.2403983953673079,0.7740285049626254,0.08843257633288482,8.752753081047496
2688,sample_002688,4.077218192413771,0.028359188451127254,0.0005028925746285017,0.6103639533520129,-1.5473062014240977,-3.298524776830207,4.325933435879874,0.6126256945403652,0.21984188468437071,2.7866650407401585
2689,sample_002689,2.4390269407194114,2.5961867184450003,0.24118578364919385,0.38721659741957737,0.41433592382718665,-0.6176482946440984,7.4745171793764635,1.6362021207299913,0.8838580248634822,1.8512046897834227
2690,sample_002690,0.01,0.01,0.001,-2.0,-2.0,-3.0,0.029767205441694658,0.46434363964990427,0.015256060663300715,30.436667098926016
2691,sample_002691,0.1,0.1,0.01,-1.0,-1.0,-2.0,0.297672054416947,0.7642350148275892,0.25819450993648096,2.959919693937723
2692,sample_002692,0.40366179061949414,0.02836509348559864,0.0030139513983108157,-0.39398235762079814,-1.5472157807503377,-2.5208637552117015,0.5406299859152147,0.8375868830336932,0.2843530992624527,2.9455873180429655
2693,sample_002693,0.01,0.01,0.001,-2.0,-2.0,-3.0,0.029767205441694658,0.24222248754583536,0.0974838840501143,2.4847439133766374
2694,sample_002694,0.01,0.01,0.001,-2.0,-2.0,-3.0,0.029767205441694658,0.4983476236419842,0.04922994025978273,10.122856558676304
2695,sample_002695,0.01,0.01,0.001,-2.0,-2.0,-3.0,0.029767205441694658,0.3917188383659159,0.08782391720712197,4.460275182694196
2696,sample_002696,0.19955950846489606,0.012355757299138221,0.00912438054168999,-0.699927574442448,-1.908130631018064,-2.039796610318917,0.26173200064809116,0.47786659487883876,0.18291066017030405,2.612568313043689
2697,sample_002697,0.01,0.01,0.001,-2.0,-2.0,-3.0,0.029767205441694658,0.9673546174383296,0.04919181205694633,19.66495188911689
2698,sample_002698,0.1,0.1,0.01,-1.0,-1.0,-2.0,0.297672054416947,0.7039139518260809,0.3450729964942131,2.039898685140625
2699,sample_002699,0.01,0.01,0.001,-2.0,-2.0,-3.0,0.029767205441694658,0.17634511464783004,0.0095346762274096,18.4951340183829
2700,sample_002700,0.01,0.01,0.001,-2.0,-2.0,-3.0,0.03366184230093747,0.4055322315187223,0.07829744611563615,5.179380064578336
2701,sample_002701,3.5223280077002905,0.12079406887462153,0.0011432796423168534,0.5468297960666124,-0.917954389541551,-2.941847529656224,4.508078480995824,0.6874645857210393,0.17126561418881978,4.01402575162059
2702,sample_002702,0.1,0.1,0.01,-1.0,-1.0,-2.0,0.33661842300937467,0.7609233449400651,0.4802057336587286,1.5845777998994826
2703,sample_002703,0.09721663217221528,0.007933361341509678,0.0016021703302476899,-1.0122594280501742,-2.1005427644142056,-2.795291314996855,0.1448034767018065,3.9830759097700565,3.406302039023148,1.1693255219705398
2704,sample_002704,0.1,0.1,0.01,-1.0,-1.0,-2.0,0.33661842300937467,0.03862334405868496,0.016090073900358423,2.400445411119248
2705,sample_002705,5.945614242882212,0.17810400985487637,0.0008014163015178323,0.7741967283431341,-0.7493263026690293,-3.096141827878815,7.466075561647685,0.6427988035597171,0.2386868336613198,2.6930635163219954
2706,sample_002706,2.0102776647793092,0.16867967298819814,0.0007058939456710347,0.3032560474469097,-0.7729372496038112,-3.151260542956189,3.0117075294352462,0.8014559018802904,0.15914098085992917,5.036137753767562
2707,sample_002707,0.09852002802639663,0.026226832988461977,0.015958391928057862,-1.0064754732873835,-1.5812541493134074,-1.797010873132927,0.1991936532182943,0.45455677150560386,0.013145287862286166,34.57944597848841
2708,sample_002708,0.01,0.01,0.001,-2.0,-2.0,-3.0,0.03366184230093747,0.34902492904631466,0.029148825426145136,11.973893422589015
2709,sample_002709,0.1,0.1,0.01,-1.0,-1.0,-2.0,0.33661842300937467,0.6699422516267229,0.323234019971827,2.0726229611756675
2710,sample_002710,0.28434459603146045,0.020669418596696618,0.0037617312775540517,-0.5461550210992359,-1.6846717393280883,-2.424612231870113,0.41371825174203286,0.8307208977334549,0.3201310897921302,2.5949397738059887
2711,sample_002711,0.01,0.01,0.001,-2.0,-2.0,-3.0,0.03366184230093747,0.7499599665956731,0.30087951400757224,2.4925590865478426
2712,sample_002712,0.01,0.01,0.001,-2.0,-2.0,-3.0,0.03366184230093747,0.4957149482184905,0.046550174125530475,10.649046056878555
2713,sample_002713,0.01,0.01,0.001,-2.0,-2.0,-3.0,0.03366184230093747,0.4985742016873812,0.1399049014835717,3.5636650067326348
2714,sample_002714,0.01,0.01,0.001,-2.0,-2.0,-3.0,0.03366184230093747,0.37806858227131385,0.06995120165283977,5.404747500230621
2715,sample_002715,0.1,0.1,0.01,-1.0,-1.0,-2.0,0.2847668573280714,1.5256393015758705,0.803893150905881,1.8978135338716062
2716,sample_002716,0.1,0.1,0.01,-1.0,-1.0,-2.0,0.2847668573280714,0.37193156837583774,0.24234835200560575,1.5346981537024629
2717,sample_002717,0.7605007923852727,0.0025023156870590457,0.00240048705864072,-0.11890032910819226,-2.601657901477456,-2.619700631030401,0.7799072436832496,0.7555209673204206,0.2944639820142597,2.5657500185670714
2718,sample_002718,0.01,0.01,0.001,-2.0,-2.0,-3.0,0.028476685732807157,0.043300843526516045,0.014722090989507598,2.941215589373579
2719,sample_002719,0.19985795516385566,0.006545638800471396,0.004390898367346236,-0.6992785603635712,-2.1840479634780836,-2.3574466150503666,0.23437933719668264,0.6906364670156532,0.17159592021928072,4.024783725237149
2720,sample_002720,1.241474698228311,0.029965986399790513,0.03309832027878492,0.09393787287825894,-1.5233714219242724,-1.4801940458667353,1.411897187791557,0.760863098677595,0.07484506688853446,10.165841655412455
2721,sample_002721,0.1,0.1,0.01,-1.0,-1.0,-2.0,0.2847668573280714,0.9688103304295218,0.027345168078438335,35.42894041281936
2722,sample_002722,0.5230562406757465,0.018299450313430304,0.0016417309468105014,-0.28145161189379575,-1.7375619555935833,-2.784698015237157,0.6179225879807999,0.4504095461415466,0.07503756052837413,6.002454543697915
2723,sample_002723,0.12030809148932538,7.373138326727675,0.08648324248554605,-0.9197051625937442,0.8676523817358666,-1.0630680359004732,7.707729464443415,3.8157101844183403,1.1787584193866238,3.237058689603146
2724,sample_002724,0.01,0.01,0.001,-2.0,-2.0,-3.0,0.028476685732807157,0.16686811522463002,0.06971323309289651,2.3936361551653986
2725,sample_002725,0.01,0.01,0.001,-2.0,-2.0,-3.0,0.028476685732807157,0.2833913890392659,0.0908254162327809,3.1201771573823374
2726,sample_002726,1.0,1.0,0.1,0.0,0.0,-1.0,2.8476685732807163,1.5310770557204587,1.0380382070577063,1.4749717739776254
2727,sample_002727,0.0010000000071826018,35.06247318518954,0.00010000400808375547,-2.9999999968806357,1.5448425464639466,-3.999982593462252,35.06531322478527,2.3608137617927243,2.3608137617927243,1.0
2728,sample_002728,0.01,0.01,0.001,-2.0,-2.0,-3.0,0.028476685732807157,0.4802064733699595,0.03128841896463169,15.347738532675077
2729,sample_002729,0.1,0.1,0.01,-1.0,-1.0,-2.0,0.2847668573280714,0.7600979027479831,0.19223750179728483,3.9539522499075606
2730,sample_002730,0.01,0.01,0.001,-2.0,-2.0,-3.0,0.026319007687898868,0.358485104719657,0.054413912893871305,6.588114797383621
2731,sample_002731,0.9030652635791429,0.01436531173334788,0.005169147808039541,-0.044280862545758026,-1.8426849451956082,-2.2865810493184417,0.9882629010247843,0.7820658887282843,0.26914620640056525,2.9057288199869715
2732,sample_002732,0.01,0.01,0.001,-2.0,-2.0,-3.0,0.026319007687898868,0.25359978507419717,0.05541961259677047,4.575993464973724
2733,sample_002733,0.01,0.01,0.001,-2.0,-2.0,-3.0,0.026319007687898868,0.32669141198978574,0.19589733051944663,1.6676664818429225
2734,sample_002734,0.28639084119956276,0.05547434615094464,0.0006082689438333943,-0.5430408749119904,-1.2559078078829788,-3.215904356586713,0.43572446000783127,0.745953571087857,0.025433796146981515,29.329226623387356
2735,sample_002735,0.05674214832716459,6.29300070726081,0.0009517239518060289,-1.2460942253084024,0.7988577805571868,-3.0214890007670374,6.413468276566928,2.339984911123895,2.084925611864948,1.1223349638027604
2736,sample_002736,1.68552658315395,0.020021291414842074,0.07475997670604402,0.22673560635330148,-1.698507913057937,-1.1263308426120675,1.8133475920380797,0.758081584009611,0.2531129279931209,2.995033047186804
2737,sample_002737,0.01,0.01,0.001,-2.0,-2.0,-3.0,0.026319007687898868,0.36498131793601074,0.08733417163650391,4.179135281148714
2738,sample_002738,0.10928300096595947,0.008859449794434657,9.233110412189751e-05,-0.9614473875547302,-2.052593248616412,-4.034651970990008,0.1412335937763588,0.7846413458303079,0.21343202779849804,3.6763055382254564
2739,sample_002739,0.1,0.1,0.01,-1.0,-1.0,-2.0,0.26319007687898865,1.1858442861278737,0.07176556336537906,16.523862288802786
2740,sample_002740,0.01,0.01,0.001,-2.0,-2.0,-3.0,0.026319007687898868,0.4869862762059613,0.0379061733793591,12.84714949547342
2741,sample_002741,5.220860805501688,0.07756931567090929,0.013302612637310423,0.7177421145460201,-1.1103100399553103,-1.876063055082791,5.689130743564824,0.833067076102745,0.27640003793496837,3.0139904550184964
2742,sample_002742,0.1,0.1,0.01,-1.0,-1.0,-2.0,0.26319007687898865,0.873519932051088,0.05145626880909181,16.97596720998056
2743,sample_002743,0.01,0.01,0.001,-2.0,-2.0,-3.0,0.026319007687898868,0.033057363266480067,0.0317529833945907,1.0410789706176578
2744,sample_002744,0.01,0.01,0.001,-2.0,-2.0,-3.0,0.026319007687898868,0.8248479672740937,0.3757849086270982,2.195000247049871
2745,sample_002745,0.1,0.1,0.01,-1.0,-1.0,-2.0,0.2861224654977924,0.7340117955072181,0.12113671514838154,6.0593668452056
2746,sample_002746,0.01,0.01,0.001,-2.0,-2.0,-3.0,0.028612246549779265,0.27102462453321186,0.08568408571478871,3.163068407304417
2747,sample_002747,0.01,0.01,0.001,-2.0,-2.0,-3.0,0.028612246549779265,0.2638645585915022,0.07591414976269018,3.4758284116511935
2748,sample_002748,0.01,0.01,0.001,-2.0,-2.0,-3.0,0.028612246549779265,0.5101071853283394,0.06776655227682003,7.527418293977821
2749,sample_002749,0.01,0.01,0.001,-2.0,-2.0,-3.0,0.028612246549779265,0.1779558915315543,0.09177022270610533,1.9391463405451144
2750,sample_002750,0.1,0.1,0.01,-1.0,-1.0,-2.0,0.2861224654977924,0.7830398008989932,0.2767561268966815,2.8293494697998764
2751,sample_002751,0.1,0.1,0.01,-1.0,-1.0,-2.0,0.2861224654977924,0.8139365629525694,0.3690870966601047,2.205269624210489
2752,sample_002752,10.529581853971527,0.06786133306635128,0.09053992648727828,1.0224111250203842,-1.168377613337026,-1.0431598624604081,11.151296881253852,0.7229451190901333,0.31826626479009085,2.2715103643389414
2753,sample_002753,0.01,0.01,0.001,-2.0,-2.0,-3.0,0.028612246549779265,0.3261189054729753,0.04275183320346144,7.628185297246406
2754,sample_002754,0.1,0.1,0.01,-1.0,-1.0,-2.0,0.2861224654977924,0.44872474406638185,0.14270586009466682,3.1444030663401716
2755,sample_002755,0.01,0.01,0.001,-2.0,-2.0,-3.0,0.028612246549779265,0.3307998441431979,0.03158208181411411,10.474288746708353
2756,sample_002756,0.01,0.01,0.001,-2.0,-2.0,-3.0,0.028612246549779265,0.2735926537902429,0.05281912098371869,5.1798032359261885
2757,sample_002757,1.97786183603964,0.32490629541217086,0.004644315162978512,0.2961959505870837,-0.4882418736464631,-2.333078316733152,3.0861461390400446,23.093072518219003,22.55692464531513,1.0237686600161262
2758,sample_002758,0.7194841708639137,0.00813752132101219,0.011664973108242594,-0.142978756393223,-2.089507860533022,-1.933116258066569,0.7851502586871651,0.7708572233149431,0.04421166110829862,17.43560870573695
2759,sample_002759,0.05262332551512842,5.924337838588777,0.0012147765929137158,-1.2788217102747508,0.772639816434479,-2.9155035849348296,6.068566426403669,1.365531577783059,1.0710596219179034,1.274935166856404
2760,sample_002760,0.1,0.1,0.01,-1.0,-1.0,-2.0,0.2655083960209027,0.5938825536243615,0.07683525266839375,7.729297854819909
2761,sample_002761,0.01,0.01,0.001,-2.0,-2.0,-3.0,0.0265508396020903,0.47445205226117576,0.025186913753001944,18.83724448790902
2762,sample_002762,0.01,0.01,0.001,-2.0,-2.0,-3.0,0.0265508396020903,0.27237269508817924,0.025106148655094397,10.848844194703313
2763,sample_002763,1.1378390173106567,4.199012180194753,0.15677960817214662,0.0560808219543274,0.6231471344101944,-0.8047104252882349,6.375640361151492,1.1240788081049302,0.8431537711976678,1.3331836332869853
2764,sample_002764,0.1,0.1,0.01,-1.0,-1.0,-2.0,0.2655083960209027,0.7489972439671579,0.02527881404750056,29.62944553331271
2765,sample_002765,0.10493356648737952,0.03220516222191531,0.06354170523153985,-0.9790855660637359,-1.4920745089003935,-1.1969411344457477,0.18147345701068598,0.7487703665770624,0.019854223734579138,37.713404290542236
2766,sample_002766,0.01,0.01,0.001,-2.0,-2.0,-3.0,0.0265508396020903,0.4725461716747976,0.37000361957660666,1.2771393215437457
2767,sample_002767,0.01,0.01,0.001,-2.0,-2.0,-3.0,0.0265508396020903,0.6459707151375886,0.31412460325178027,2.0564155384537766
2768,sample_002768,0.01,0.01,0.001,-2.0,-2.0,-3.0,0.0265508396020903,0.7205128285387349,0.30504119300801813,2.3620181308424004
2769,sample_002769,1.5047501289446321,0.02961643908554326,0.001620536606383345,0.1774643892122718,-1.5284671598075765,-2.790341154220955,1.687845097490729,0.7579823374787575,0.2592316288821514,2.9239577776342327
2770,sample_002770,0.1,0.1,0.01,-1.0,-1.0,-2.0,0.2655083960209027,0.6705983238966355,0.30250359935109133,2.2168275859697344
2771,sample_002771,0.01,0.01,0.001,-2.0,-2.0,-3.0,0.0265508396020903,0.1718190286513017,0.021525248294536295,7.9822089065014
2772,sample_002772,0.1,0.1,0.01,-1.0,-1.0,-2.0,0.2655083960209027,0.7446173064633341,0.38365737200942307,1.9408393029524413
2773,sample_002773,0.01,0.01,0.001,-2.0,-2.0,-3.0,0.0265508396020903,0.5059067917810236,0.05631763509280144,8.983097229622288
2774,sample_002774,0.01,0.01,0.001,-2.0,-2.0,-3.0,0.0265508396020903,0.34531291860324176,0.04418358754191158,7.815411509436292
2775,sample_002775,0.1,0.1,0.01,-1.0,-1.0,-2.0,0.27435935539006917,0.6152204803608357,0.30549471842640324,2.013849809023944
2776,sample_002776,0.1859530502371179,0.035461683594013145,0.00023478511808946976,-0.7305966933992059,-1.450240649495603,-3.629329434411019,0.2905091571751686,0.7638446359596744,0.0942443117565793,8.104941526153695
2777,sample_002777,0.1,0.1,0.01,-1.0,-1.0,-2.0,0.27435935539006917,0.7777112352623456,0.27122134306375795,2.8674411330509617
2778,sample_002778,0.01,0.01,0.001,-2.0,-2.0,-3.0,0.02743593553900689,0.48686653603791846,0.03750839446803567,12.980201977261967
2779,sample_002779,0.6276533282219466,0.0044628648581281,0.00588305467482046,-0.20228016392417292,-2.350386264012677,-2.230397115429911,0.6624598386938177,0.7084590267343795,0.25601335235538586,2.7672737387186337
2780,sample_002780,0.1,0.1,0.01,-1.0,-1.0,-2.0,0.27435935539006917,2.2540294427249203,0.582027790263227,3.8727179018471203
2781,sample_002781,7.000680636762352,0.011293316225007398,0.0010664084023755361,0.8451402660742566,-1.9471785109763275,-2.972076441715958,7.10799657733702,1.2837862398525868,0.9243096593400543,1.388913582023144
2782,sample_002782,0.001000025510342234,15.664161148359618,0.00010000000131607311,-2.9999889211404485,1.1949071423780713,-3.999999994284367,15.666618239860293,4.8229056899426554,4.8229056899426554,1.0
2783,sample_002783,0.01,0.01,0.001,-2.0,-2.0,-3.0,0.02743593553900689,0.4075643441081254,0.02954967634912333,13.792514655417431
2784,sample_002784,6.761843792978877,0.004029899826489088,0.03392030209503673,0.8300651338016971,-2.394705749229543,-1.4695402885608653,6.802340501883729,0.811058311291307,0.3000324403956767,2.7032353908853977
2785,sample_002785,0.1,0.1,0.01,-1.0,-1.0,-2.0,0.27435935539006917,0.7888946578573657,0.023612929569711796,33.40943594179341
2786,sample_002786,1.566939683218894,0.004962994822271503,0.045962405265577065,0.19505227933434277,-2.304256177887522,-1.3375972522588881,1.6110408454517255,0.7779943119102342,0.2280077496498918,3.412139776410461
2787,sample_002787,0.01,0.01,0.001,-2.0,-2.0,-3.0,0.02743593553900689,0.046338149680212354,0.02455553763370227,1.8870753461579124
2788,sample_002788,0.01,0.01,0.001,-2.0,-2.0,-3.0,0.02743593553900689,0.4974929003039828,0.04842586324355561,10.273289250454154
2789,sample_002789,0.1,0.1,0.01,-1.0,-1.0,-2.0,0.27435935539006917,0.6824271694251061,0.09637741729862695,7.080778760760881
2790,sample_002790,0.1,0.1,0.01,-1.0,-1.0,-2.0,0.33359207018337067,0.1726835587743018,0.03131883990943703,5.513727816025159
2791,sample_002791,0.1,0.1,0.01,-1.0,-1.0,-2.0,0.33359207018337067,0.5888399041617042,0.10685046226519065,5.510878396578863
2792,sample_002792,0.01,0.01,0.001,-2.0,-2.0,-3.0,0.03335920701833705,0.46472423639374505,0.015755428603633985,29.49613419507715
2793,sample_002793,0.1,0.1,0.01,-1.0,-1.0,-2.0,0.33359207018337067,0.765344064701333,0.2590302022330384,2.9546518440841334
2794,sample_002794,0.3317704416125756,0.050118464414459975,0.002317711581394227,-0.47916230913860236,-1.3000022438738768,-2.634940609098179,0.5596697848113217,0.7905209618904998,0.17701802844635076,4.465765260345133
2795,sample_002795,0.6794819640323555,0.040388380899381994,0.03141050321351584,-0.16782206656236287,-1.3937435565987224,-1.502925105909596,0.9310502697343584,0.6695526930483031,0.2534682304685595,2.6415645535165213
2796,sample_002796,1.9013175922788372,0.003083143248619034,0.00025088826962569677,0.2790546666044733,-2.511006296668393,-3.600519643810638,1.9385599147487789,0.751807256663535,0.374784587571741,2.005971647699159
2797,sample_002797,0.015548352749208516,0.16451967740097914,0.04485220698567818,-1.8083156149859132,-0.7837821507499765,-1.3482161823162127,0.22377145796678796,0.9190623306757261,0.6020662213977453,1.5265136923676745
2798,sample_002798,0.45055976561865063,0.0012862152787337462,0.14815061095614585,-0.3462475927940849,-2.8906863358119157,-0.8292965531995513,0.46585707334940435,0.8520824741107516,0.18604489055317316,4.57998320500621
2799,sample_002799,0.01,0.01,0.001,-2.0,-2.0,-3.0,0.03335920701833705,0.13549144965531157,0.008887817844962467,15.244624948305715
2800,sample_002800,0.08443158720393128,5.040536191262058,0.0006531699098721813,-1.0734950464791204,0.7024767373424137,-3.1849738304838593,5.411841783816201,1.7998838300072133,1.0114024923373905,1.779592045346469
2801,sample_002801,0.7845719218088976,0.043562599073609355,0.06113950482378982,-0.10536723842118789,-1.3608862168489244,-1.21367808299898,1.061825238384912,2.882811104984415,2.60154331595712,1.1081157431829327
2802,sample_002802,0.4013972416686882,0.04081480188875827,0.20629346058649445,-0.39642561623364525,-1.3891823071843552,-0.6855145387559505,0.614314151651923,0.4437264302510947,0.31896642351875276,1.3911383692240165
2803,sample_002803,0.01,0.01,0.001,-2.0,-2.0,-3.0,0.03335920701833705,0.7122879585121271,0.3015671748627905,2.361954542420639
2804,sample_002804,0.1,0.1,0.01,-1.0,-1.0,-2.0,0.33359207018337067,1.203190506753923,0.28442883214046655,4.230198808254859
2805,sample_002805,0.10778194333493737,0.07202888776256836,0.07238598214528887,-0.9674539902331167,-1.1424932913500427,-1.1403455286423947,0.2542066196761989,1.3259132525368384,1.005394807595362,1.318798587898093
2806,sample_002806,0.01,0.01,0.001,-2.0,-2.0,-3.0,0.02798094517001798,0.4931772287328763,0.0441334622880359,11.174677969160177
2807,sample_002807,0.01,0.01,0.001,-2.0,-2.0,-3.0,0.02798094517001798,0.35892816392395105,0.05762294092540223,6.228910884444685
2808,sample_002808,0.1,0.1,0.01,-1.0,-1.0,-2.0,0.2798094517001799,0.797517043997422,0.2911018191373089,2.7396498117424803
2809,sample_002809,0.1,0.1,0.01,-1.0,-1.0,-2.0,0.2798094517001799,0.774615722385567,0.26796951137599384,2.89068602770517
2810,sample_002810,0.1,0.1,0.01,-1.0,-1.0,-2.0,0.2798094517001799,0.8192374709389152,0.09507221908196617,8.617001673565783
2811,sample_002811,0.01,0.01,0.001,-2.0,-2.0,-3.0,0.02798094517001798,0.6761448514941701,0.3761107043068256,1.7977282851874938
2812,sample_002812,0.01,0.01,0.001,-2.0,-2.0,-3.0,0.02798094517001798,0.4562045089229307,0.007229882072252912,63.09985479206748
2813,sample_002813,0.01,0.01,0.001,-2.0,-2.0,-3.0,0.02798094517001798,0.17398496251485013,0.15918575572482374,1.0929681598874275
2814,sample_002814,4.2374699277614045,0.018248807930510216,0.007629060431505184,0.6271066291453868,-1.7387654997614947,-2.117528944946641,4.428947171157345,0.7840370971821323,0.23282508190093548,3.36749413242226
2815,sample_002815,0.1401456081916359,0.08060787258040539,0.005184487993385332,-0.8534205073794237,-1.0936225406854367,-2.2852941269561393,0.3119573928207898,0.7820140934135673,0.05813297146111203,13.452161032860579
2816,sample_002816,0.01,0.01,0.001,-2.0,-2.0,-3.0,0.02798094517001798,0.22599255854710654,0.05814234843368453,3.886883908806454
2817,sample_002817,0.1,0.1,0.01,-1.0,-1.0,-2.0,0.2798094517001799,0.8065850313207622,0.30028459882165087,2.686068597876444
2818,sample_002818,0.1,0.1,0.01,-1.0,-1.0,-2.0,0.2798094517001799,0.7439770794747191,0.2379263792396857,3.1269213689216055
2819,sample_002819,4.66242002863127,0.009395256426116343,0.055914453053843884,0.6686113957181901,-2.0270913621384863,-1.2524759189432562,4.775102026551953,0.7789860808950293,0.28696639691368087,2.714555046420112
2820,sample_002820,0.01,0.01,0.001,-2.0,-2.0,-3.0,0.02740783924844799,0.25532501224724774,0.017267012868091035,14.78686639071668
2821,sample_002821,0.01,0.01,0.001,-2.0,-2.0,-3.0,0.02740783924844799,0.6564238329007681,0.3125360493596111,2.1003139773660857
2822,sample_002822,0.1,0.1,0.01,-1.0,-1.0,-2.0,0.27407839248447974,0.7898132790893495,0.06553580432714769,12.051630207309069
2823,sample_002823,3.0920917005795148,0.003161338959611879,0.004067998253027487,0.4902523650862385,-2.500128936492945,-2.3906192422538863,3.121989920898478,0.3586082778281921,0.12613196259528386,2.8431197806605812
2824,sample_002824,0.01,0.01,0.001,-2.0,-2.0,-3.0,0.02740783924844799,3.174762497341527,2.961443056530036,1.0720322615493545
2825,sample_002825,0.006517832206324864,0.07576911182224313,0.023414712597737922,-2.1858968241110097,-1.1205078035907396,-1.6305111685666134,0.09074546989009721,0.5778460549597797,0.29488757737768606,1.9595469571771282
2826,sample_002826,0.9021917119026666,0.010751622738512868,0.001696167328994855,-0.044701166920718904,-1.9685259828929826,-2.7705313062806525,0.9758053103703332,0.5209859533843593,0.23837269362146757,2.1855941025345693
2827,sample_002827,0.01,0.01,0.001,-2.0,-2.0,-3.0,0.02740783924844799,0.34577858690425683,0.017239082889655793,20.057829590908177
2828,sample_002828,0.01,0.01,0.001,-2.0,-2.0,-3.0,0.02740783924844799,0.6068845564796078,0.05907672753673601,10.27281946350575
2829,sample_002829,0.01,0.01,0.001,-2.0,-2.0,-3.0,0.02740783924844799,0.650154928990449,0.07247421577048732,8.970844624926631
2830,sample_002830,0.01,0.01,0.001,-2.0,-2.0,-3.0,0.02740783924844799,0.4028716550046843,0.022748803145762223,17.709575858707694
2831,sample_002831,0.1,0.1,0.01,-1.0,-1.0,-2.0,0.27407839248447974,0.5798240873963729,0.1466012840072037,3.955109201962252
2832,sample_002832,3.8654578698413746,0.0966506932224436,0.09140080205898511,0.5872009441969048,-1.0147950266679961,-1.039049993234844,4.412228828293355,1.1705351492916098,0.362287627704986,3.2309553508815565
2833,sample_002833,0.01,0.01,0.001,-2.0,-2.0,-3.0,0.02740783924844799,0.5124778868830125,0.06316075204476819,8.113866131925874
2834,sample_002834,6.825139676442716,0.01133469895667176,0.016135696071022342,0.834111543637718,-1.9455900100052594,-1.7922122950085404,6.9291319146632215,0.794847051333128,0.2575916512055205,3.085686386236781
2835,sample_002835,0.8353213980640226,0.010304425803235763,0.005266323076019854,-0.07814639331927165,-1.9869762035387208,-2.278492501510101,0.9299523373126685,0.6514408156635094,0.233805032294551,2.7862566056440343
2836,sample_002836,0.01,0.01,0.001,-2.0,-2.0,-3.0,0.03077571625269615,0.3137511859503167,0.05342443644504177,5.872802912447669
2837,sample_002837,0.029298863396711186,39.442414153743535,5.4154545505885774e-05,-1.5331492270899498,1.5959634889659853,-4.266365084647655,39.545357913849664,2.0287802348397923,2.010384054295477,1.009150580211283
2838,sample_002838,0.1,0.1,0.01,-1.0,-1.0,-2.0,0.30775716252696145,0.6816501574863152,0.09045268846779327,7.535985596813131
2839,sample_002839,0.01,0.01,0.001,-2.0,-2.0,-3.0,0.03077571625269615,0.5508060204065776,0.11382349714360655,4.839124031759871
2840,sample_002840,0.01,0.01,0.001,-2.0,-2.0,-3.0,0.03077571625269615,0.49398612427116617,0.05487295879076205,9.002359908362177
2841,sample_002841,0.23225202494291508,0.01068058147140526,0.01842410157948859,-0.6340404908210786,-1.9714051028366328,-1.7346136805969214,0.29812942694304156,1.007325920990566,0.023340819114273714,43.1572652210201
2842,sample_002842,0.01,0.01,0.001,-2.0,-2.0,-3.0,0.03077571625269615,0.3315478558537183,0.30386373335863015,1.0911070307374078
2843,sample_002843,0.01,0.01,0.001,-2.0,-2.0,-3.0,0.03077571625269615,0.5100119172002594,0.06302353046543399,8.092404748413475
2844,sample_002844,7.010349245162974,0.003159871906993008,0.09970478513748832,0.8457396544101581,-2.5003305221960397,-1.0012839980681143,7.054814251514267,0.6843219626905603,0.3070408878989312,2.2287649289101163
2845,sample_002845,0.01,0.01,0.001,-2.0,-2.0,-3.0,0.03077571625269615,0.48359525784654656,0.05660582611578799,8.543206433509969
2846,sample_002846,8.750544135830962,0.06579538138188018,0.09274786973919483,0.9420350596327403,-1.181804591352055,-1.0326960566038847,9.430077028763868,0.6530373030568004,0.23469632003394114,2.782477812018356
2847,sample_002847,0.01,0.01,0.001,-2.0,-2.0,-3.0,0.03077571625269615,0.4948795820385,0.30016720964715243,1.648679689631098
2848,sample_002848,0.1,0.1,0.01,-1.0,-1.0,-2.0,0.30775716252696145,0.8743846543935356,0.04286538143270743,20.398387350552227
2849,sample_002849,0.01,0.01,0.001,-2.0,-2.0,-3.0,0.03077571625269615,0.46600930803179025,0.016974819159853053,27.452976296439342
2850,sample_002850,0.01,0.01,0.001,-2.0,-2.0,-3.0,0.03090856549405947,0.5379519687029225,0.08837203017297338,6.087355554126934
2851,sample_002851,0.01,0.01,0.001,-2.0,-2.0,-3.0,0.03090856549405947,0.1345605404418879,0.09329565774570274,1.442302286014869
2852,sample_002852,0.01,0.01,0.001,-2.0,-2.0,-3.0,0.03090856549405947,0.2709346994441603,0.06783728277809378,3.993890797932304
2853,sample_002853,0.01,0.01,0.001,-2.0,-2.0,-3.0,0.03090856549405947,0.3227065031663463,0.041586975337143894,7.759797401714791
2854,sample_002854,3.3268562438394365,0.0738364522671195,0.0013185280960089595,0.5220340350569401,-1.1317291786916286,-2.879910611557577,3.925927548747505,0.7858465487732071,0.32119245080834513,2.4466532348299808
2855,sample_002855,0.01,0.01,0.001,-2.0,-2.0,-3.0,0.03090856549405947,0.34521541211912365,0.045577563019241166,7.57424024565303
2856,sample_002856,0.000648364425728569,5.733930423377949,0.15187893104520778,-3.1881808219136176,0.7584524188290995,-0.8185024681743354,5.738197680725636,3.1419918255158463,1.3491424254259994,2.328880751432707
2857,sample_002857,0.01,0.01,0.001,-2.0,-2.0,-3.0,0.03090856549405947,0.15514099403149623,0.09666677478597807,1.6049050397613978
2858,sample_002858,0.01,0.01,0.001,-2.0,-2.0,-3.0,0.03090856549405947,0.36289858277128906,0.057739714825213,6.285077504622926
2859,sample_002859,0.01,0.01,0.001,-2.0,-2.0,-3.0,0.03090856549405947,0.5203843327710773,0.07123768798471791,7.304902046831047
2860,sample_002860,0.01,0.01,0.001,-2.0,-2.0,-3.0,0.03090856549405947,0.5218494223719441,0.07285658729985402,7.162693748256168
2861,sample_002861,3.1765067584818585,0.008794969814519448,0.003662613158874229,0.5019497836971754,-2.055765646759122,-2.436208948613131,3.2941272357649973,0.8037723745143072,0.1994231716011882,4.0304863675607
2862,sample_002862,0.01,0.01,0.001,-2.0,-2.0,-3.0,0.03090856549405947,0.21123335539039045,0.06347551164408198,3.327792875066717
2863,sample_002863,0.1,0.1,0.01,-1.0,-1.0,-2.0,0.3090856549405945,0.7568796561437896,0.03501345926873583,21.616820272872083
2864,sample_002864,0.1,0.1,0.01,-1.0,-1.0,-2.0,0.3090856549405945,0.7437668023803237,0.05452549333480311,13.640716605962083
2865,sample_002865,0.5811373279908078,0.007544357240418531,0.00149863326056322,-0.23572122777965987,-2.1223777550706817,-2.824304632929179,0.6751059025076788,0.6403876896969862,0.22215992649987917,2.882552671790403
2866,sample_002866,0.01,0.01,0.001,-2.0,-2.0,-3.0,0.035382200621318693,0.5514633862837446,0.10264271525624229,5.3726500210662245
2867,sample_002867,0.1,0.1,0.01,-1.0,-1.0,-2.0,0.3538220062131874,0.7815487134744346,0.0599833150501224,13.02943514911385
2868,sample_002868,0.1,0.1,0.01,-1.0,-1.0,-2.0,0.3538220062131874,0.7553698350748769,0.24856219033779228,3.038957107870431
2869,sample_002869,0.01,0.01,0.001,-2.0,-2.0,-3.0,0.035382200621318693,0.6061183148121736,0.3070115455661276,1.9742525112353504
2870,sample_002870,0.01,0.01,0.001,-2.0,-2.0,-3.0,0.035382200621318693,2.09005131368106,1.6408728960921337,1.273743577981378
2871,sample_002871,3.8197664992826836,0.011616610771198846,0.0491284031924458,0.5820368154843516,-1.9349205619687022,-1.308667351394985,4.022101075644644,0.7597485103197161,0.15754617705193844,4.8223862015340995
2872,sample_002872,0.01,0.01,0.001,-2.0,-2.0,-3.0,0.035382200621318693,0.4728443173886069,0.023846218199447534,19.82890173333907
2873,sample_002873,12.151071479327646,0.083111196052292,0.00047383160741531626,1.0846145756332755,-1.0803404677176367,-3.3243759725954938,13.37878618469842,0.756283549375311,0.24215516167681905,3.1231361914335283
2874,sample_002874,0.1,0.1,0.01,-1.0,-1.0,-2.0,0.3538220062131874,0.7714201650918978,0.05458200726567095,14.133231878723489
2875,sample_002875,0.1,0.1,0.01,-1.0,-1.0,-2.0,0.3538220062131874,0.6027422368169673,0.28218235714653644,2.1360025584589084
2876,sample_002876,0.09119379964213763,0.03503575858169258,0.0007338132402854752,-1.040034688785025,-1.4554884748800792,-3.1344144564788925,0.2181581006685069,0.6937443169617038,0.026199485956533198,26.47931024725732
2877,sample_002877,1.0655064676786359,0.0021692834734044807,0.25745036866992094,0.02755609024789063,-2.6636836923882243,-0.5893064819249281,1.1063570171702195,0.8346076065995398,0.3194164563170796,2.6129136119744505
2878,sample_002878,0.01,0.01,0.001,-2.0,-2.0,-3.0,0.035382200621318693,1.1210478233776513,0.060167069815232246,18.632248949804104
2879,sample_002879,0.1,0.1,0.01,-1.0,-1.0,-2.0,0.3538220062131874,0.7674126990398242,0.0485646417968663,15.801881176221144
2880,sample_002880,0.0012555535483729854,13.609694705248431,0.29645993904185486,-2.9011647602374184,1.1338483831524115,-0.5280339850266387,13.621606078064374,1.7008106305575876,1.5075779773365101,1.1281742345178511
2881,sample_002881,0.01,0.01,0.001,-2.0,-2.0,-3.0,0.03177993062536638,0.22770472163254862,0.07338522370145799,3.1028688085613165
2882,sample_002882,0.1,0.1,0.01,-1.0,-1.0,-2.0,0.31779930625366376,0.7592181248056203,0.03568355014653212,21.276417892500653
2883,sample_002883,0.0752258585722685,0.03228490820397022,0.028835759728243968,-1.1236328468438384,-1.4910004440905986,-1.5400686018588559,0.1699048554608633,0.805801621000903,0.2933191498341029,2.7471838148196355
2884,sample_002884,2.167310488558016,0.10746993673101154,0.008664443485139289,0.33592113273567037,-0.968713006797894,-2.0622593266713363,2.8766061716189855,0.8019564257971977,0.20911493206940907,3.8350031624284666
2885,sample_002885,0.01,0.01,0.001,-2.0,-2.0,-3.0,0.03177993062536638,0.39277427505637613,0.021207071460825466,18.520910620871163
2886,sample_002886,0.01,0.01,0.001,-2.0,-2.0,-3.0,0.03177993062536638,0.17616691361818193,0.11535367780528513,1.5271893967312287
2887,sample_002887,0.1,0.1,0.01,-1.0,-1.0,-2.0,0.31779930625366376,0.5061626262911143,0.058332620158372414,8.67717967951531
2888,sample_002888,0.1,0.1,0.01,-1.0,-1.0,-2.0,0.31779930625366376,0.7671168397996606,0.043782909340125985,17.520919723272396
2889,sample_002889,0.01,0.01,0.001,-2.0,-2.0,-3.0,0.03177993062536638,0.7601535848485833,0.023130879307621893,32.8631512334295
2890,sample_002890,0.6904936567523878,2.6325309031001596,0.001971180805490986,-0.1608403067306634,0.4203734780406574,-2.7052735384675426,4.58699517955159,2.9951939777575127,0.8604161880068942,3.4810990535820943
2891,sample_002891,0.01,0.01,0.001,-2.0,-2.0,-3.0,0.03177993062536638,0.4782222640789216,0.029104580604448392,16.43116836412442
2892,sample_002892,0.1,0.1,0.01,-1.0,-1.0,-2.0,0.31779930625366376,1.2730931408015298,0.7935412666159155,1.604318759918662
2893,sample_002893,0.010013371320002983,42.455290796729585,0.10390508818638115,-1.9994196788472798,1.6279318199190627,-0.9833631847126822,42.49622678497703,2.212915932325199,1.8959940905207093,1.1671533911360723
2894,sample_002894,0.01,0.01,0.001,-2.0,-2.0,-3.0,0.03177993062536638,0.04592092042050223,0.019802252134390626,2.318974635251272
2895,sample_002895,0.01,0.01,0.001,-2.0,-2.0,-3.0,0.026662620586144957,1.167905479074678,0.036204040734585316,32.258981466645814
2896,sample_002896,0.01,0.01,0.001,-2.0,-2.0,-3.0,0.026662620586144957,0.18615851642816283,0.08684819707692812,2.1434931604080156
2897,sample_002897,0.01,0.01,0.001,-2.0,-2.0,-3.0,0.026662620586144957,0.24059223501818383,0.060083867713871586,4.004273429332483
2898,sample_002898,0.1684396491655081,14.056534622770771,0.001210541614499949,-0.7735556718210113,1.1478782666505696,-2.917020276327951,14.430448082591045,3.208416703030452,1.3262047705001196,2.4192468421151427
2899,sample_002899,0.01,0.01,0.001,-2.0,-2.0,-3.0,0.026662620586144957,0.47194549747429887,0.02276104232810859,20.734792839055224
2900,sample_002900,0.15009498508658659,4.85525869474915,0.00017662308965314864,-0.8236338179872869,0.686212374657809,-3.7529525224262317,5.18380572309404,2.779479995803456,1.2504340454147433,2.222812155503619
2901,sample_002901,0.1,0.1,0.01,-1.0,-1.0,-2.0,0.2666262058614495,0.7846299132579888,0.032567723150872266,24.09225568588678
2902,sample_002902,0.1,0.1,0.01,-1.0,-1.0,-2.0,0.2666262058614495,0.7979973809815557,0.2914894980587056,2.737653967968479
2903,sample_002903,0.22412262407856634,0.010518345755975723,0.031217048514889406,-0.6495143013563078,-1.9780525572871261,-1.505608160667932,0.26982917010785473,0.8158604925500539,0.3012179844774305,2.708538449207983
2904,sample_002904,0.01,0.01,0.001,-2.0,-2.0,-3.0,0.026662620586144957,0.49562467080260464,0.09952954092781881,4.979674036294847
2905,sample_002905,0.01,0.01,0.001,-2.0,-2.0,-3.0,0.026662620586144957,0.33048165425805776,0.09805169546418525,3.3704838319575083
2906,sample_002906,0.1,0.1,0.01,-1.0,-1.0,-2.0,0.2666262058614495,0.5170214222059419,0.2712137241934174,1.9063247029387997
2907,sample_002907,0.22527675636212685,0.025960582183973967,0.0017192302153601284,-0.6472836156637412,-1.5856855724089458,-2.764665964752037,0.30992893239918623,0.4733236106892108,0.3145045389693835,1.5049818112014213
2908,sample_002908,0.1,0.1,0.01,-1.0,-1.0,-2.0,0.2666262058614495,0.5043788483697957,0.27610929758343306,1.826736197528392
2909,sample_002909,0.5716318267678627,0.06869512675165929,0.08750995472008619,-0.2428835989768281,-1.1630740707997127,-1.0579425408737437,0.7925768066314891,0.7564555552870615,0.03658494372553004,20.6766904156582
2910,sample_002910,0.1,0.1,0.01,-1.0,-1.0,-2.0,0.2973528642759947,0.7900671754075008,0.22684421001289687,3.4828624251092095
2911,sample_002911,2.819887080966916,0.07545106997415589,0.08442518745349571,0.4502317178602002,-1.1223345971000969,-1.0735279664055692,3.3650112304212514,0.755638816103558,0.22179472024658764,3.4069287819991905
2912,sample_002912,0.01,0.01,0.001,-2.0,-2.0,-3.0,0.0297352864275995,0.4722686415243398,0.02316005711740425,20.391514542917115
2913,sample_002913,1.4712906437249453,0.0300679208332059,0.0019282370286442304,0.16769847320181253,-1.5218966018923217,-2.714839581478304,1.7090190457633467,0.6143365022164817,0.19922244869453615,3.083671073426227
2914,sample_002914,1.1808882841672546,0.003792573466013721,0.0031717197427968595,0.07220881390090739,-2.4210659977329683,-2.4987051944736294,1.229603785961342,0.1079034741761972,0.04755829364852396,2.2688676547911877
2915,sample_002915,4.487436160398002,0.030640649872809615,0.025370229580483867,0.6519982832278046,-1.5137020277736997,-1.595675602739398,4.821201474246293,0.677005727412243,0.20022643460088924,3.3812005330950257
2916,sample_002916,0.1,0.1,0.01,-1.0,-1.0,-2.0,0.2973528642759947,0.7866849383960011,0.2803392245638855,2.8061893215971505
2917,sample_002917,0.01,0.01,0.001,-2.0,-2.0,-3.0,0.0297352864275995,0.5171187711365769,0.09325268328860575,5.545350041415505
2918,sample_002918,0.43671803754247607,0.005852666313798071,0.001163902397705633,-0.3597988702646262,-2.232646236215106,-2.934083437138968,0.48957910933792453,0.638311708046078,0.2527155641068133,2.5258108272915387
2919,sample_002919,0.01,0.01,0.001,-2.0,-2.0,-3.0,0.0297352864275995,0.3886931043976974,0.05154359720888134,7.541055057188029
2920,sample_002920,0.20277045535237184,0.06077473983940087,0.005638439951815035,-0.6929953235604209,-1.216276891580545,-2.2488410403496415,0.3838241364746311,0.6702569623375548,0.28990158203374267,2.3120155386373202
2921,sample_002921,0.01,0.01,0.001,-2.0,-2.0,-3.0,0.0297352864275995,0.46312361795144913,0.014142557660535434,32.74680783121625
2922,sample_002922,5.631309477427821,0.18655612026504573,0.10328092125762722,0.7506093953299819,-0.7291904986803122,-0.9859798968520206,6.883209079426522,0.6374855834867187,0.16787184047644554,3.797453948663687
2923,sample_002923,1.2583517928519579,0.00562075860904567,0.0009148899194807641,0.09980207221900805,-2.250205065660727,-3.0386311575598577,1.3259418584582905,0.8185999636685488,0.26461188260537827,3.0935873159156104
2924,sample_002924,0.1,0.1,0.01,-1.0,-1.0,-2.0,0.2973528642759947,0.7830224699363785,0.059671816357264956,13.122149077016434
2925,sample_002925,0.01,0.01,0.001,-2.0,-2.0,-3.0,0.03309297437579747,0.29694039262726757,0.01400415270201412,21.20373855853205
2926,sample_002926,0.01,0.01,0.001,-2.0,-2.0,-3.0,0.03309297437579747,0.5039628406537312,0.05488669963166568,9.181875464105714
2927,sample_002927,0.1,0.1,0.01,-1.0,-1.0,-2.0,0.33092974375797507,0.7520109241895273,0.2457765785469566,3.0597338795887445
2928,sample_002928,0.1,0.1,0.01,-1.0,-1.0,-2.0,0.33092974375797507,1.0601400862507733,0.09050434715328626,11.713692431317417
2929,sample_002929,2.508511046943893,0.022517257277402444,0.08767644562378826,0.3994160179076056,-1.647484509994348,-1.0571170646679224,2.796969242229331,1.12586402593194,0.17726905110700555,6.351159544777675
2930,sample_002930,0.01,0.01,0.001,-2.0,-2.0,-3.0,0.03309297437579747,0.35043133719892,0.07219502717568982,4.853953948187175
2931,sample_002931,0.01,0.01,0.001,-2.0,-2.0,-3.0,0.03309297437579747,0.4494652311725027,0.01699778323467757,26.442579303843473
2932,sample_002932,0.01,0.01,0.001,-2.0,-2.0,-3.0,0.03309297437579747,0.05137744919634649,0.024573642500500297,2.090754319197917
2933,sample_002933,0.01,0.01,0.001,-2.0,-2.0,-3.0,0.03309297437579747,0.1763304814030275,0.078507495275302,2.2460337167131614
2934,sample_002934,0.14089652806184824,0.009308254648007514,0.045854840151105705,-0.8510997085383272,-2.0311317441313617,-1.3386148161559408,0.20105603209340042,0.7440557558229074,0.015562112127470315,47.812003263329316
2935,sample_002935,0.01,0.01,0.001,-2.0,-2.0,-3.0,0.03309297437579747,0.7500545492846797,0.30098575954122786,2.4919934764619325
2936,sample_002936,0.01,0.01,0.001,-2.0,-2.0,-3.0,0.03309297437579747,0.5130431573983381,0.303646757959481,1.6896052533081851
2937,sample_002937,0.1,0.1,0.01,-1.0,-1.0,-2.0,0.33092974375797507,0.7508285720437806,0.027729040341451322,27.077337073270048
2938,sample_002938,0.1,0.1,0.01,-1.0,-1.0,-2.0,0.33092974375797507,0.5965136971026549,0.022660291942620606,26.324184110827904
2939,sample_002939,2.8672115588967917,0.0038875850170581247,0.001655405152034496,0.4574597388033812,-2.4103201003354,-2.7810956975021157,2.940163945458207,1.5010206378381894,0.19716075703081046,7.61318155013791
2940,sample_002940,0.03460434123998904,36.21100901159096,0.12106902045472799,-1.4608694139730254,1.558840626503308,-0.9169669713637632,36.281738518620834,2.2848998086305796,2.141736463399305,1.0668445197053094
2941,sample_002941,0.01,0.01,0.001,-2.0,-2.0,-3.0,0.02582949143052748,0.5146122774492098,0.003570421884168273,144.13206454146757
2942,sample_002942,0.01,0.01,0.001,-2.0,-2.0,-3.0,0.02582949143052748,0.5124665596282884,0.06325207120550404,8.101972786998552
2943,sample_002943,3.6847754581601193,0.008666262354567848,0.02867749245081496,0.5664110280829409,-2.0621681676653116,-1.5424588258907193,3.7522528024352395,1.5015613055627952,0.9816722152002489,1.5295954009012014
2944,sample_002944,0.6141681331163548,0.031090846070385706,0.021957678091560927,-0.21171272122209217,-1.5073674594074298,-1.6584135861407416,0.7381615621149598,0.775399812907304,0.26297384405061797,2.9485815051555195
2945,sample_002945,0.1,0.1,0.01,-1.0,-1.0,-2.0,0.2582949143052748,0.7680801868696362,0.2619522947152356,2.932137653936586
2946,sample_002946,0.21686520998649567,0.10857640362966087,0.08066759216647318,-0.6638101129131675,-0.9642645475547171,-1.093300906047249,0.4247792288019435,0.8862852855178243,0.1654607176143501,5.356469488930576
2947,sample_002947,0.1,0.1,0.01,-1.0,-1.0,-2.0,0.2582949143052748,0.6987150462050327,0.038283469770412984,18.25108984100046
2948,sample_002948,0.01,0.01,0.001,-2.0,-2.0,-3.0,0.02582949143052748,0.1957111529122329,0.04349933154983265,4.4991761008563325
2949,sample_002949,0.01,0.01,0.001,-2.0,-2.0,-3.0,0.02582949143052748,0.47172167793389175,0.055208989153664095,8.544291159197662
2950,sample_002950,0.01,0.01,0.001,-2.0,-2.0,-3.0,0.02582949143052748,0.35364672185038026,0.024042626348070823,14.709155178413228
2951,sample_002951,0.12719494071688348,0.006190015273656027,0.09546396406119115,-0.8955301627633707,-2.2083082793714253,-1.0201605358805503,0.15218935571829495,0.7449116737865771,0.17811989494354638,4.1820801321641845
2952,sample_002952,2.342041950782982,0.11426859208958019,0.11131523191378946,0.36959466991242884,-0.9420731235557103,-0.9534454045467555,2.803061649257783,0.3346616103637179,0.2731768732574363,1.2250729952836807
2953,sample_002953,0.1,0.1,0.01,-1.0,-1.0,-2.0,0.2582949143052748,0.8054905844380094,0.29900734621163416,2.6938822562168485
2954,sample_002954,3.92522200214968,0.1575349621102848,0.009168051224757456,0.5938642245416617,-0.8026230471661044,-2.037722968831381,4.600423627792388,0.7789918528127477,0.23210559503345057,3.3561959275496185
2955,sample_002955,0.01,0.01,0.001,-2.0,-2.0,-3.0,0.028075331043166868,0.10339323261554864,0.04436336779543846,2.33059927037775
2956,sample_002956,4.619221864942321,0.019753047068756767,0.006240963751742714,0.6645688222608666,-1.704365901400815,-2.204748339845625,4.7903942890221645,0.7813874873096542,0.24018540617373502,3.2532679639346935
2957,sample_002957,0.048011978802727014,0.010783964719808449,0.1607434606135549,-1.3186503943142078,-1.9672215416189904,-0.793866686069161,0.07955135678909657,0.5923001149001845,0.16863856414242367,3.5122459557942958
2958,sample_002958,0.8743844908723154,0.08753382211840209,0.00024870783317660657,-0.05829755415568538,-1.0578241078778676,-3.6043105361944665,1.2106373736958316,0.8115211770655631,0.1462008476446629,5.550728262793269
2959,sample_002959,0.1,0.1,0.01,-1.0,-1.0,-2.0,0.2807533104316685,0.5548159992353016,0.09865009934347287,5.6240794781522
2960,sample_002960,0.1,0.1,0.01,-1.0,-1.0,-2.0,0.2807533104316685,0.8009365060472897,0.2945599722533128,2.71909485840971
2961,sample_002961,0.01,0.01,0.001,-2.0,-2.0,-3.0,0.028075331043166868,0.526176277568553,0.07697297300680232,6.835857535632063
2962,sample_002962,0.1,0.1,0.01,-1.0,-1.0,-2.0,0.2807533104316685,0.797624062743602,0.29124238809447717,2.7386949680032764
2963,sample_002963,0.1621535143802879,0.003576472776820296,0.14120868625856903,-0.7900736343519297,-2.446545076343505,-0.8501385874333955,0.18420133573269834,0.759849035008407,0.060706197041192914,12.516828133589101
2964,sample_002964,0.01,0.01,0.001,-2.0,-2.0,-3.0,0.028075331043166868,0.43927073347762713,0.1504314701465482,2.920072063709115
2965,sample_002965,0.01,0.01,0.001,-2.0,-2.0,-3.0,0.028075331043166868,0.7536195814220008,0.3045455849389402,2.474570700386603
2966,sample_002966,0.1,0.1,0.01,-1.0,-1.0,-2.0,0.2807533104316685,0.7925086827139768,0.286159996811311,2.769460062709406
2967,sample_002967,0.01,0.01,0.001,-2.0,-2.0,-3.0,0.028075331043166868,1.294066512733036,0.0925791634360479,13.977945627332817
2968,sample_002968,0.01,0.01,0.001,-2.0,-2.0,-3.0,0.028075331043166868,0.33229389702191126,0.04274497213333613,7.7738709475671985
2969,sample_002969,1.933559999140749,0.09600334929010905,0.012277236969794658,0.28635765294979176,-1.017713615368356,-1.9108993615164902,2.3982114204681384,0.7766707005465011,0.23055946763918425,3.3686350358943304
2970,sample_002970,0.01,0.01,0.001,-2.0,-2.0,-3.0,0.02678425397033498,0.5178154193699782,0.06874679388787093,7.532211905249838
2971,sample_002971,0.01,0.01,0.001,-2.0,-2.0,-3.0,0.02678425397033498,0.4918206628850171,0.042565270419314835,11.554505775249197
2972,sample_002972,0.1,0.1,0.01,-1.0,-1.0,-2.0,0.2678425397033499,0.5974295188095311,0.025572519629143264,23.362168744947652
2973,sample_002973,0.01,0.01,0.001,-2.0,-2.0,-3.0,0.02678425397033498,0.5769876556677901,0.30134721678669246,1.914693826677048
2974,sample_002974,0.01,0.01,0.001,-2.0,-2.0,-3.0,0.02678425397033498,0.3550635461106776,0.05580357639028652,6.362738180567257
2975,sample_002975,0.10867691716316785,42.54667619465228,0.003807579163146204,-0.9638626897058797,1.6288656380585742,-2.4193510585079627,42.79102368719776,3.725915687645925,2.140968334822022,1.7402946260555783
2976,sample_002976,0.01,0.01,0.001,-2.0,-2.0,-3.0,0.02678425397033498,0.3974108166116947,0.048467155631095715,8.199590246982073
2977,sample_002977,0.01,0.01,0.001,-2.0,-2.0,-3.0,0.02678425397033498,0.5463107302762935,0.028410514356154885,19.229174221477624
2978,sample_002978,0.1,0.1,0.01,-1.0,-1.0,-2.0,0.2678425397033499,1.4562068167995288,0.9878618723091077,1.4740996262925645
2979,sample_002979,0.050259966064310116,0.018359661519957896,0.0018574254598663178,-1.2987778089803674,-1.736135329745319,-2.731088605841032,0.09195023169161748,0.7438279658672275,0.011705755783773272,63.54377962492052
2980,sample_002980,0.01,0.01,0.001,-2.0,-2.0,-3.0,0.02678425397033498,0.45667194938928485,0.007671985819974586,59.52460811388695
2981,sample_002981,0.01,0.01,0.001,-2.0,-2.0,-3.0,0.02678425397033498,0.5851982663468934,0.13562786566170204,4.314734759644153
2982,sample_002982,5.7182492571665,0.026774316288699467,0.017140403799470526,0.757263082230895,-1.5722816105366761,-1.7659789510349828,5.94150851001123,0.7614701695073902,0.23370906296666516,3.2581970071738366
2983,sample_002983,3.14769758030009,0.06628953558767404,0.0007485848200322676,0.49799300020672455,-1.1785550235592837,-3.1257589838513913,3.5350679256029363,0.3800723865535093,0.2599090283070027,1.4623285271359272
2984,sample_002984,2.1360040595351903,0.010949428890550093,0.0076179996580695575,0.32960207374605854,-1.9606085325271518,-2.118159051168182,2.2258444924727927,0.7627801300418795,0.2664634428673116,2.8626070497096827
2985,sample_002985,0.1,0.1,0.01,-1.0,-1.0,-2.0,0.3069690538389501,0.6149976185527041,0.02380655663800941,25.833119333637796
2986,sample_002986,0.01,0.01,0.001,-2.0,-2.0,-3.0,0.030696905383895016,0.667468545703297,0.0858647431497761,7.773487944161368
2987,sample_002987,0.1,0.1,0.01,-1.0,-1.0,-2.0,0.3069690538389501,0.762735878796466,0.2562231042457927,2.9768427052729005
2988,sample_002988,0.1,0.1,0.01,-1.0,-1.0,-2.0,0.3069690538389501,0.7709760204406237,0.26458717955039035,2.913882757852189
2989,sample_002989,0.06578779051256547,0.05150423229487215,0.02292545426991528,-1.1818546991677037,-1.288157081894994,-1.6396820499888962,0.18109735919556452,1.8376396167493372,0.31779041689108734,5.782552018801531
2990,sample_002990,0.01,0.01,0.001,-2.0,-2.0,-3.0,0.030696905383895016,0.7523620887655507,0.3033257591233524,2.4803765131585487
2991,sample_002991,4.310090290459661,0.00477173674516596,0.05801017332393716,0.6344863681277086,-2.3213235241960533,-1.236495836936867,4.362378607487367,0.7792635059552571,0.2104506502178586,3.702832493739331
2992,sample_002992,0.1,0.1,0.01,-1.0,-1.0,-2.0,0.3069690538389501,0.5262555238931189,0.3175427286277642,1.6572746797487397
2993,sample_002993,8.806255756418135,0.012504266885704798,0.3113178422348422,0.9447912943404226,-1.9029417654949516,-0.506795988337454,8.941971227910825,0.7848890754783691,0.2754994121545191,2.8489682404046257
2994,sample_002994,0.1,0.1,0.01,-1.0,-1.0,-2.0,0.3069690538389501,0.9079578716493559,0.3994892188358054,2.272796933782929
2995,sample_002995,0.1,0.1,0.01,-1.0,-1.0,-2.0,0.3069690538389501,1.548601842207873,0.18464290760426458,8.387009619275004
2996,sample_002996,0.1,0.1,0.01,-1.0,-1.0,-2.0,0.3069690538389501,6.370644723138698,5.804275114034511,1.097578008963553
2997,sample_002997,0.01,0.01,0.001,-2.0,-2.0,-3.0,0.030696905383895016,0.4853548587679597,0.03617789893899355,13.41578347560783
2998,sample_002998,0.12842294932110662,0.08438213293866004,0.006618352783552845,-0.8913573604343679,-1.0737495010946594,-2.1792500869998523,0.3284709397527925,0.31118299862340515,0.0397179551520745,7.834819225509696
2999,sample_002999,0.8716038955625784,0.0016881500482957838,0.06706513018981662,-0.05968083737765095,-2.7725889544812485,-1.1735032280036846,0.8896285082419151,0.7497076694854088,0.10971330125917556,6.833334343976904
